ID,Language_ID,Parameter_ID,Value,Comment,Source,Curated
1,aben1249,GB409_1,1,"Overt ABS markers: particles ye/ti for NPs, Class I pronouns (ako, ka, ya, hila) for persons (Chart 1, p.1; Chart 2, p.3).",Nitsch 2009: 1-5,True
2,aben1249,GB409_2,1,Class I (ABS): ako (1sg); Class II (ERG): ko. Clear ABS/ERG distinction on 1st person pronouns.,"Nitsch 2009: 3-4, 6",True
3,aben1249,GB409_3,1,Class I (ABS): ka (2sg); Class II (ERG): mo. Clear ABS/ERG distinction.,"Nitsch 2009: 3-5, 19",True
4,aben1249,GB409_4,1,"Class I (ABS): ya (3sg), hila (3pl); Class II (ERG): na (3sg), la (3pl). Clear ABS/ERG distinction.","Nitsch 2009: 3-5, 7",True
5,aben1249,GB409_5,1,ABS particle ye/ti vs. ERG particle nin/ne for full NPs; consistent ERG alignment on full NPs.,"Nitsch 2009: 1, 5",True
6,aben1249,GB409_6,1,ERG alignment in progressive/imperfective aspect (aN- prefix); agent takes Class II (ERG).,"Nitsch 2009: 4-5, 24",True
7,aben1249,GB409_7,1,ERG alignment in perfective aspect (-in- infix); agent takes Class II (ERG).,"Nitsch 2009: 12, 24",True
8,aben1249,GB409_8,1,Past events (na- prefix) maintain ERG alignment.,"Nitsch 2009: 12, 21",True
9,aben1249,GB409_9,1,Non-past/future (m- prefix) clauses maintain ERG alignment.,"Nitsch 2009: 4-5, 23",True
10,aben1249,GB409_10,1,Indicative declaratives consistently show ERG alignment.,"Nitsch 2009: 1, 3-5, 12",True
11,aben1249,GB409_11,1,Imperatives and other non-indicative forms maintain ERG alignment.,"Nitsch 2009: 1, 3, 5, 12, 19",True
12,aben1249,GB409_12,1,Completed/realis clauses maintain ERG alignment.,"Nitsch 2009: 5, 12, 23",True
13,aben1249,GB409_13,1,"Irrealis (future, imperative, purpose) maintains ERG alignment.","Nitsch 2009: 5, 7, 12, 19",True
14,aben1249,GB409_14,1,Agentive A (volitional actors) takes Class II (ERG) pronouns or ERG particle nin.,"Nitsch 2009: 5, 7, 12",True
15,aben1249,GB409_15,?,Source does not discuss non-agentive/experiencer A; insufficient data to determine.,Nitsch 2009: in passim,True
16,aben1249,GB409_16,0,"In Philippine-type system, topical argument is always in ABS; A is always non-topical and ERG. GB409_16=0 is the canonical pattern.","Nitsch 2009: 4, 6, 9",True
17,aben1249,GB409_17,1,Non-topical A takes nin/Class II (ERG) consistently in all transitive examples.,"Nitsch 2009: 1, 3, 5-6",True
18,aben1249,GB409_18,1,All animate A in examples take ERG case.,"Nitsch 2009: 4-5, 12",True
19,aben1249,GB409_19,?,No examples of inanimate A in this source; insufficient data.,Nitsch 2009: in passim,True
20,aben1249,GB409_20,1,Main clauses consistently show ERG alignment.,"Nitsch 2009: 1, 3-5",True
21,aben1249,GB409_21,1,"Subordinate clauses maintain ERG alignment (p.6, 19).","Nitsch 2009: 6, 19",True
22,aben1249,GB409_22,1,"Personal demonstrative pronouns never take ERG because their inherent definiteness requires them to be the absolutive argument (§1.3.1, p.6). Definiteness-based conditioning of ERG.",Nitsch 2009: 6,True
23,aben1249,GB409_23,1,Chart 1 (p.1) labels nin as 'ERG/GEN'; Class II pronouns used for both agent (ERG) and possessive (GEN) functions (pp.9-10).,"Nitsch 2009: 1-3, 5",True
24,aben1249,GB409_24,1,"Instrumental adverbs are case-marked with nin (the ERG/GEN marker): antoyhoken lan etak 'they are stabbing with machete' where etak (machete) = instrument marked with nin (§3.2.4, p.23).",Nitsch 2009: 23,True
25,achi1257,GB409_1,0,There is no explicit marker for the absolutive case.,"Asyik 1987: 133, 224-226, 229",False
26,achi1257,GB409_2,0,Argument marking follows a nominative-accusative alignment and is carried out through pronominal clitics indexed on the verb.,"Asyik 1987: 41, 133, 221, 231",False
27,achi1257,GB409_3,0,Argument marking follows a nominative-accusative alignment and is carried out through pronominal clitics indexed on the verb.,"Asyik 1987: 41, 44, 145, 269",False
28,achi1257,GB409_4,0,Argument marking follows a nominative-accusative alignment and is carried out through pronominal clitics indexed on the verb.,"Asyik 1987: 41, 130, 164, 229",False
29,achi1257,GB409_5,0,"The alignment is nominative-accusative; the arguments S and A are treated the same, without any case marking in the noun phrase.","Asyik 1987: 225, 230",False
30,achi1257,GB409_6,0,The alignment is nominative-accusative in all the aspectual constructions described.,Asyik 1987: 167-168,False
31,achi1257,GB409_7,0,The alignment is nominative-accusative in all the aspectual constructions described.,"Asyik 1987: 130, 166-168",False
32,achi1257,GB409_8,0,The alignment is nominative-accusative regardless of tense.,"Asyik 1987: 133, 166-167, 229",False
33,achi1257,GB409_9,0,The alignment is nominative-accusative regardless of tense.,Asyik 1987: 166-169,False
34,achi1257,GB409_10,0,The alignment is nominative-accusative in clauses in the indicative mood.,"Asyik 1987: 167, 225, 229, 285",False
35,achi1257,GB409_11,0,The alignment is nominative-accusative in clauses in the non-indicative mood.,"Asyik 1987: 142, 145, 170,  281-282, 285",False
36,achi1257,GB409_12,0,"There is no ergative alignment in clauses with realis status, the alignment is nominative-accusative.","Asyik 1987: 130, 164, 167",False
37,achi1257,GB409_13,0,"There is no ergative alignment in clauses with irrealis status, the alignment is nominative-accusative.","Asyik 1987: 169, 170, 175",False
38,achi1257,GB409_14,0,"The distinction of agentivity is manifested in the indexing of verbal clitics, not in the marking of NPs.","Asyik 1987: 225, 230",False
39,achi1257,GB409_15,0,"The distinction of agentivity is manifested in the indexing of verbal clitics, not in the marking of NPs.","Asyik 1987: 167, 225, 259",False
40,achi1257,GB409_16,0,Marking for topical A arguments is done through a nominative-accusative alignment (with the particle di).,Asyik 1987: 217-218,False
41,achi1257,GB409_17,0,Alignment is marked by indexing the verb; in non-topical contexts  not induce ergative alignment.,"Asyik 1987: 164, 225",False
42,achi1257,GB409_18,0,The inanimacy of argument A does not induce ergative alignment.,"Asyik 1987: 154, 225, 229, 238",False
43,achi1257,GB409_19,0,The animacy of argument A does not induce ergative alignment.,Asyik 1987: 238-239,False
44,achi1257,GB409_20,0,"In main clauses, the alignment is neutral.","Asyik 1987: 218, 225, 229, 453",False
45,achi1257,GB409_21,0,"In no-main clauses, the alignment is neutral.","Asyik 1987: 225, 326-327, 384",False
46,achi1257,GB409_22,0,There is no factor that conditions an ergative alignment in the marking of nominal phrases (flagging).,"Asyik 1987: 44, 167, 257",False
47,achi1257,GB409_23,0,It has no ergative case marker (flagging). The genitive marker is an enclitic attached to the noun.,Asyik 1987: 44,False
48,achi1257,GB409_24,0,The ergative case does not have the same marker as the instrumental or comitative marker.,Asyik 1987: 440,False
49,adny1235,GB409_1,0,There is no explicit marker for the absolutive case.,,True
50,adny1235,GB409_2,1,"A split ergativity system is presented. In the singular, the first-person pronoun follows an ergative pattern. However, in the dual and plural forms, the pronouns follow a nominative-accusative pattern.",,True
51,adny1235,GB409_3,1,"A split ergativity system is presented. In the singular, the first-person pronoun follows an ergative pattern. However, in the dual and plural forms, the pronouns follow a nominative-accusative pattern.",,True
52,adny1235,GB409_4,1,"A split ergativity system is presented. In the singular, the first-person pronoun follows an ergative pattern. However, in the dual and plural forms, the pronouns follow a nominative-accusative pattern.",,True
53,adny1235,GB409_5,1,"The argument A is marked with the ergative suffixes -qa or -lu, while the arguments S and P are marked with a zero suffix (Ø).",,True
54,adny1235,GB409_6,1,Ergative alignment is maintained regardless of the verbal aspect.,,True
55,adny1235,GB409_7,1,Ergative alignment is maintained in the perfective aspect.,,True
56,adny1235,GB409_8,1,Verbal suffixes indicating past tense do not affect the ergative-absolutive case marking system in noun phrases.,,True
57,adny1235,GB409_9,1,"Ergative alignment holds in non-past tenses, such as the present and the future/hypothetical.",,True
58,adny1235,GB409_10,1,The indicative mood uses ergative-absolutive alignment.,,True
59,adny1235,GB409_11,1,Ergative alignment is maintained in non-indicative moods such as the cohortative and imperative.,,True
60,adny1235,GB409_12,1,Ergative alignment is the default system for declarative clauses that describe real events (status realis).,,True
61,adny1235,GB409_13,1,Ergative alignment is maintained in irrealis contexts.,,True
62,adny1235,GB409_14,1,Ergative alignment is maintained in clauses with an agentive argument A.,,True
63,adny1235,GB409_15,1,Ergative alignment holds even for non-agentive A arguments.,,True
64,adny1235,GB409_16,1,The ergative alignment is clear and holds for A arguments that are topical or the main focus of the sentence.,,True
65,adny1235,GB409_17,1,Ergative alignment holds even when argument A is not the topic of the sentence.,,True
66,adny1235,GB409_18,1,Ergative alignment is maintained when argument A is animate.,,True
67,adny1235,GB409_19,1,Ergative alignment is maintained when argument A is inanimate.,,True
68,adny1235,GB409_20,1,"In the main clauses, the alignment is ergative-absolutive.",,True
69,adny1235,GB409_21,1,Ergative alignment is maintained in non-main (subordinate) clauses.,,True
70,adny1235,GB409_22,1,"Alignment is primarily determined by pronominality and number, demonstrating a split ergativity system.",,True
71,adny1235,GB409_23,0,The marker used for the ergative and the marker for the genitive do not have the same form.,,True
72,adny1235,GB409_24,1,The ergative case has the same mark as the instrumental and comitative marker.,,True
73,aghu1254,GB409_1,0,There is no explicit marker for the absolutive case.,,True
74,aghu1254,GB409_2,0,"First-person pronouns do not have an ergative pattern, but rather a nominative-accusative pattern. It also has a split ergativity system, where nouns follow an ergative-absolutive pattern and pronouns a nominative-accusative pattern.",,True
75,aghu1254,GB409_3,0,Second-person pronouns follow a nominative-accusative pattern.,,True
76,aghu1254,GB409_4,0,"Third-person pronouns follow a nominative-accusative pattern, unlike nouns.",,True
77,aghu1254,GB409_5,1,"Full NP's  display ergative-absolutive alignment. The argument A is marked with the ergative case, while the arguments S and P remain unmarked.",,True
78,aghu1254,GB409_6,1,The ergative alignment is maintained in the imperfective aspect.,,True
79,aghu1254,GB409_7,1,The ergative alignment is maintained in the perfective aspect.,,True
80,aghu1254,GB409_8,1,"Ergative alignment is maintained in clauses in the past tense. This is expressed by the suffix -n for ""non-future"" (which covers both the present and the past).",,True
81,aghu1254,GB409_9,1,Ergative alignment is maintained in non-past tense clauses (present and future).,,True
82,aghu1254,GB409_10,1,Ergative alignment is maintained in clauses of the indicative mood.,,True
83,aghu1254,GB409_11,?,"Based on the information provided in the document, it is not possible to determine this feature with certainty.",,True
84,aghu1254,GB409_12,1,Ergative alignment is maintained in clauses with realis status.,,True
85,aghu1254,GB409_13,1,Ergative alignment is maintained in clauses with irrealis status.,,True
86,aghu1254,GB409_14,1,"Ergative alignment applies specifically to agentive A arguments. The ergative case marks volitional initiators of transitive actions, such as humans or animals.",,True
87,aghu1254,GB409_15,0,"Non-agentive and inanimate causes of actions do not receive the ergative suffix, but are marked with the instrumental case or appear in the absolutive in special constructions.",,True
88,aghu1254,GB409_16,?,"Based on the information provided in the document, it is not possible to determine this feature with certainty.",,True
89,aghu1254,GB409_17,?,"Based on the information provided in the document, it is not possible to determine this feature with certainty.",,True
90,aghu1254,GB409_18,1,"Ergative alignment applies consistently to animate agents, both human and non-human.",,True
91,aghu1254,GB409_19,0,Ergative alignment does not apply to inanimate agents.,,True
92,aghu1254,GB409_20,1,There is ergative alignment in the marking in main clauses.,,True
93,aghu1254,GB409_21,1,"Ergative alignment is maintained in subordinate clauses. Evidence of this is found in constructions formed by nominalizing a verb, where the agent of the transitive verb retains the ergative marker.",,True
94,aghu1254,GB409_22,1,"The marking system is not purely ergative, but rather presents split ergativity conditioned by the type of nominal phrase: the pronouns follow a nominative-accusative pattern, while the nouns follow an ergative-absolutive one.",,True
95,aghu1254,GB409_23,0,"The ergative and genitive markers have different forms. The ergative is marked with suffixes such as /-ogə/ or /-əl/, while the nominal genitive is marked with /-nh/.",,True
96,aghu1254,GB409_24,1,"The ergative case has the same mark as the instrumental case, but is different from the comitative case.",,True
97,agus1235,GB409_1,1,There is an explicit marker for the absolutive case.,,True
98,agus1235,GB409_2,1,"An ergative alignment is presented, where the absolutive marking is -'a (1sg), kámi (1pl); while the ergative/genitive marking is -ko (1sg), -(ka)námi (1pl).",,True
99,agus1235,GB409_3,1,"An ergative alignment is presented, where the absolutive markers are -ka/sikúna (2nd sg), sikándan (2nd pl); while the ergative/genitive markers are -no (2nd sg), -(kán)dan (2nd pl).",,True
100,agus1235,GB409_4,1,"An ergative alignment is presented, where the absolutive markings are sikándin (3 sg), sikándan (3 pl); while the ergative/genitive markings are -din/sikándin (3 sg), -(kán)dan (3 pl).",,True
101,agus1235,GB409_5,1,"The alignment is split: proper names are ergative (si/ni), but common names are not.",,True
102,agus1235,GB409_6,1,"The continuous aspect, marked with the verbal affix paN-, maintains the ergative marking.",,True
103,agus1235,GB409_7,1,"The ""factual tense"" corresponds to the perfective aspect, consistently using the ergative alignment.",,True
104,agus1235,GB409_8,1,"Ergative marking is consistently applied in the ""factual tense"", which is interpreted  as past.",,True
105,agus1235,GB409_9,1,The “non-factual” (future) tense maintains the same ergative marking system.,,True
106,agus1235,GB409_10,1,Ergative alignment is the pattern for declarative (indicative) clauses.,,True
107,agus1235,GB409_11,1,Ergative alignment is maintained in imperative and modal negation constructions.,,True
108,agus1235,GB409_12,1,"The ""factual tense"" corresponds to the realis status and consistently uses ergative marking.",,True
109,agus1235,GB409_13,1,"The ""non-factual tense"" that corresponds to the irrealis maintains the ergative pattern.",,True
110,agus1235,GB409_14,1,Arguments (A) are agentive and consistently receive the ergative mark.,,True
111,agus1235,GB409_15,1,"The experiencer of perception verbs (non-agentive A) is marked with the ergative case, maintaining alignment.",,True
112,agus1235,GB409_16,0,"When the agent (A) is the topic, the alignment changes to nominative-accusative (A=S).",,True
113,agus1235,GB409_17,1,"In the ""passive"" construction, the agent (A) is inherently non-topic and is marked with the genitive case.",,True
114,agus1235,GB409_18,1,Agents (A) that are animated follow the ergative pattern.,,True
115,agus1235,GB409_19,?,"Based on the information provided in the document, it is not possible to determine this feature with certainty.",,True
116,agus1235,GB409_20,1,Ergative alignment is the fundamental pattern described for the structure of main clauses.,,True
117,agus1235,GB409_21,1,"In nominalizations with pag-, the subject (S/P) is transformed into a genitive phrase, maintaining the alignment.",,True
118,agus1235,GB409_22,?,"Based on the information provided in the document, it is not possible to determine this feature with certainty.",,True
119,agus1235,GB409_23,1,The marker for the agent (A) and the possessor is identical .,,True
120,agus1235,GB409_24,0,The ergative case does not have the same marker as the instrumental or comitative marker.,,True
121,ahin1234,GB409_1,1,There is an explicit marker for the absolutive case.,Santiago 2013: 9,True
122,ahin1234,GB409_2,1,"First-person pronouns display ergative alignment, with distinct forms for the absolutive (-ak, kami) and ergative (-ko, -mi).",Santiago 2013: 10,True
123,ahin1234,GB409_3,1,"Second-person pronouns display ergative alignment, with distinct forms for the absolutive (-ka, kayo) and ergative (-m/-mo, -yo).",Santiago 2013: 10,True
124,ahin1234,GB409_4,1,"Third-person pronouns display ergative alignment, with distinct forms for the absolutive (ø, ida) and ergative (-to, da).",Santiago 2013: 10,True
125,ahin1234,GB409_5,1,"Full NP's show ergative alignment, with distinct markers for the absolutive (hi, i) and the ergative (ni hi, ni).",Santiago 2013: 9,True
126,ahin1234,GB409_6,1,Ergative alignment is maintained in the imperfective aspect.,Santiago 2013: 17-19,True
127,ahin1234,GB409_7,1,Ergative alignment is present in the perfective aspect.,Santiago 2013: 5-7,True
128,ahin1234,GB409_8,1,"The document uses the term ""perfective aspect"" to refer to actions completed in the past. Ergative alignment is present in perfective constructions.",Santiago 2013: 5-7,True
129,ahin1234,GB409_9,1,"The imperfective and prospective aspects, which correspond to non-past tenses, maintain the ergative-absolutive marking system.","Santiago 2013: 5-7, 17-19",True
130,ahin1234,GB409_10,1,There is an ergative alignment in the marking of arguments in the indicative mood.,Santiago 2013: 17,True
131,ahin1234,GB409_11,1,The imperative mood also uses the ergative marking system.,Santiago 2013: 21,True
132,ahin1234,GB409_12,1,The status realis shows a clear ergative alignment.,Santiago 2013: 17-19,True
133,ahin1234,GB409_13,1,Ergative alignment is maintained in irrealis status constructions.,"Santiago 2013: 5, 21",True
134,ahin1234,GB409_14,1,Agentive A (transitive agent with volitional control) consistently takes the ergative marker 'ni' throughout the document. The canonical transitive constructions documented in Santiago (2013) all involve agentive A with ergative marking.,Santiago 2013: 5-7,True
135,ahin1234,GB409_15,?,"Based on the information provided in the document, it is not possible to determine this feature with certainty.",Santiago 2013: in passim,True
136,ahin1234,GB409_16,0,"When the agent (A) is the topic of the sentence, it is marked with the absolutive case.","Santiago 2013: 5, 9",True
137,ahin1234,GB409_17,1,"When the agent (A) is not the topic, it is consistently marked with the ergative case.","Santiago 2013: 6-7, 9",True
138,ahin1234,GB409_18,1,Transitive agents (A) that are animated follow the ergative pattern.,"Santiago 2013: 17, 21, 26",True
139,ahin1234,GB409_19,?,"Based on the information provided in the document, it is not possible to determine this feature with certainty.",Santiago 2013: in passim,True
140,ahin1234,GB409_20,1,The main clauses demonstrate ergative alignment.,"Santiago 2013: 17-19, 21, 26",True
141,ahin1234,GB409_21,1,"Ergative marking on non-topical A (marker 'ni') applies in subordinate and nominalized constructions documented in Santiago (2013), consistent with the general Philippine-type system.",Santiago 2013: 17-19,True
142,ahin1234,GB409_22,1,The recent perfective aspect has a particular marking system that differs from other aspectual constructions.,"Santiago 2013: 28-30, 41",True
143,ahin1234,GB409_23,1,"The marker 'ni' is used for the ergative of common nouns, and ergative pronouns also function as possessives.",Santiago 2013: 9-10,True
144,ahin1234,GB409_24,?,"Based on the information provided in the document, it is not possible to determine this feature with certainty.",Santiago 2013: in passim,True
145,aime1238,GB409_1,1,There is an explicit marker for the absolutive case.,Aiton 2016: 176-179,True
146,aime1238,GB409_2,1,"First-person pronouns show split ergative alignment, since the pronoun naːnaː (non-volitional) is used for both the S-argument and the P-argument, while nɛː is employed for the A-argument.","Aiton 2016: 117, 119, 177",True
147,aime1238,GB409_3,1,Second-person pronouns exhibit split ergative alignment.,"Aiton 2016: 117, 119",True
148,aime1238,GB409_4,0,"Third-person pronouns do not exhibit ergative alignment, as there is only one form (ɛː) that is used for both A and S, following a nominative-accusative pattern.","Aiton 2016: 80, 117, 270",True
149,aime1238,GB409_5,1,Full NP's exhibit ergative-absolutive alignment.,"Aiton 2016: 176-177, 179",True
150,aime1238,GB409_6,1,"Ergative marking can appear in clauses with imperfective aspect, since the case system remains active regardless of verbal aspect.",Aiton 2016: 79,True
151,aime1238,GB409_7,1,Ergative alignment is evident in clauses with perfective aspect.,"Aiton 2016: 177, 179, 231",True
152,aime1238,GB409_8,1,"Ergative alignment consistently appears in past-tense clauses, where transitive subjects are marked ergatively for pragmatic reasons, without distinction between types of past tense.","Aiton 2016: 177, 179, 360",True
153,aime1238,GB409_9,1,Ergative alignment also appears in non-past tenses.,Aiton 2016: 129,True
154,aime1238,GB409_10,1,"In the indicative mood, ergative alignment is the primary marking strategy in transitive clauses.","Aiton 2016: 177, 179, 360",True
155,aime1238,GB409_11,1,Ergative alignment also appears in non-indicative moods.,"Aiton 2016: 129, 248",True
156,aime1238,GB409_12,1,"In the realis status, ergative alignment is common, although its use depends on pragmatic factors.","Aiton 2016: 79, 177",True
157,aime1238,GB409_13,1,Ergative alignment also occurs in irrealis status.,"Aiton 2016: 129, 248",True
158,aime1238,GB409_14,1,Ergative alignment prototypically applies to agentive A arguments.,"Aiton 2016: 177, 179",True
159,aime1238,GB409_15,0,Ergative alignment does not apply to non-agentive A-arguments. Inanimate or uncontrolled causes are marked with the instrumental case (-kɛi).,"Aiton 2016: 185, 193",True
160,aime1238,GB409_16,1,"Ergative alignment does hold for topical A-arguments, since topicality does not interfere with case marking.",Aiton 2016: 188,True
161,aime1238,GB409_17,1,"Ergative alignment occurs when argument A is not topical, since in these contexts ergative marking serves a disambiguative function.",Aiton 2016: 360-361,True
162,aime1238,GB409_18,1,"Ergative alignment is primarily seen in animate arguments A, which typically play agentive and volitional roles.","Aiton 2016: 177, 179, 360",True
163,aime1238,GB409_19,0,"Inanimate agents are marked with the instrumental case, reserving the ergative for prototypically animate agents.","Aiton 2016: 185, 363",True
164,aime1238,GB409_20,1,"Ergative alignment is clearly evident in main clauses, where the A argument of a transitive clause is marked ergatively, and the S and O arguments are marked with the absolutive.","Aiton 2016: 179, 360",True
165,aime1238,GB409_21,1,"Ergative alignment also appears in non-main clauses, such as relative or dependent clauses.",Aiton 2016: 315,True
166,aime1238,GB409_22,1,"Its use is optional and is conditioned by pragmatic factors to avoid ambiguity, such as the non-canonical order of constituents and the contrastive focus.","Aiton 2016: 179, 360 -361",True
167,aime1238,GB409_23,0,"The ergative and the genitive are not generally expressed with the same marker, although there is a case of homophony in a specific context.","Aiton 2016:  80, 123, 178, 186",True
168,aime1238,GB409_24,0,The ergative case does not have the same marker as the instrumental or comitative marker.,"Aiton 2016: 174, 178, 185",True
169,akun1241,GB409_1,1,"Dependent pronoun clitics (o=, e=, i=) function as absolutive markers cross-referenced on the verb.",Aragon 2014: 204,True
170,akun1241,GB409_2,1,1sg: on (independent/ERG) vs. o= (dependent/ABS); ergative alignment on 1st person.,Aragon 2014: 178-182,True
171,akun1241,GB409_3,1,2sg: en (independent/ERG) vs. e= (dependent/ABS); ergative alignment on 2nd person.,Aragon 2014: 178-182,True
172,akun1241,GB409_4,0,3rd person is three-way: independent te for A; dependent i= for P; coreferential te= for S. No clean ERG-ABS split.,"Aragon 2014: 178-182, 204-206",True
173,akun1241,GB409_5,0,"Explicitly stated: 'there are no nominative, ergative or absolutive case markers as affixes on nouns' (p.153). Full NPs carry zero case marking.","Aragon 2014: 153, 194, 198, 202",True
174,akun1241,GB409_6,1,Imperfective (marked -ra) clauses maintain ERG-ABS alignment with pronominal arguments.,Aragon 2014: 223-224,True
175,akun1241,GB409_7,1,Perfective (unmarked verb) clauses also maintain ERG-ABS alignment.,Aragon 2014: 222-231,True
176,akun1241,GB409_8,1,Past events expressed with unmarked verb form; ERG-ABS alignment maintained.,Aragon 2014: 222,True
177,akun1241,GB409_9,1,Future clauses (projective marker kom) maintain ERG alignment.,Aragon 2014: 226-228,True
178,akun1241,GB409_10,1,Indicative clauses maintain ERG-ABS alignment.,Aragon 2014: 233,True
179,akun1241,GB409_11,1,Interrogative mood maintains ERG alignment; imperative shifts to NOM-ACC pattern (absolutive-clitic subjects).,Aragon 2014: 234-235,True
180,akun1241,GB409_12,1,Realis clauses are consistently ERG-ABS.,Aragon 2014: 232,True
181,akun1241,GB409_13,1,Future tense (irrealis) and interrogatives (irrealis-like) maintain ERG alignment.,"Aragon 2014: 226, 334",True
182,akun1241,GB409_14,1,Agentive A arguments take independent ergative pronouns (on/en/te); S and P take dependent absolutive clitics.,"Aragon 2014: 182, 286",True
183,akun1241,GB409_15,0,"Experiencer/non-agentive predicates (fear, hear) are INTRANSITIVE in Akuntsu; their single argument takes the absolutive dependent clitic, not the ergative independent pronoun (e=pip 'you are afraid', o=apinom 'I hear'). Corrected from original value of 1.","Aragon 2014: 181, 196",True
184,akun1241,GB409_16,1,Topical A (1st/2nd person) take independent ERG pronouns consistently.,Aragon 2014: 181-182,True
185,akun1241,GB409_17,1,Non-topical A in transitive clauses also uses independent pronouns.,Aragon 2014: 254-255,True
186,akun1241,GB409_18,1,Animate pronominal A (humans) take independent ERG pronouns.,"Aragon 2014: 181-182, 201",True
187,akun1241,GB409_19,0,Ergativity is limited to pronominal arguments; inanimate A (full NPs) follow neutral alignment.,Aragon 2014: 153,True
188,akun1241,GB409_20,1,Main clause transitive constructions consistently show ERG-ABS alignment.,Aragon 2014: 181-182,True
189,akun1241,GB409_21,?,"Aragon (2014: 205, fn.114) explicitly states: 'Additional aspects of ergativity, particularly in complex sentences, is still under investigation.'",Aragon 2014: 205 fn.114,True
190,akun1241,GB409_22,1,"Split ergativity conditioned by: (1) pronoun vs. full NP status, (2) person hierarchy (1/2 > 3), (3) patient animacy, (4) verbal mood.","Aragon 2014: 153, 179, 205, 234",True
191,akun1241,GB409_23,0,Ergative = independent pronouns (on/en/te); genitive = dependent pronouns (o=/e=/i=). Different paradigm sets.,"Aragon 2014: 160, 178-179, 201, 204",True
192,akun1241,GB409_24,0,"Instrumental = oblique clitic =(b)o (p.154); comitative = postposition ete (pp.156, 159). Both distinct from independent ERG pronouns.","Aragon 2014: 154, 156, 159",True
193,alba1269,GB409_1,1,"Trigger case (absolutive) overtly marked throughout: pronouns have dedicated trigger forms (ako, ka, siya); NPs take an/su.","Fincke 2002: 57, 68, 79, 81, 84, 89",True
194,alba1269,GB409_2,1,"Pronoun table (p.81, Fig.11) shows clear ABS/ERG distinction for all persons. 1sg: ako (T) vs. ko (ERG).","Fincke 2002: 70, 81, 83",True
195,alba1269,GB409_3,1,2sg: ka/ika (T) vs. mo (ERG). Clear ABS/ERG distinction.,"Fincke 2002: 68, 81, 128",True
196,alba1269,GB409_4,1,3sg: siya (T) vs. niya (ERG). Clear ABS/ERG distinction.,"Fincke 2002: 76, 81, 146",True
197,alba1269,GB409_5,1,Personal names take si (T) vs. ni (ERG); full NPs take an/su (T) vs. ki/kan (non-trigger/ERG).,"Fincke 2002: 84-86, 89-91",True
198,alba1269,GB409_6,1,"Imperfective (CV- reduplication) and perfective (-in-, pig-) both show consistent ERG alignment.","Fincke 2002: 57, 69, 193, 203",True
199,alba1269,GB409_7,1,Perfective clauses consistently show ERG alignment.,"Fincke 2002: 70, 193, 203",True
200,alba1269,GB409_8,1,ERG alignment maintained in past-tense ('commenced tense') constructions.,"Fincke 2002: 61, 219",True
201,alba1269,GB409_9,1,ERG alignment maintained in non-past ('non-commenced tense') constructions.,"Fincke 2002: 47, 63-64, 193",True
202,alba1269,GB409_10,1,All declarative/indicative clauses show ERG alignment.,"Fincke 2002: 61, 91",True
203,alba1269,GB409_11,1,"Non-indicative moods (commands, irrealis) maintain ERG alignment.","Fincke 2002: 72, 145",True
204,alba1269,GB409_12,1,Realis clauses maintain ERG alignment.,"Fincke 2002: 69, 203",True
205,alba1269,GB409_13,1,"Irrealis (negation, conditionals with kon, past counterfactuals) maintain ERG alignment.","Fincke 2002: 47, 49, 72",True
206,alba1269,GB409_14,1,Canonical agentive A consistently marked with ERG ko/ni/kan.,"Fincke 2002: 68, 86, 145",True
207,alba1269,GB409_15,1,"Perceptual and cognitive experiencers also take ERG: na-iling ko ito 'I saw that' (p.82-83, ex.76); ma-ma-mati' ito ni Andres 'Andres will hear that' (ex.84). Non-agentive A takes ERG.","Fincke 2002: 60, 83, 86",True
208,alba1269,GB409_16,0,Topical/trigger argument is always in ABS (trigger case); A is always non-trigger/ERG. GB409_16=0 is the canonical Philippine-type pattern.,"Fincke 2002: 46, 56-57",True
209,alba1269,GB409_17,1,All non-topical A arguments are ERG; every transitive example shows this pattern.,"Fincke 2002: 83, 86, 91",True
210,alba1269,GB409_18,1,Animate A (human agents and experiencers) consistently take ERG.,"Fincke 2002: 86, 91, 145",True
211,alba1269,GB409_19,?,No examples of inanimate A in transitive clauses in this source; value unresolvable.,Fincke 2002: in passim,True
212,alba1269,GB409_20,1,Main clauses show ERG alignment throughout.,"Fincke 2002: 57, 68",True
213,alba1269,GB409_21,1,"Subordinate/complement/relative clauses preserve ERG marking (pp.68, 110).","Fincke 2002: 68, 110",True
214,alba1269,GB409_22,1,"In conditional pag-clauses (p.113, ex.142), S argument takes ERG instead of expected ABS. This split intransitivity is variably present (Fincke qualifies optionality).",Fincke 2002: 113,True
215,alba1269,GB409_23,1,ERG marker (ko/ni/kan) also marks possession (p.99: su kamot ko 'my hand'; ni Mamay as possessor). Canonical Philippine ERG=GEN syncretism.,"Fincke 2002: 81, 84, 86, 91, 99-100",True
216,alba1269,GB409_24,?,Source does not identify an instrumental case or show ERG markers glossed as instrumental; value unresolvable.,Fincke 2002: in passim,True
217,aleu1260,GB409_1,1,There is an explicit marker for the absolutive case.,,True
218,aleu1260,GB409_2,0,First-person pronouns show a nominative-accusative alignment.,,True
219,aleu1260,GB409_3,0,Second-person pronouns show a nominative-accusative alignment.,,True
220,aleu1260,GB409_4,1,"There is ergative alignment in the marking of third-person pronouns, but in a complex and split manner that depends on the presence of the object.",,True
221,aleu1260,GB409_5,1,"Full NP's exhibit ergative alignment, but it is a split ergativity system conditioned by the presence or absence of the object.",,True
222,aleu1260,GB409_6,1,"There is ergative alignment in the marking in the imperfective aspect, but it is conditioned by the omission of the object.",,True
223,aleu1260,GB409_7,1,"There is ergative alignment in the marking in the perfective aspect, conditioned in the same way by the omission of the object.",,True
224,aleu1260,GB409_8,1,Ergative alignment exists in the past.,,True
225,aleu1260,GB409_9,1,"There is ergative alignment in the marking in times not past, and it is conditioned by the omission of the object.",,True
226,aleu1260,GB409_10,1,Ergative alignment in marking occurs in indicative mode.,,True
227,aleu1260,GB409_11,1,Ergative alignment in marking is found in interrogative mode.,,True
228,aleu1260,GB409_12,1,Ergative alignment is observed in clauses with realis status.,,True
229,aleu1260,GB409_13,1,Ergative alignment  is found in clauses with irrealis status.,,True
230,aleu1260,GB409_14,1,Ergative alignment is observed in clauses with an agentive argument A.,,True
231,aleu1260,GB409_15,?,"Based on the information provided in the document, it is not possible to determine this feature with certainty.",,True
232,aleu1260,GB409_16,1,"Ergative alignment is directly conditioned by the informational structure of the clause, which is related to topicality.",,True
233,aleu1260,GB409_17,1,"Ergative alignment is applied to an argument A regardless of its topical or non-topical status, provided that the main condition is met: that the object (P) is topical and omitted.",,True
234,aleu1260,GB409_18,1,"There is an ergative alignment when argument A is animate, but only under the condition that argument P (object) is omitted and referenced in the verb.",,True
235,aleu1260,GB409_19,?,"Based on the information provided in the document, it is not possible to determine this feature with certainty.",,True
236,aleu1260,GB409_20,1,Only under specific conditions does the alignment of case marking in main clauses depend on whether the object (P) is present as an explicit noun phrase.,,True
237,aleu1260,GB409_21,1,"Ergative alignment is observed in non-main clauses, especially in participle constructions and nominalizations.",,True
238,aleu1260,GB409_22,1,The main factor that conditions ergative alignment in main clauses is the presence and status of the argument P (object).,,True
239,aleu1260,GB409_23,1,The marker used to denote argument A has the same form as the genitive marker.,,True
240,aleu1260,GB409_24,0,The ergative case does not have the same marker as the instrumental or comitative marker.,,True
241,alya1239,GB409_1,0,There is no explicit marker for the absolutive case.,,True
242,alya1239,GB409_2,0,"First-person pronouns do not exhibit ergative alignment. Instead, the singular pronoun follows a tripartite system, and the dual and plural pronouns follow a nominative-accusative system.",,True
243,alya1239,GB409_3,0,"The second-person pronouns do not show ergative alignment. The singular pronoun follows a tripartite system, and the dual and plural pronouns follow a nominative-accusative system.",,True
244,alya1239,GB409_4,0,"Third-person pronouns do not follow ergative alignment. Instead, they follow nominative-accusative alignment.",,True
245,alya1239,GB409_5,1,Non-pronominal noun phrases exhibit an ergative-absolutive alignment.,,True
246,alya1239,GB409_6,1,Ergative alignment in the marking of full NP's is maintained in clauses with imperfective aspect. The case marking system is not conditioned by verbal aspect.,,True
247,alya1239,GB409_7,1,Ergative alignment in the marking of full NP's is maintained in clauses with perfective aspect.,,True
248,alya1239,GB409_8,1,Ergative alignment is maintained in past tense clauses.,,True
249,alya1239,GB409_9,1,Ergative alignment is maintained in not past tense clauses.,,True
250,alya1239,GB409_10,1,Ergative alignment occurs in clauses in the indicative mood.,,True
251,alya1239,GB409_11,1,"Ergative alignment is maintained in clauses in non-indicative moods, such as the imperative and interrogative moods.",,True
252,alya1239,GB409_12,1,Ergative alignment occurs in clauses with realis status.,,True
253,alya1239,GB409_13,1,Ergative alignment occurs in clauses with irrealis status.,,True
254,alya1239,GB409_14,1,Ergative alignment occurs when the subject of a transitive verb (A) is agentive.,,True
255,alya1239,GB409_15,1,"Ergative alignment is maintained even when the subject of a transitive verb (A) is non-agentive, such as an instrument.",,True
256,alya1239,GB409_16,1,Ergative alignment is maintained when argument A is the topic of the sentence.,,True
257,alya1239,GB409_17,1,Ergative alignment is maintained even when argument A is not the topic.,,True
258,alya1239,GB409_18,1,Ergative alignment occurs when the subject of a transitive verb (A) is animate.,,True
259,alya1239,GB409_19,1,Ergative alignment is maintained even when the subject of a transitive verb (A) is inanimate.,,True
260,alya1239,GB409_20,1,Ergative alignment occurs in main clauses.,,True
261,alya1239,GB409_21,1,"Ergative alignment is maintained in non-main clauses, such as relative clauses.",,True
262,alya1239,GB409_22,1,The most important factor determining the occurrence of ergative alignment is the type of noun phrase. It exhibits a split ergativity system based on the animacy/nominal hierarchy.,,True
263,alya1239,GB409_23,0,The ergative marker and the genitive marker have different forms.,,True
264,alya1239,GB409_24,1,"The ergative case has the same mark as the instrumental case, but is different from the comitative case.",,True
265,amam1246,GB409_1,0,There is no explicit marker for the absolutive case.,"Aki and Pennington 2013: 40, 45",True
266,amam1246,GB409_2,1,First-person pronouns show ergative-absolutive alignment.,"Aki and Pennington 2013: 10-11, 14-15, 30, 32",True
267,amam1246,GB409_3,1,Second-person pronouns show ergative-absolutive alignment.,"Aki and Pennington 2013: 11, 14, 29-30",True
268,amam1246,GB409_4,1,Third-person pronouns show ergative-absolutive alignment.,"Aki and Pennington 2013: 11, 14-15, 28, 30",True
269,amam1246,GB409_5,1,Full NPs exhibit ergative-absolutive alignment.,"Aki and Pennington 2013: 38-40, 45",True
270,amam1246,GB409_6,0,NOM-ACC alignment occurs in imperfective/present tense clauses (tense/aspect-conditioned split).,"Aki and Pennington 2013: 32, 34, 38",True
271,amam1246,GB409_7,1,Ergative-absolutive alignment occurs in perfective aspect clauses.,"Aki and Pennington 2013: 15, 33, 38-39",True
272,amam1246,GB409_8,1,Ergative-absolutive alignment in past tense clauses.,"Aki and Pennington 2013: 15, 28, 31, 39",True
273,amam1246,GB409_9,1,Future tense aligns with past/perfective using the ergative system; present uses NOM-ACC.,"Aki and Pennington 2013: 30, 32, 38",True
274,amam1246,GB409_10,1,"Ergative alignment in the indicative mood, conditioned by tense/aspect.","Aki and Pennington 2013: 15, 32, 38-39",True
275,amam1246,GB409_11,1,Ergative alignment attested in interrogative mood; imperative lacks ergative marking.,"Aki and Pennington 2013: 49, 52",True
276,amam1246,GB409_12,1,"Ergative alignment in realis status, conditioned by tense/aspect.","Aki and Pennington 2013: 15, 32, 35, 39",True
277,amam1246,GB409_13,1,Ergative-absolutive alignment in irrealis (future/hypothetical) status.,"Aki and Pennington 2013: 30, 35, 45-46",True
278,amam1246,GB409_14,1,Ergative alignment applies to agentive A arguments.,"Aki and Pennington 2013: 15, 39",True
279,amam1246,GB409_15,1,Ergative alignment applies to some non-agentive A arguments.,"Aki and Pennington 2013: 39, 41",True
280,amam1246,GB409_16,0,The ergative marker is obligatorily absent when A is topical (topic-drop/antipassive-like pattern).,Aki and Pennington 2013: 38-39,True
281,amam1246,GB409_17,1,Ergative marking is mandatory when A is non-topical/focused.,Aki and Pennington 2013: 38-39,True
282,amam1246,GB409_18,1,Ergative alignment applies to animate A arguments.,"Aki and Pennington 2013: 15, 39",True
283,amam1246,GB409_19,1,Ergative-absolutive alignment applies to inanimate A arguments.,Aki and Pennington 2013: 39,True
284,amam1246,GB409_20,1,Ergative-absolutive alignment occurs in main clauses.,"Aki and Pennington 2013: 14-15, 38-39, 52",True
285,amam1246,GB409_21,0,Ergative-absolutive alignment is absent in subordinate clauses.,Aki and Pennington 2013: 59,True
286,amam1246,GB409_22,1,Ergative alignment is conditioned by pragmatic factors: topicality and subject focus determine marker presence.,Aki and Pennington 2013: 38-39,True
287,amam1246,GB409_23,0,Ergative and genitive markers are distinct morphemes.,"Aki and Pennington 2013: 14, 27, 38, 41-42",True
288,amam1246,GB409_24,0,Ergative and instrumental/comitative markers are distinct morphemes.,"Aki and Pennington 2013: 38, 43-44",True
289,amdo1237,GB409_1,0,There is no explicit marker for the absolutive case.,,True
290,amdo1237,GB409_2,1,First-person pronouns show ergative alignment.,,True
291,amdo1237,GB409_3,1,Second-person pronouns show ergative alignment.,,True
292,amdo1237,GB409_4,1,Third-person pronouns show ergative alignment.,,True
293,amdo1237,GB409_5,1,Full NP's exhibit ergative alignment.,,True
294,amdo1237,GB409_6,1,Ergative alignment is present in the imperfective aspect.,,True
295,amdo1237,GB409_7,1,Ergative alignment occurs in the perfective aspect. The ergative marking system is independent of the verbal aspect.,,True
296,amdo1237,GB409_8,1,Ergative alignment occurs in past tense clauses.,,True
297,amdo1237,GB409_9,1,Ergative alignment is applied in non-past times.,,True
298,amdo1237,GB409_10,1,Ergative alignment occurs in sentences in the indicative mood.,,True
299,amdo1237,GB409_11,1,Ergative alignment occurs in non-indicative moods.,,True
300,amdo1237,GB409_12,1,Ergative alignment occurs in clauses with real status.,,True
301,amdo1237,GB409_13,1,Ergative alignment occurs in clauses with irrealis status.,,True
302,amdo1237,GB409_14,1,Ergative alignment exists in the context of an agentive A argument.,,True
303,amdo1237,GB409_15,1,"Ergative alignment is present in the context of a non-agentive A, specifically with transitive verb experiencers.",,True
304,amdo1237,GB409_16,1,Ergative alignment applies to topic arguments A.,,True
305,amdo1237,GB409_17,1,Ergative alignment occurs when argument A is not the main topic of the sentence.,,True
306,amdo1237,GB409_18,1,"Ergative alignment occurs in clauses with an animate argument A, whether human or non-human.",,True
307,amdo1237,GB409_19,1,"Ergative alignment also occurs in clauses with an inanimate argument A, although these cases typically express the cause or instrument of an action rather than a volitional agent.",,True
308,amdo1237,GB409_20,1,Ergative alignment occurs in main clauses.,,True
309,amdo1237,GB409_21,1,Ergative alignment is maintained in non-main clauses.,,True
310,amdo1237,GB409_22,1,"Ergative alignment is conditioned by the semantic class of the verb. Verbs are divided into ""controllable"" and ""uncontrollable,"" and the case marking of arguments depends on this classification.",,True
311,amdo1237,GB409_23,1,The ergative and genitive markers are expressed with the same marker.,,True
312,amdo1237,GB409_24,1,The ergative case has the same mark as the instrumental and comitative marker.,,True
313,amis1246,GB409_1,1,There is an explicit marker for the absolutive case and is called the nominative.,,True
314,amis1246,GB409_2,1,First-person pronouns show ergative alignment.,,True
315,amis1246,GB409_3,1,Second-person pronouns show ergative alignment.,,True
316,amis1246,GB409_4,1,Third-person pronouns show ergative alignment.,,True
317,amis1246,GB409_5,1,Full NP's exhibit ergative alignment.,,True
318,amis1246,GB409_6,1,Ergative alignment is present in the imperfective aspect.,,True
319,amis1246,GB409_7,1,Ergative alignment occurs in the perfective aspect.,,True
320,amis1246,GB409_8,1,Ergative alignment occurs in past tense clauses.,,True
321,amis1246,GB409_9,1,Ergative alignment is applied in non-past times.,,True
322,amis1246,GB409_10,1,Ergative alignment occurs in sentences in the indicative mood.,,True
323,amis1246,GB409_11,1,Ergative alignment occurs in non-indicative moods.,,True
324,amis1246,GB409_12,1,Ergative alignment occurs in clauses with real status.,,True
325,amis1246,GB409_13,1,Ergative alignment occurs in clauses with irrealis status.,,True
326,amis1246,GB409_14,1,Ergative alignment exists in the context of an agentive A argument.,,True
327,amis1246,GB409_15,1,"Ergative alignment is present in the context of a non-agentive A, such as an inanimate causative or an experiencer of a psychological verb.",,True
328,amis1246,GB409_16,1,Ergative alignment applies to topic arguments A.,,True
329,amis1246,GB409_17,1,Ergative alignment occurs when argument A is not the main topic of the sentence.,,True
330,amis1246,GB409_18,1,"Ergative alignment occurs in clauses with an animate argument A, whether human or non-human.",,True
331,amis1246,GB409_19,1,Ergative alignment also occurs in clauses with an inanimate argument A.,,True
332,amis1246,GB409_20,1,"An ergative alignment is present in the main clauses, although this is conditioned by the voice system of the verb, which makes it a split ergativity system.",,True
333,amis1246,GB409_21,1,"Ergative alignment is found in non-main clause constructions, particularly in relative clauses and in displacement constructions and nominal WH questions.",,True
334,amis1246,GB409_22,1,"Ergative alignment is conditioned by the semantic properties of the arguments, specifically in a divided intransitivity system.",,True
335,amis1246,GB409_23,1,The ergative and genitive markers are expressed with the same marker.,,True
336,amis1246,GB409_24,0,The ergative case does not have the same marker as the instrumental or comitative marker.,,True
337,ango1257,GB409_1,0,There is no explicit marker for the absolutive case.,Casilimas Rojas 1995: 141-142,True
338,ango1257,GB409_2,1,First-person pronouns show ergative alignment.,"Casilimas Rojas 1995: 141-142, 187",True
339,ango1257,GB409_3,1,Second-person pronouns show ergative alignment.,Casilimas Rojas 1995: 143,True
340,ango1257,GB409_4,1,Third-person pronouns show ergative alignment.,Casilimas Rojas 1995: 142,True
341,ango1257,GB409_5,1,Full NPs exhibit ergative alignment.,"Casilimas Rojas 1995: 187, 189",True
342,ango1257,GB409_6,1,Ergative alignment is present in the imperfective aspect.,"Casilimas Rojas 1995: 193, 202",True
343,ango1257,GB409_7,1,Ergative alignment occurs in the perfective aspect.,"Casilimas Rojas 1995: 194, 196",True
344,ango1257,GB409_8,1,Ergative alignment is present in past tense clauses.,"Casilimas Rojas 1995: 187, 194",True
345,ango1257,GB409_9,1,Ergative alignment is applied in non-past tenses.,Casilimas Rojas 1995: 192-193,True
346,ango1257,GB409_10,1,Ergative alignment occurs in sentences in the indicative mood.,"Casilimas Rojas 1995: 188, 194",True
347,ango1257,GB409_11,0,"No positive evidence of ergative marking in non-indicative moods found in Casilimas Rojas (1995). Note: original citation (p.126) covers interrogative pronouns, not mood/ergativity; the value 0 is retained on the absence of supporting examples rather than direct contradictory evidence.",Casilimas Rojas 1995: in passim,True
348,ango1257,GB409_12,1,Ergative alignment occurs in clauses with realis status.,"Casilimas Rojas 1995: 142, 187, 193-194",True
349,ango1257,GB409_13,1,Ergative alignment occurs in clauses with irrealis status.,"Casilimas Rojas 1995: 126, 210, 224",True
350,ango1257,GB409_14,1,Ergative alignment exists in the context of an agentive A argument.,"Casilimas Rojas 1995: 187, 194, 211",True
351,ango1257,GB409_15,1,"Ergative alignment is also present in the context of a non-agentive A, such as the experiencer of a perception verb.",Casilimas Rojas 1995: 143,True
352,ango1257,GB409_16,1,Ergative alignment applies to topical A arguments.,"Casilimas Rojas 1995: 142, 197",True
353,ango1257,GB409_17,1,Ergative alignment occurs when argument A is not the main topic of the sentence.,"Casilimas Rojas 1995: 153, 210",True
354,ango1257,GB409_18,1,"Ergative alignment occurs in clauses with an animate A, whether human or non-human.","Casilimas Rojas 1995: 143, 186, 210",True
355,ango1257,GB409_19,1,"Inanimate A takes the ergative marker {-at}: comején (termite)-ERG, p.186 ex.6.7b. Original annotation was '?' due to absence of explicit examples; PDF verification confirms inanimate agents occur with ergative marking.",Casilimas Rojas 1995: 186,True
356,ango1257,GB409_20,1,Ergative alignment occurs in main clauses.,Casilimas Rojas 1995: 141-142,True
357,ango1257,GB409_21,1,Ergative alignment occurs in non-main clauses such as relative clauses.,Casilimas Rojas 1995: 140,True
358,ango1257,GB409_22,0,No additional conditioning factors for ergative alignment documented in Casilimas Rojas (1995).,"Casilimas Rojas 1995: 140-142, 186",True
359,ango1257,GB409_23,0,The ergative marker does not have the same form as the genitive marker.,"Casilimas Rojas 1995: 87, 110, 138-139, 142",True
360,ango1257,GB409_24,0,The ergative case marker differs from the instrumental and comitative markers.,"Casilimas Rojas 1995: 142, 146, 152",True
361,anut1237,GB409_1,0,There is no explicit marker for the absolutive case.,,True
362,anut1237,GB409_2,1,First-person pronouns show ergative alignment.,,True
363,anut1237,GB409_3,1,Second-person pronouns show ergative alignment.,,True
364,anut1237,GB409_4,1,Third-person pronouns show ergative alignment.,,True
365,anut1237,GB409_5,1,Full NP's exhibit ergative alignment.,,True
366,anut1237,GB409_6,?,"Based on the information provided in the document, it is not possible to determine this feature with certainty.",,True
367,anut1237,GB409_7,1,Ergative alignment occurs in the perfective aspect.,,True
368,anut1237,GB409_8,1,Ergative alignment occurs in past tense clauses.,,True
369,anut1237,GB409_9,1,Ergative alignment is applied in non-past times.,,True
370,anut1237,GB409_10,1,Ergative alignment occurs in sentences in the indicative mood.,,True
371,anut1237,GB409_11,?,"Based on the information provided in the document, it is not possible to determine this feature with certainty.",,True
372,anut1237,GB409_12,1,Ergative alignment occurs in clauses with real status.,,True
373,anut1237,GB409_13,1,Ergative alignment occurs in clauses with irrealis status.,,True
374,anut1237,GB409_14,1,Ergative alignment exists in the context of an agentive A argument.,,True
375,anut1237,GB409_15,?,"Based on the information provided in the document, it is not possible to determine this feature with certainty.",,True
376,anut1237,GB409_16,1,Ergative alignment applies to topic arguments A.,,True
377,anut1237,GB409_17,1,Ergative alignment occurs when argument A is not the main topic of the sentence.,,True
378,anut1237,GB409_18,1,"Ergative alignment occurs in clauses with an animate argument A, whether human or non-human.",,True
379,anut1237,GB409_19,?,"Based on the information provided in the document, it is not possible to determine this feature with certainty.",,True
380,anut1237,GB409_20,1,Ergative alignment occurs in main clauses.,,True
381,anut1237,GB409_21,0,Non-principal clauses do not exhibit ergative alignment.,,True
382,anut1237,GB409_22,0,Ergative alignment is not conditioned by other factors.,,True
383,anut1237,GB409_23,0,The ergative marker and the genitive marker have different forms.,,True
384,anut1237,GB409_24,0,The ergative case does not have the same marker as the instrumental or comitative marker.,,True
385,apat1240,GB409_1,0,The absolute case does not have an explicit marker and exhibits a nominative-accusative alignment.,Abraham 1985: 35-38,False
386,apat1240,GB409_2,0,First-person pronouns show nominative-accusative alignment.,"Abraham 1985: 27, 38, 93",False
387,apat1240,GB409_3,0,Second-person pronouns show nominative-accusative alignment.,"Abraham 1985: 27, 93, 103",False
388,apat1240,GB409_4,0,Third-person pronouns show nominative-accusative alignment.,"Abraham 1985: 28, 37, 39, 94",False
389,apat1240,GB409_5,0,Full NP's exhibit nominative-accusative alignment.,Abraham 1985: 36-39,False
390,apat1240,GB409_6,0,Ergative alignment is not present in the imperfective aspect.,"Abraham 1985: 36, 38, 95",False
391,apat1240,GB409_7,0,Ergative alignment does not occurs in the perfective aspect.,"Abraham 1985: 37, 95-96",False
392,apat1240,GB409_8,0,Ergative alignment does not occurs in past tense clauses.,Abraham 1985: 36-39,False
393,apat1240,GB409_9,0,Ergative alignment does not apply in non-past times.,Abraham 1985: 94,False
394,apat1240,GB409_10,0,Ergative alignment does not occur in sentences in the indicative mood.,Abraham 1985: 36-39,False
395,apat1240,GB409_11,0,Ergative alignment does not occurs in non-indicative moods.,Abraham 1985: 101-104,False
396,apat1240,GB409_12,0,Ergative alignment does not occurs in clauses with real status.,Abraham 1985: 36-37,False
397,apat1240,GB409_13,0,Ergative alignment does not occurs in clauses with irrealis status.,"Abraham 1985: 94, 137",False
398,apat1240,GB409_14,0,There is no ergative alignment in clauses with an agentive A argument.,Abraham 1985: 36-39,False
399,apat1240,GB409_15,0,There is no ergative alignment in clauses with a non-agentive argument A.,"Abraham 1985: 36, 39",False
400,apat1240,GB409_16,0,Ergative alignment does not apply to arguments in topic A.,"Abraham 1985: 36-37, 121, 123",False
401,apat1240,GB409_17,0,Ergative alignment does not occurs when argument A is not the main topic of the sentence.,Abraham 1985: 123,False
402,apat1240,GB409_18,0,Ergative alignment does not occurs in clauses with an animate argument A.,"Abraham 1985: 36, 38",False
403,apat1240,GB409_19,0,Ergative alignment does not occurs in clauses with an inanimate argument A.,"Abraham 1985: 37, 39",False
404,apat1240,GB409_20,0,Ergative alignment does not occurs in main clauses.,"Abraham 1985: 36, 38",False
405,apat1240,GB409_21,0,Ergative alignment does not maintained in non-main clauses.,"Abraham 1985:  131, 134",False
406,apat1240,GB409_22,0,"This language does not have ergative alignment, but rather nominative-accusative alignment.",Abraham 1985: 36-39,False
407,apat1240,GB409_23,0,"This language does not have ergative alignment, but rather nominative-accusative alignment.","Abraham 1985: 36-39, 49-50",False
408,apat1240,GB409_24,0,The ergative case does not have the same marker as the instrumental or comitative marker.,"Abraham 1985: 36-39, 47, 51-52",False
409,apin1244,GB409_1,1,There is an explicit marker for the absolutive case.,,True
410,apin1244,GB409_2,1,First-person pronouns show ergative alignment.,,True
411,apin1244,GB409_3,1,Second-person pronouns show ergative alignment.,,True
412,apin1244,GB409_4,1,Third-person pronouns show ergative alignment.,,True
413,apin1244,GB409_5,1,Full NP's exhibit ergative alignment.,,True
414,apin1244,GB409_6,0,Ergative alignment does not present in the imperfective aspect.,,True
415,apin1244,GB409_7,0,Ergative alignment does not occurs in the perfective aspect.,,True
416,apin1244,GB409_8,0,Ergative alignment does not occurs in past tense clauses.,,True
417,apin1244,GB409_9,0,Ergative alignment does not applied in non-past times.,,True
418,apin1244,GB409_10,0,Clauses in the indicative mood always follow a nominative alignment for arguments A and S.,,True
419,apin1244,GB409_11,0,Non-indicative moods follow a nominative alignment pattern for free pronouns and do not use ergative case markers.,,True
420,apin1244,GB409_12,0,Clauses marked as realis always function as main clauses and exhibit nominative alignment for free pronouns and absence of case marking for NPs.,,True
421,apin1244,GB409_13,0,Clauses in irrealis mode function as main clauses and use a specific set of free pronouns that follow a nominative alignment pattern.,,True
422,apin1244,GB409_14,1,"Ergative alignment exists for agentive A arguments, but it is mainly restricted to subordinate clauses and a small group of cognition verbs in main clauses.",,True
423,apin1244,GB409_15,0,"Non-agentive A arguments do not receive the ergative case mark. Instead, these arguments receive oblique case marks.",,True
424,apin1244,GB409_16,1,"Ergative alignment occurs with topical A arguments, provided that these appear within subordinate clauses.",,True
425,apin1244,GB409_17,1,"Ergative alignment occurs with non-topical A arguments, provided that these appear within subordinate clauses.",,True
426,apin1244,GB409_18,1,The ergative case marker is mandatory for all subjects of transitive verbs in subordinate clauses; inanimate arguments A in this context receive the ergative case marker.,,True
427,apin1244,GB409_19,1,There are no mentioned animacy restrictions for the ergative marker; the grammatical system allows inanimate A arguments in transitive constructions.,,True
428,apin1244,GB409_20,1,The main clauses have nominative alignment; there is a specific exception for a small set of cognition verbs that require the ergative marker for the Agent.,,True
429,apin1244,GB409_21,1,The non-main clauses constitute the main and almost exclusive domain where ergative alignment occurs.,,True
430,apin1244,GB409_22,1,"The explicit appearance of the ergative marker is conditioned by coreferentiality between subjects, semantic factors in verbs of cognition, and subordination.",,True
431,apin1244,GB409_23,0,Ergative and genitive case markers are distinct.,,True
432,apin1244,GB409_24,0,The ergative case does not have the same marker as the instrumental or comitative marker.,,True
433,arab1267,GB409_1,0,There is no explicit marker for the absolutive case.,,True
434,arab1267,GB409_2,1,"First-person pronoun exhibits ergative alignment only in its singular form. However, it is worth noting that the system is tripartite, not purely ergative-absolutive, since the argument P also receives a distinct mark. Nevertheless, because there is a specific ergative mark for A that is not used for S, ergative marking is considered to exist.",,True
435,arab1267,GB409_3,1,"Second-person pronoun exhibits ergative alignment only in its singular form. However, it is worth noting that the system is tripartite, not purely ergative-absolutive, since the argument P also receives a distinct mark. Nevertheless, because there is a specific ergative mark for A that is not used for S, ergative marking is considered to exist.",,True
436,arab1267,GB409_4,1,"Third-person pronoun exhibits ergative alignment only in its singular form. However, it is worth noting that the system is tripartite, not purely ergative-absolutive, since the argument P also receives a distinct mark. Nevertheless, because there is a specific ergative mark for A that is not used for S, ergative marking is considered to exist.",,True
437,arab1267,GB409_5,1,Full NP's exhibit ergative alignment.,,True
438,arab1267,GB409_6,1,Ergative alignment is present in the imperfective aspect.,,True
439,arab1267,GB409_7,1,Ergative alignment occurs in the perfective aspect.,,True
440,arab1267,GB409_8,1,Ergative alignment is present in past tense clauses.,,True
441,arab1267,GB409_9,1,Ergative alignment is applied in non-past times.,,True
442,arab1267,GB409_10,1,Ergative alignment occurs in sentences in the indicative mood.,,True
443,arab1267,GB409_11,1,"Ergative alignment is manifested in non-indicative moods such as the interrogative, the irrealis, and in constructions of obligation/prohibition.",,True
444,arab1267,GB409_12,1,Ergative alignment occurs in clauses with real status.,,True
445,arab1267,GB409_13,1,Ergative alignment occurs in clauses with irrealis status.,,True
446,arab1267,GB409_14,1,Ergative alignment exists in the context of an agentive A argument.,,True
447,arab1267,GB409_15,1,"The ergative marker is used to mark argument A, even when it is not a prototypical volitional agent.",,True
448,arab1267,GB409_16,0,The most topical elements do not follow an ergative alignment.,,True
449,arab1267,GB409_17,1,A split ergativity system based on the animacy hierarchy is presented.,,True
450,arab1267,GB409_18,1,"Ergative alignment occurs in clauses with an animate argument A, whether human or non-human.",,True
451,arab1267,GB409_19,1,Ergative alignment exists in the context of an inanimate argument A.,,True
452,arab1267,GB409_20,1,Ergative alignment occurs in main clauses.,,True
453,arab1267,GB409_21,1,"Ergative case marking is maintained within subordinate clauses, such as purpose clauses, time clauses, or warning clauses. When there is a change of reference, the new transitive subject (A) of the subordinate clause carries the ergative mark if it is a noun or pronoun that requires it.",,True
454,arab1267,GB409_22,1,Alignment is conditioned by the animacy hierarchy. The system is split ergativity.,,True
455,arab1267,GB409_23,0,The ergative marker does not have the same form as the genitive marker.,,True
456,arab1267,GB409_24,1,"The ergative case has the same mark as the instrumental case, but is different from the comitative case.",,True
457,arta1239,GB409_1,1,There is an explicit marker for the absolutive case.,,True
458,arta1239,GB409_2,1,First-person pronouns show ergative alignment.,,True
459,arta1239,GB409_3,1,Second-person pronouns show ergative alignment.,,True
460,arta1239,GB409_4,1,Third-person pronouns show ergative alignment.,,True
461,arta1239,GB409_5,1,Full NP's exhibit ergative alignment.,,True
462,arta1239,GB409_6,1,Ergative alignment occurs in the imperfective aspect.,,True
463,arta1239,GB409_7,1,Ergative alignment occurs in the perfective aspect.,,True
464,arta1239,GB409_8,1,Ergative alignment occurs in past tense clauses.,,True
465,arta1239,GB409_9,1,Ergative alignment is applied in non-past times.,,True
466,arta1239,GB409_10,1,Ergative alignment occurs in sentences in the indicative mood.,,True
467,arta1239,GB409_11,1,Ergative alignment occurs in sentences in the non-indicative mood.,,True
468,arta1239,GB409_12,1,Ergative alignment occurs in clauses with real status.,,True
469,arta1239,GB409_13,1,Ergative alignment occurs in clauses with irrealis status.,,True
470,arta1239,GB409_14,1,Ergative alignment exists in the context of an agentive A argument.,,True
471,arta1239,GB409_15,1,Ergative alignment exists in the context of a non-agentive argument A.,,True
472,arta1239,GB409_16,1,Ergative alignment applies to topic arguments A.,,True
473,arta1239,GB409_17,1,Ergative alignment occurs when argument A is not the main topic of the sentence.,,True
474,arta1239,GB409_18,1,"Ergative alignment occurs in clauses with an animate argument A, whether human or non-human.",,True
475,arta1239,GB409_19,1,Ergative alignment occurs in clauses with an inanimate argument A.,,True
476,arta1239,GB409_20,1,Ergative alignment occurs in main clauses.,,True
477,arta1239,GB409_21,1,Non-principal clauses exhibit ergative alignment.,,True
478,arta1239,GB409_22,1,"Ergative alignment is conditioned by additional factors such as the definiteness and identifiability of the argument P, the negative polarity in existential predicates, and the metonymic conceptualization of objects as locations.",,True
479,arta1239,GB409_23,1,The ergative marker and the genitive marker have different forms.,,True
480,arta1239,GB409_24,0,The ergative case does not have the same marker as the instrumental or comitative marker.,,True
481,athp1241,GB409_1,0,There is no explicit marker for the absolutive case.,,True
482,athp1241,GB409_2,0,"There is a person-based ergativity split. First-person pronouns (singular, dual, and plural, both inclusive and exclusive) are never combined with the oblique/ergative case marker (-ŋa).",,True
483,athp1241,GB409_3,1,Second-person pronouns show ergative alignment.,,True
484,athp1241,GB409_4,1,Third-person pronouns show ergative alignment.,,True
485,athp1241,GB409_5,1,Full NP's exhibit ergative alignment.,,True
486,athp1241,GB409_6,1,Ergative alignment is present in the imperfective aspect.,,True
487,athp1241,GB409_7,1,Ergative alignment occurs in the perfective aspect.,,True
488,athp1241,GB409_8,1,Ergative alignment occurs in past tense clauses.,,True
489,athp1241,GB409_9,1,Ergative alignment apply in non-past times.,,True
490,athp1241,GB409_10,1,Ergative alignment occur in sentences in the indicative mood.,,True
491,athp1241,GB409_11,1,Ergative alignment occurs in non-indicative moods.,,True
492,athp1241,GB409_12,1,Ergative alignment occurs in clauses with real status.,,True
493,athp1241,GB409_13,1,Ergative alignment occurs in clauses with irrealis status.,,True
494,athp1241,GB409_14,1,There is ergative alignment in clauses with an agentive A argument.,,True
495,athp1241,GB409_15,1,There is ergative alignment in clauses with a non-agentive argument A.,,True
496,athp1241,GB409_16,1,Ergative alignment apply to arguments in topic A.,,True
497,athp1241,GB409_17,1,Ergative alignment occurs when argument A is not the main topic of the sentence.,,True
498,athp1241,GB409_18,1,Ergative alignment occurs in clauses with an animate argument A.,,True
499,athp1241,GB409_19,1,Ergative alignment occurs in clauses with an inanimate argument A.,,True
500,athp1241,GB409_20,1,"There is a split ergativity based on person. First-person pronouns do not take the ergative marker, while second- and third-person pronouns, as well as all nouns, receive the oblique case marker /-ŋa/ when functioning as transitive agents (A).",,True
501,athp1241,GB409_21,1,Ergative alignment maintained in non-main clauses.,,True
502,athp1241,GB409_22,1,"Ergative alignment exhibits a person-based division. First-person pronouns do not combine with the oblique/ergative case marker. In contrast, second- and third-person pronouns, as well as nouns, do take the ergative marker when functioning as transitive agents. Furthermore, there is object-specificity conditioning; if the object is nonspecific, the verb becomes detransitivized and the agent does not carry the ergative marker.",,True
503,athp1241,GB409_23,1,"Both are expressed by the oblique marker /-ŋa/. This suffix serves as an ergative, genitive, instrumental, and causal marker.",,True
504,athp1241,GB409_24,1,"The ergative case has the same mark as the instrumental case, but is different from the comitative case.",,True
505,auye1238,GB409_1,0,There is no explicit marker for the absolutive case.,,True
506,auye1238,GB409_2,0,First-person pronouns do not show ergative alignment.,,True
507,auye1238,GB409_3,1,Second-person pronouns show ergative alignment.,,True
508,auye1238,GB409_4,1,Third-person pronouns show ergative alignment.,,True
509,auye1238,GB409_5,1,Full NP's exhibit ergative alignment.,,True
510,auye1238,GB409_6,1,Ergative alignment present in the imperfective aspect.,,True
511,auye1238,GB409_7,1,Ergative alignment occurs in the perfective aspect.,,True
512,auye1238,GB409_8,1,Ergative alignment occurs in past tense clauses.,,True
513,auye1238,GB409_9,1,Ergative alignment applied in non-past times.,,True
514,auye1238,GB409_10,1,Ergative alignment is presented in indicative mode.,,True
515,auye1238,GB409_11,?,"Based on the information provided in the document, it is not possible to determine this feature with certainty.",,True
516,auye1238,GB409_12,1,Ergative alignment is present in the realis status.,,True
517,auye1238,GB409_13,1,Ergative alignment is present in the irrealis status.,,True
518,auye1238,GB409_14,1,"In transitive clauses where the subject (A) is an agent, the ergative marker is present.",,True
519,auye1238,GB409_15,?,"Based on the information provided in the document, it is not possible to determine this feature with certainty.",,True
520,auye1238,GB409_16,1,Ergative alignment occurs with topical A arguments.,,True
521,auye1238,GB409_17,1,Ergative alignment occurs with non-topical A arguments.,,True
522,auye1238,GB409_18,1,The ergative case marker is present for animate arguments A.,,True
523,auye1238,GB409_19,1,The ergative case marker is present for inanimate arguments A.,,True
524,auye1238,GB409_20,1,Ergative alignment is present in the main clauses.,,True
525,auye1238,GB409_21,1,Ergative alignment is present in the non-main clauses.,,True
526,auye1238,GB409_22,0,There are no other factors that influence the appearance of ergative alignment.,,True
527,auye1238,GB409_23,1,"Both the ergative agent (in 2nd/3rd person and NP's) and the genitive are marked with the particle ""me"".",,True
528,auye1238,GB409_24,1,"The ergative case has the same mark as the instrumental case, but is different from the comitative case.",,True
529,awab1243,GB409_1,0,There is no explicit marker for the absolutive case.,,True
530,awab1243,GB409_2,0,First-person pronouns follow a Nominative-Accusative alignment pattern.,,True
531,awab1243,GB409_3,0,Second-person pronouns follow a Nominative-Accusative alignment pattern.,,True
532,awab1243,GB409_4,0,Third-person pronouns follow a Nominative-Accusative alignment pattern.,,True
533,awab1243,GB409_5,1,Full NP's exhibit ergative alignment.,,True
534,awab1243,GB409_6,1,Ergative alignment is present in the imperfective aspect.,,True
535,awab1243,GB409_7,1,Ergative alignment occurs in the perfective aspect.,,True
536,awab1243,GB409_8,1,Ergative alignment is present in past tense clauses.,,True
537,awab1243,GB409_9,1,Ergative alignment is applied in non-past times.,,True
538,awab1243,GB409_10,1,Ergative alignment occurs in sentences in the indicative mood.,,True
539,awab1243,GB409_11,1,Ergative alignment is manifested in non-indicative moods.,,True
540,awab1243,GB409_12,1,Ergative alignment occurs in clauses with real status.,,True
541,awab1243,GB409_13,1,Ergative alignment occurs in clauses with irrealis status.,,True
542,awab1243,GB409_14,1,Ergative alignment exists in the context of an agentive A argument.,,True
543,awab1243,GB409_15,1,Ergative alignment exists in the context of a non agentive A argument.,,True
544,awab1243,GB409_16,0,The most topical elements do not follow an ergative alignment.,,True
545,awab1243,GB409_17,1,Arguments with less topicality follow an Ergative-Absolutive pattern.,,True
546,awab1243,GB409_18,1,"Ergative alignment occurs in clauses with an animate argument A, whether human or non-human.",,True
547,awab1243,GB409_19,1,Ergative alignment exists in the context of an inanimate argument A.,,True
548,awab1243,GB409_20,1,Ergative alignment occurs in main clauses.,,True
549,awab1243,GB409_21,1,Ergative alignment occurs in non main clauses.,,True
550,awab1243,GB409_22,1,A split ergativity system is presented based on the nominal type.,,True
551,awab1243,GB409_23,0,The ergative marker does not have the same form as the genitive marker.,,True
552,awab1243,GB409_24,1,"The ergative case has the same mark as the instrumental case, but is different from the comitative case.",,True
553,awar1248,GB409_1,0,There is no explicit marker for the absolutive case.,,True
554,awar1248,GB409_2,1,First-person pronouns show ergative alignment.,,True
555,awar1248,GB409_3,1,Second-person pronouns show ergative alignment.,,True
556,awar1248,GB409_4,1,Third-person pronouns show ergative alignment.,,True
557,awar1248,GB409_5,1,Full NP's exhibit ergative alignment.,,True
558,awar1248,GB409_6,1,Ergative alignment occurs in the imperfective aspect.,,True
559,awar1248,GB409_7,1,Ergative alignment occurs in the perfective aspect.,,True
560,awar1248,GB409_8,1,Ergative alignment occurs in past tense clauses.,,True
561,awar1248,GB409_9,1,Ergative alignment is applied in non-past times.,,True
562,awar1248,GB409_10,1,Ergative alignment occurs in sentences in the indicative mood.,,True
563,awar1248,GB409_11,1,Ergative alignment occurs in sentences in the non-indicative mood.,,True
564,awar1248,GB409_12,1,Ergative alignment occurs in clauses with real status.,,True
565,awar1248,GB409_13,1,Ergative alignment occurs in clauses with irrealis status.,,True
566,awar1248,GB409_14,1,Ergative alignment exists in the context of an agentive A argument.,,True
567,awar1248,GB409_15,1,Ergative alignment exists in the context of a non-agentive argument A.,,True
568,awar1248,GB409_16,1,Ergative alignment applies to topic arguments A.,,True
569,awar1248,GB409_17,1,Ergative alignment occurs when argument A is not the main topic of the sentence.,,True
570,awar1248,GB409_18,1,"Ergative alignment occurs in clauses with an animate argument A, whether human or non-human.",,True
571,awar1248,GB409_19,1,Ergative alignment occurs in clauses with an inanimate argument A.,,True
572,awar1248,GB409_20,1,Ergative alignment occurs in main clauses.,,True
573,awar1248,GB409_21,1,Non-principal clauses exhibit ergative alignment.,,True
574,awar1248,GB409_22,0,Ergative alignment is not conditioned by other factors.,,True
575,awar1248,GB409_23,0,The ergative marker and the genitive marker have different forms.,,True
576,awar1248,GB409_24,1,The ergative case has the same mark as the instrumental and comitative marker.,,True
577,ayiw1239,GB409_1,0,The absolute case does not have an explicit marker and exhibits a tripartite alignment.,,True
578,ayiw1239,GB409_2,?,"Based on the information provided in the document, it is not possible to determine this feature with certainty.",,True
579,ayiw1239,GB409_3,?,"Based on the information provided in the document, it is not possible to determine this feature with certainty.",,True
580,ayiw1239,GB409_4,?,"Based on the information provided in the document, it is not possible to determine this feature with certainty.",,True
581,ayiw1239,GB409_5,1,Full NP's exhibit ergative alignment.,,True
582,ayiw1239,GB409_6,?,"Based on the information provided in the document, it is not possible to determine this feature with certainty.",,True
583,ayiw1239,GB409_7,1,Ergative alignment occurs in the perfective aspect.,,True
584,ayiw1239,GB409_8,1,Ergative alignment occurs in past tense clauses.,,True
585,ayiw1239,GB409_9,?,"Based on the information provided in the document, it is not possible to determine this feature with certainty.",,True
586,ayiw1239,GB409_10,1,Ergative alignment occur in sentences in the indicative mood.,,True
587,ayiw1239,GB409_11,?,"Based on the information provided in the document, it is not possible to determine this feature with certainty.",,True
588,ayiw1239,GB409_12,1,Ergative alignment occurs in clauses with real status.,,True
589,ayiw1239,GB409_13,?,"Based on the information provided in the document, it is not possible to determine this feature with certainty.",,True
590,ayiw1239,GB409_14,1,There is ergative alignment in clauses with an agentive A argument.,,True
591,ayiw1239,GB409_15,1,There is ergative alignment in clauses with a non-agentive argument A.,,True
592,ayiw1239,GB409_16,1,Ergative alignment apply to arguments in topic A.,,True
593,ayiw1239,GB409_17,1,Ergative alignment occurs when argument A is not the main topic of the sentence.,,True
594,ayiw1239,GB409_18,1,Ergative alignment occurs in clauses with an animate argument A.,,True
595,ayiw1239,GB409_19,?,"Based on the information provided in the document, it is not possible to determine this feature with certainty.",,True
596,ayiw1239,GB409_20,1,Ergative alignment maintained in main clauses.,,True
597,ayiw1239,GB409_21,1,Ergative alignment maintained in non-main clauses.,,True
598,ayiw1239,GB409_22,1,At least two factors are identified that condition the appearance of ergative-type alignments: clause type and semantic property of the verb.,,True
599,ayiw1239,GB409_23,?,"Based on the information provided in the document, it is not possible to determine this feature with certainty.",,True
600,ayiw1239,GB409_24,0,"There is no ergative case, therefore it is not the same marker for the instrumental or comitative case.",,True
601,bahi1252,GB409_1,0,There is no explicit marker for the absolutive case.,,True
602,bahi1252,GB409_2,1,First-person pronouns show ergative alignment.,,True
603,bahi1252,GB409_3,1,Second-person pronouns show ergative alignment.,,True
604,bahi1252,GB409_4,1,Third-person pronouns show ergative alignment.,,True
605,bahi1252,GB409_5,1,Full NP's exhibit ergative alignment.,,True
606,bahi1252,GB409_6,1,Ergative alignment present in the imperfective aspect.,,True
607,bahi1252,GB409_7,1,Ergative alignment occurs in the perfective aspect.,,True
608,bahi1252,GB409_8,1,Ergative alignment occurs in past tense clauses.,,True
609,bahi1252,GB409_9,1,Ergative alignment applied in non-past times.,,True
610,bahi1252,GB409_10,1,Ergative alignment is presented in indicative mode.,,True
611,bahi1252,GB409_11,1,Ergative alignment is presented in non-indicative mode.,,True
612,bahi1252,GB409_12,1,Ergative alignment is present in the realis status.,,True
613,bahi1252,GB409_13,1,Ergative alignment is present in the irrealis status.,,True
614,bahi1252,GB409_14,1,The subjects of agentive transitive verbs are marked with the ergative case.,,True
615,bahi1252,GB409_15,1,The subjects of non-agentive transitive verbs are marked with the ergative case.,,True
616,bahi1252,GB409_16,1,Ergative alignment occurs with topical A arguments.,,True
617,bahi1252,GB409_17,1,Ergative alignment occurs with non-topical A arguments.,,True
618,bahi1252,GB409_18,1,The ergative case marker is present for animate arguments A.,,True
619,bahi1252,GB409_19,1,The ergative case marker is present for inanimate arguments A.,,True
620,bahi1252,GB409_20,1,Ergative alignment is present in the main clauses.,,True
621,bahi1252,GB409_21,1,Ergative alignment is present in the non-main clauses.,,True
622,bahi1252,GB409_22,1,"Ergative alignment is conditioned by time, animacy and differential marking and object.",,True
623,bahi1252,GB409_23,0,The ergative mark and the genitive are not expressed with the same marker.,,True
624,bahi1252,GB409_24,1,"The ergative case has the same mark as the instrumental case, but is different from the comitative case.",,True
625,bala1311,GB409_1,1,"There is an explicit marker for the absolutive case as ""focus"".",,True
626,bala1311,GB409_2,1,First-person pronouns follow an ergative alignment pattern.,,True
627,bala1311,GB409_3,1,Second-person pronouns follow an ergative alignment pattern.,,True
628,bala1311,GB409_4,1,Third-person pronouns follow an ergative alignment pattern.,,True
629,bala1311,GB409_5,1,Full NP's exhibit ergative alignment.,,True
630,bala1311,GB409_6,1,Ergative alignment is present in the imperfective aspect.,,True
631,bala1311,GB409_7,1,Ergative alignment occurs in the perfective aspect.,,True
632,bala1311,GB409_8,1,Ergative alignment is present in past tense clauses.,,True
633,bala1311,GB409_9,1,Ergative alignment is applied in non-past times.,,True
634,bala1311,GB409_10,1,Ergative alignment occurs in sentences in the indicative mood.,,True
635,bala1311,GB409_11,1,Ergative alignment is manifested in non-indicative moods.,,True
636,bala1311,GB409_12,1,Ergative alignment occurs in clauses with real status.,,True
637,bala1311,GB409_13,1,Ergative alignment occurs in clauses with irrealis status.,,True
638,bala1311,GB409_14,1,Ergative alignment exists in the context of an agentive A argument.,,True
639,bala1311,GB409_15,1,Ergative alignment exists in the context of a non agentive A argument.,,True
640,bala1311,GB409_16,1,The most topical elements follow an ergative alignment.,,True
641,bala1311,GB409_17,1,Arguments with less topicality follow an Ergative-Absolutive pattern.,,True
642,bala1311,GB409_18,1,"Ergative alignment occurs in clauses with an animate argument A, whether human or non-human.",,True
643,bala1311,GB409_19,?,"Based on the information provided in the document, it is not possible to determine this feature with certainty.",,True
644,bala1311,GB409_20,1,Ergative alignment occurs in main clauses.,,True
645,bala1311,GB409_21,1,Ergative alignment occurs in non main clauses.,,True
646,bala1311,GB409_22,1,The determining factor is the Discursive Status specifically what is called Focal Content.,,True
647,bala1311,GB409_23,1,The ergative marker have the same form as the genitive marker.,,True
648,bala1311,GB409_24,0,The ergative case does not have the same marker as the instrumental or comitative marker.,,True
649,bala1316,GB409_1,0,There is no explicit marker for the absolutive case.,"Bril 2002: 31, 35, 51-52",True
650,bala1316,GB409_2,0,First-person pronouns do not show a distinct ergative form; the same pronoun form is used for transitive A and intransitive S.,Bril 2002: 40,True
651,bala1316,GB409_3,0,Second-person pronouns do not show a distinct ergative form; the same pronoun form is used for transitive A and intransitive S.,Bril 2002: 40,True
652,bala1316,GB409_4,1,Third-person pronouns show ergative alignment; distinct agent forms exist.,Bril 2002: 52,True
653,bala1316,GB409_5,1,Full NPs exhibit ergative alignment with agent markers 'an' (common NPs) and 'ru' (oblique/focused NPs).,Bril 2002: 51-52,True
654,bala1316,GB409_6,1,Ergative alignment occurs in the imperfective aspect.,"Bril 2002: 42, 50, 52",True
655,bala1316,GB409_7,1,Ergative alignment occurs in the perfective aspect.,Bril 2002: 52-53,True
656,bala1316,GB409_8,1,Ergative alignment occurs in past tense clauses.,"Bril 2002: 52, 205",True
657,bala1316,GB409_9,1,Ergative alignment is applied in non-past tenses.,"Bril 2002: 40, 50, 57",True
658,bala1316,GB409_10,1,Ergative alignment occurs in sentences in the indicative mood.,Bril 2002: 51-52,True
659,bala1316,GB409_11,1,Ergative alignment occurs in non-indicative moods.,"Bril 2002: 52, 60",True
660,bala1316,GB409_12,1,Ergative alignment occurs in clauses with realis status.,Bril 2002: 51-53,True
661,bala1316,GB409_13,1,Ergative alignment occurs in clauses with irrealis status.,"Bril 2002: 50, 52, 59, 118",True
662,bala1316,GB409_14,1,Ergative alignment exists in the context of an agentive A argument.,Bril 2002: 52-53,True
663,bala1316,GB409_15,1,Ergative alignment exists in the context of a non-agentive A argument.,Bril 2002: 53,True
664,bala1316,GB409_16,0,"When A is thematized (fronted to pre-verbal position), the ergative marker is OBLIGATORILY removed (Bril 2002: §3.7.1, p.57: 'Le sujet thématisé du verbe transitif apparaît sans les marques d'agent an ou ru'). Corrected from original annotation 1→0.",Bril 2002: 57,True
665,bala1316,GB409_17,1,"When A is not thematized (basic VSO order), the ergative marker is present.",Bril 2002: 52-53,True
666,bala1316,GB409_18,1,Ergative alignment occurs in clauses with an animate A.,"Bril 2002: 36, 51-53",True
667,bala1316,GB409_19,1,Ergative alignment occurs in clauses with an inanimate A.,"Bril 2002: 51, 53",True
668,bala1316,GB409_20,1,Ergative alignment occurs in main clauses.,Bril 2002: 51-52,True
669,bala1316,GB409_21,1,Non-main clauses exhibit ergative alignment.,"Bril 2002: 63, 220, 225",True
670,bala1316,GB409_22,1,"Ergative alignment is conditioned by thematization: when A is fronted to initial position (SVO structure), the ergative marker is obligatorily removed. This is the additional conditioning factor.",Bril 2002: 57,True
671,bala1316,GB409_23,1,The agent marker 'an' is historically derived from the possessive/genitive marker; emphatic agent constructions productively combine the agent base with genitive suffixes (Bril 2002: 52). ERG=GEN confirmed.,Bril 2002: 52,True
672,bala1316,GB409_24,1,The agent marker 'ru' (used for focused/oblique agent NPs) also functions as the instrumental marker (Bril 2002: 153). Comitative uses different markers (bole-/ma). ERG=INST confirmed.,"Bril 2002: 53, 153",True
673,bamb1270,GB409_1,1,There is an explicit marker for the absolutive case.,Campbell 1989: 48-49,True
674,bamb1270,GB409_2,1,First-person pronouns follow an ergative alignment pattern.,"Campbell 1989: 41, 48-49",True
675,bamb1270,GB409_3,1,Second-person pronouns follow an ergative alignment pattern.,"Campbell 1989: 33, 48, 77, 101",True
676,bamb1270,GB409_4,1,Third-person pronouns follow an ergative alignment pattern.,"Campbell 1989: 48, 50, 55",True
677,bamb1270,GB409_5,0,"Full NP's do not exhibit ergative alignment, but rather exhibit pronominal indexing on the verb.","Campbell 1989: 12, 47, 55",True
678,bamb1270,GB409_6,0,"Clauses with imperfective aspect do not exhibit ergative alignment, but rather exhibit pronominal indexing on the verb.","Campbell 1989: 127, 131",True
679,bamb1270,GB409_7,0,"Clauses with perfective aspect do not exhibit ergative alignment, but rather exhibit pronominal indexing on the verb.","Campbell 1989: 55, 127, 130",True
680,bamb1270,GB409_8,0,"Past-tense clauses do not exhibit ergative alignment, but rather exhibit pronominal indexing on the verb.","Campbell 1989: 55, 60, 127, 130",True
681,bamb1270,GB409_9,0,"Clauses in non-past tense do not exhibit ergative alignment, but rather exhibit pronominal indexing on the verb.","Campbell 1989: 55, 140",True
682,bamb1270,GB409_10,0,"Clauses in indicative mode do not show an ergative alignment, but rather exhibit pronominal indexing on the verb.","Campbell 1989: 12, 47, 55",True
683,bamb1270,GB409_11,0,"Clauses in non-indicative mode do not show an ergative alignment, but rather exhibit pronominal indexing on the verb.","Campbell 1989: 56, 153, 155",True
684,bamb1270,GB409_12,0,"Clauses with realis status do not show ergative alignment, but rather exhibit pronominal indexing on the verb.","Campbell 1989: 55, 60, 140",True
685,bamb1270,GB409_13,0,"Clauses with irrealis status do not show ergative alignment, but rather exhibit pronominal indexing on the verb.","Campbell 1989: 12, 55, 139-140",True
686,bamb1270,GB409_14,0,"In the context of an agentive A argument, ergative alignment is not observed.","Campbell 1989: 55-56, 60",True
687,bamb1270,GB409_15,0,"In the context of a non-agentive argument A, ergative alignment is not observed.","Campbell 1989: 12, 55, 106",True
688,bamb1270,GB409_16,0,"In the context of a topical A, ergative alignment is not shown.",Campbell 1989: 53-55,True
689,bamb1270,GB409_17,0,"In the context of a topical A, ergative alignment is not shown.","Campbell 1989: 47, 55",True
690,bamb1270,GB409_18,0,Clauses with animated A arguments do not exhibit ergative alignment.,"Campbell 1989: 12, 56",True
691,bamb1270,GB409_19,0,Clauses with non-animated A arguments do not exhibit ergative alignment.,Campbell 1989: 94-95,True
692,bamb1270,GB409_20,1,Main clauses exhibit ergative alignment.,"Campbell 1989: 49, 55",True
693,bamb1270,GB409_21,1,Non-main clauses exhibit ergative alignment.,"Campbell 1989: 52, 109",True
694,bamb1270,GB409_22,1,"Ergative marking is conditioned by the nature of NP. Specifically, the system is one of split ergativity: the ergative-absolutive marking occurs only in bound pronouns and free pronouns have no morphological case marking.","Campbell 1989: 12, 55-56",True
695,bamb1270,GB409_23,1,The ergative case has the same mark as the genitive marker.,"Campbell 1989: 48, 52",True
696,bamb1270,GB409_24,0,The ergative case does not have the same marker as the instrumental or comitative marker.,"Campbell 1989: 12, 100, 119",True
697,bant1281,GB409_1,0,There is no explicit marker for the absolutive case.,,True
698,bant1281,GB409_2,1,First-person pronouns show ergative alignment.,,True
699,bant1281,GB409_3,1,Second-person pronouns show ergative alignment.,,True
700,bant1281,GB409_4,1,Third-person pronouns show ergative alignment.,,True
701,bant1281,GB409_5,1,Full NP's exhibit ergative alignment.,,True
702,bant1281,GB409_6,1,Ergative alignment present in the imperfective aspect.,,True
703,bant1281,GB409_7,1,Ergative alignment occurs in the perfective aspect.,,True
704,bant1281,GB409_8,1,Ergative alignment occurs in past tense clauses.,,True
705,bant1281,GB409_9,1,Ergative alignment applied in non-past times.,,True
706,bant1281,GB409_10,1,Ergative alignment is presented in indicative mode.,,True
707,bant1281,GB409_11,1,Ergative alignment is presented in non-indicative mode.,,True
708,bant1281,GB409_12,1,Ergative alignment is present in the realis status.,,True
709,bant1281,GB409_13,1,Ergative alignment is present in the irrealis status.,,True
710,bant1281,GB409_14,1,"In the context of an agentive A argument, ergative alignment is observed.",,True
711,bant1281,GB409_15,1,"In the context of a non-agentive argument A, ergative alignment is observed.",,True
712,bant1281,GB409_16,1,"In the context of a topical A, ergative alignment is shown.",,True
713,bant1281,GB409_17,1,"In the context of a non-topical A, ergative alignment is shown.",,True
714,bant1281,GB409_18,1,Clauses with animated A arguments exhibit ergative alignment.,,True
715,bant1281,GB409_19,1,Clauses with non-animated A arguments exhibit ergative alignment.,,True
716,bant1281,GB409_20,1,Main clauses exhibit ergative alignment.,,True
717,bant1281,GB409_21,1,Non-main clauses exhibit ergative alignment.,,True
718,bant1281,GB409_22,1,"Ergative marking is conditioned by differential object marking. Although the standard pattern is Agent-ERG (-ʔa) and Patient-ABS (-Ø), the Patient (P) may be explicitly marked with the dative suffix -lai if it is animate, definite, or if emphasis is required to avoid ambiguity.",,True
719,bant1281,GB409_23,0,The ergative case does not have the same marker as the genitive case.,,True
720,bant1281,GB409_24,1,"The ergative case has the same mark as the instrumental case, but is different from the comitative case.",,True
721,bara1357,GB409_1,0,There is no explicit marker for the absolutive case.,Dhakal 2014: 54,True
722,bara1357,GB409_2,1,First-person pronouns show ergative alignment.,"Dhakal 2014: 54-55, 62",True
723,bara1357,GB409_3,1,Second-person pronouns show ergative alignment.,"Dhakal 2014: 53, 55",True
724,bara1357,GB409_4,1,Third-person pronouns show ergative alignment.,Dhakal 2014: 55,True
725,bara1357,GB409_5,1,Full NPs exhibit ergative-absolutive alignment.,Dhakal 2014: 54,True
726,bara1357,GB409_6,1,Clauses with imperfective aspect exhibit ergative alignment.,Dhakal 2014: 58,True
727,bara1357,GB409_7,1,Clauses with perfective aspect exhibit ergative alignment.,"Dhakal 2014: 54, 62",True
728,bara1357,GB409_8,1,Past-tense clauses exhibit ergative alignment.,"Dhakal 2014: 54, 62",True
729,bara1357,GB409_9,1,Clauses in non-past tense exhibit ergative alignment.,Dhakal 2014: 59,True
730,bara1357,GB409_10,1,Clauses in indicative mood show ergative alignment.,"Dhakal 2014: 54, 59",True
731,bara1357,GB409_11,1,Clauses in non-indicative mood show ergative alignment.,"Dhakal 2014: 55, 64",True
732,bara1357,GB409_12,1,Clauses with realis status show ergative alignment.,"Dhakal 2014: 54, 59, 62",True
733,bara1357,GB409_13,1,Clauses with irrealis status show ergative alignment.,"Dhakal 2014: 59-60, 64",True
734,bara1357,GB409_14,1,"In the context of an agentive A argument, ergative alignment is observed.","Dhakal 2014: 54, 62",True
735,bara1357,GB409_15,1,Ergative alignment is observed for non-agentive A. Note: original citation (pp.63-64) covers clause syntax rather than agentivity per se; the value 1 is supported by the absence of any documented agentivity split in Dhakal (2014) and the consistent ergative marking across all documented clause types.,Dhakal 2014: 63-64,True
736,bara1357,GB409_16,1,"In the context of a topical A, ergative alignment is shown.",Dhakal 2014: 54-55,True
737,bara1357,GB409_17,1,"In the context of a non-topical A, ergative alignment is shown.","Dhakal 2014: 55, 58",True
738,bara1357,GB409_18,1,Clauses with animate A arguments exhibit ergative alignment.,"Dhakal 2014: 54, 58, 62",True
739,bara1357,GB409_19,1,Clauses with inanimate A arguments exhibit ergative alignment.,Dhakal 2014: 55,True
740,bara1357,GB409_20,1,Main clauses exhibit ergative alignment.,"Dhakal 2014: 54, 59",True
741,bara1357,GB409_21,1,Non-main clauses exhibit ergative alignment.,Dhakal 2014: 64,True
742,bara1357,GB409_22,1,"Ergative marking is conditioned by differential object marking: when the object is highly affected/definite, the NOM-ACC pattern can emerge; the ergative marker is -e/-i (also used as instrumental). This split is based on transitivity scale / object properties.",Dhakal 2014: 54,True
743,bara1357,GB409_23,0,The ergative case does not have the same marker as the genitive case.,Dhakal 2014: 54-55,True
744,bara1357,GB409_24,1,The ergative marker -e/-i is also the instrumental marker. Comitative uses a different marker (-səŋ). ERG=INST confirmed.,Dhakal 2014: 54,True
745,basq1248,GB409_1,0,There is not explicit marker for the absolutive case.,,True
746,basq1248,GB409_2,1,First-person pronouns show ergative alignment.,,True
747,basq1248,GB409_3,1,Second-person pronouns show ergative alignment.,,True
748,basq1248,GB409_4,1,Third-person pronouns show ergative alignment.,,True
749,basq1248,GB409_5,1,Full NP's exhibit ergative-absolutive alignment.,,True
750,basq1248,GB409_6,1,Clauses with imperfective aspect exhibit ergative alignment.,,True
751,basq1248,GB409_7,1,Clauses with perfective aspect exhibit ergative alignment.,,True
752,basq1248,GB409_8,1,Past-tense clauses exhibit ergative alignment.,,True
753,basq1248,GB409_9,1,Clauses in non-past tense exhibit ergative alignment.,,True
754,basq1248,GB409_10,1,Clauses in indicative mode show an ergative alignment.,,True
755,basq1248,GB409_11,1,Clauses in non-indicative mode show an ergative alignment.,,True
756,basq1248,GB409_12,1,Clauses with realis status show ergative alignment.,,True
757,basq1248,GB409_13,1,Clauses with irrealis status show ergative alignment.,,True
758,basq1248,GB409_14,1,"In the context of an agentive A argument, ergative alignment is observed.",,True
759,basq1248,GB409_15,1,"In the context of a non-agentive argument A, ergative alignment is observed.",,True
760,basq1248,GB409_16,1,"In the context of a topical A, ergative alignment is shown.",,True
761,basq1248,GB409_17,1,"In the context of a non-topical A, ergative alignment is shown.",,True
762,basq1248,GB409_18,1,Clauses with animated A arguments exhibit ergative alignment.,,True
763,basq1248,GB409_19,1,Clauses with non-animated A arguments exhibit ergative alignment.,,True
764,basq1248,GB409_20,1,Main clauses exhibit ergative alignment.,,True
765,basq1248,GB409_21,1,Non-main clauses exhibit ergative alignment.,,True
766,basq1248,GB409_22,1,Ergative marking is conditioned by split intransitivity.,,True
767,basq1248,GB409_23,0,The ergative marker  does not have the same form as the genitive marker.,,True
768,basq1248,GB409_24,0,The ergative case does not have the same marker as the instrumental or comitative marker.,,True
769,bawm1236,GB409_1,0,There is not explicit marker for the absolutive case.,,True
770,bawm1236,GB409_2,1,First-person pronouns show nominative-accusative alignment.,,True
771,bawm1236,GB409_3,1,Second-person pronouns show nominative-accusative alignment.,,True
772,bawm1236,GB409_4,1,Third-person pronouns show ergative alignment.,,True
773,bawm1236,GB409_5,1,Full NP's exhibit ergative alignment.,,True
774,bawm1236,GB409_6,1,Ergative alignment occurs in the imperfective aspect.,,True
775,bawm1236,GB409_7,1,Ergative alignment occurs in the perfective aspect.,,True
776,bawm1236,GB409_8,1,Ergative alignment occurs in past tense clauses.,,True
777,bawm1236,GB409_9,1,Ergative alignment is applied in non-past times.,,True
778,bawm1236,GB409_10,1,Ergative alignment occurs in sentences in the indicative mood.,,True
779,bawm1236,GB409_11,1,Ergative alignment occurs in sentences in the non-indicative mood.,,True
780,bawm1236,GB409_12,1,Ergative alignment occurs in clauses with real status.,,True
781,bawm1236,GB409_13,1,Ergative alignment occurs in clauses with irrealis status.,,True
782,bawm1236,GB409_14,1,Ergative alignment exists in the context of an agentive A argument.,,True
783,bawm1236,GB409_15,1,Ergative alignment exists in the context of a non-agentive argument A.,,True
784,bawm1236,GB409_16,1,Ergative alignment applies to topic arguments A.,,True
785,bawm1236,GB409_17,1,Ergative alignment occurs when argument A is not the main topic of the sentence.,,True
786,bawm1236,GB409_18,1,"Ergative alignment occurs in clauses with an animate argument A, whether human or non-human.",,True
787,bawm1236,GB409_19,1,Ergative alignment occurs in clauses with an inanimate argument A.,,True
788,bawm1236,GB409_20,1,Ergative alignment occurs in main clauses.,,True
789,bawm1236,GB409_21,1,Non-principal clauses exhibit ergative alignment.,,True
790,bawm1236,GB409_22,0,Ergative alignment is not conditioned by any other factor.,,True
791,bawm1236,GB409_23,0,The ergative case does not have the same mark as the genitive marker.,,True
792,bawm1236,GB409_24,0,The ergative case does not have the same marker as the instrumental or comitative marker.,,True
793,bayb1234,GB409_1,1,There is an explicit marker for the absolutive case.,Rubino 2005: 316-317,True
794,bayb1234,GB409_2,1,First-person pronouns follow an ergative alignment pattern.,"Rubino 2005: 312, 315",True
795,bayb1234,GB409_3,1,Second-person pronouns follow an ergative alignment pattern.,"Rubino 2005: 312, 315",True
796,bayb1234,GB409_4,1,Third-person pronouns follow an ergative alignment pattern.,"Rubino 2005: 312, 316",True
797,bayb1234,GB409_5,1,Full NP's exhibit ergative alignment.,"Rubino 2005: 316-317, 320",True
798,bayb1234,GB409_6,1,Clauses with imperfective aspect exhibit ergative alignment.,"Rubino 2005: 320-321, 326",True
799,bayb1234,GB409_7,1,Clauses with perfective aspect exhibit ergative alignment.,Rubino 2005: 320,True
800,bayb1234,GB409_8,1,Past-tense clauses exhibit ergative alignment.,"Rubino 2005: 312, 319-320",True
801,bayb1234,GB409_9,1,Clauses in non-past tense exhibit ergative alignment.,"Rubino 2005: 320-321, 326",True
802,bayb1234,GB409_10,1,Clauses in indicative mode show an ergative alignment.,"Rubino 2005: 312, 319-320",True
803,bayb1234,GB409_11,1,Clauses in non-indicative mode show an ergative alignment.,"Rubino 2005: 320-321, 326",True
804,bayb1234,GB409_12,1,Clauses with realis status show ergative alignment.,Rubino 2005: 320,True
805,bayb1234,GB409_13,1,Clauses with irrealis status show ergative alignment.,"Rubino 2005: 315, 320-321, 326",True
806,bayb1234,GB409_14,1,"In the context of an agentive A argument, ergative alignment is observed.","Rubino 2005: 312, 320",True
807,bayb1234,GB409_15,1,"In the context of a non-agentive argument A, ergative alignment is observed.","Rubino 2005: 320, 326",True
808,bayb1234,GB409_16,1,"In the context of a topical A, ergative alignment is shown.","Rubino 2005: 312, 320-321",True
809,bayb1234,GB409_17,1,"In the context of a topical A, ergative alignment is shown.","Rubino 2005: 317, 320",True
810,bayb1234,GB409_18,1,Clauses with animated A arguments exhibit ergative alignment.,"Rubino 2005: 312, 317, 320",True
811,bayb1234,GB409_19,1,Clauses with non-animated A arguments exhibit ergative alignment.,Rubino 2005: 316-317,True
812,bayb1234,GB409_20,1,Main clauses exhibit ergative alignment.,"Rubino 2005: 312, 320",True
813,bayb1234,GB409_21,1,Non-main clauses exhibit ergative alignment.,"Rubino 2005: 315, 324, 326",True
814,bayb1234,GB409_22,1,Ergative marking is conditioned by the definiteness of the argument P.,"Rubino 2005: 317, 320",True
815,bayb1234,GB409_23,1,The ergative case has the same mark as the genitive marker.,"Rubino 2005: 316-317, 320",True
816,bayb1234,GB409_24,1,"The ergative case has the same mark as the instrumental marker, but there is no information about the comitative one.","Rubino 2005: 312, 317, 320",True
817,belh1239,GB409_1,1,"There is an explicit marker for the absolutive case, but it is used only with the singular interrogative pronoun.",,True
818,belh1239,GB409_2,1,"First-person pronouns show ergative alignment, but only inclusive first-person pronouns receive explicit ergative marking (split ergativity).",,True
819,belh1239,GB409_3,1,Second-person pronouns show ergative alignment.,,True
820,belh1239,GB409_4,1,Third-person pronouns show ergative alignment.,,True
821,belh1239,GB409_5,1,Full NP's exhibit ergative alignment.,,True
822,belh1239,GB409_6,1,Ergative alignment present in the imperfective aspect.,,True
823,belh1239,GB409_7,1,Ergative alignment occurs in the perfective aspect.,,True
824,belh1239,GB409_8,1,Ergative alignment occurs in past tense clauses.,,True
825,belh1239,GB409_9,1,Ergative alignment applied in non-past times.,,True
826,belh1239,GB409_10,1,Ergative alignment is presented in indicative mode.,,True
827,belh1239,GB409_11,1,Ergative alignment is presented in non-indicative mode.,,True
828,belh1239,GB409_12,1,Ergative alignment is present in the realis status.,,True
829,belh1239,GB409_13,1,Ergative alignment is present in the irrealis status.,,True
830,belh1239,GB409_14,1,"In the context of an agentive A argument, ergative alignment is observed.",,True
831,belh1239,GB409_15,1,"In the context of a non-agentive argument A, ergative alignment is observed.",,True
832,belh1239,GB409_16,1,"In the context of a topical A, ergative alignment is shown.",,True
833,belh1239,GB409_17,1,"In the context of a non-topical A, ergative alignment is shown.",,True
834,belh1239,GB409_18,1,Clauses with animated A arguments exhibit ergative alignment.,,True
835,belh1239,GB409_19,1,Clauses with non-animated A arguments exhibit ergative alignment.,,True
836,belh1239,GB409_20,1,Main clauses exhibit ergative alignment.,,True
837,belh1239,GB409_21,1,Non-main clauses exhibit ergative alignment.,,True
838,belh1239,GB409_22,1,Ergative marking is conditioned by object specificity and object empathy.,,True
839,belh1239,GB409_23,0,The ergative case does not have the same marker as the genitive case.,,True
840,belh1239,GB409_24,1,"The ergative case has the same mark as the instrumental case, but is different from the comitative case.",,True
841,bert1248,GB409_1,0,There is not explicit marker for the absolutive case.,Andersen 2003: 546,False
842,bert1248,GB409_2,0,First-person pronouns show nominative alignment.,Andersen 2003: 547,False
843,bert1248,GB409_3,0,Second-person pronouns show nominative alignment.,Andersen 2003: 547,False
844,bert1248,GB409_4,0,Third-person pronouns show nominative alignment.,Andersen 2003: 547,False
845,bert1248,GB409_5,0,Full NP's exhibit nominative-accusative alignment.,Andersen 2003: 546-547,False
846,bert1248,GB409_6,0,Clauses with imperfective aspect do not exhibit ergative alignment.,Andersen 2003: 547,False
847,bert1248,GB409_7,0,Clauses with perfective aspect do not exhibit ergative alignment.,Andersen 2003: 547,False
848,bert1248,GB409_8,0,Past-tense clauses do not exhibit ergative alignment.,Andersen 2003: 547,False
849,bert1248,GB409_9,0,Clauses in non-past tense do not exhibit ergative alignment.,Andersen 2003: 547,False
850,bert1248,GB409_10,0,Clauses in indicative mode do not show an ergative alignment.,Andersen 2003: 546,False
851,bert1248,GB409_11,0,Clauses in non-indicative mode do not show an ergative alignment.,Andersen 2003: 547,False
852,bert1248,GB409_12,0,Clauses with realis status do not show ergative alignment.,Andersen 2003: 547,False
853,bert1248,GB409_13,0,Clauses with irrealis status do not show ergative alignment.,Andersen 2003: 547,False
854,bert1248,GB409_14,0,"In the context of an agentive A argument, ergative alignment is not observed.",Andersen 2003: 546-547,False
855,bert1248,GB409_15,0,"In the context of a non-agentive argument A, ergative alignment is not observed.",Andersen 2003: 546-547,False
856,bert1248,GB409_16,0,"In the context of a topical A, ergative alignment is not shown.",Andersen 2003: 546-547,False
857,bert1248,GB409_17,0,"In the context of a non-topical A, ergative alignment is not shown.",Andersen 2003: 547,False
858,bert1248,GB409_18,0,Clauses with animated A arguments do notexhibit ergative alignment.,Andersen 2003: 546-547,False
859,bert1248,GB409_19,0,Clauses with non-animated A arguments do not exhibit ergative alignment.,Andersen 2003: 546-547,False
860,bert1248,GB409_20,0,Main clauses do not exhibit ergative alignment.,Andersen 2003: 546-547,False
861,bert1248,GB409_21,0,Non-main clauses do not exhibit ergative alignment.,Andersen 2003: 546,False
862,bert1248,GB409_22,0,The ergative mark is not conditioned by any other factor because this language follows the nominative mark.,Andersen 2003: 546-547,False
863,bert1248,GB409_23,0,The ergative case does not have the same marker as the genitive case.,Andersen 2003: 546-547,False
864,bert1248,GB409_24,0,"The ergative case does not have the same mark as the instrumental case, but is different from the comitative case.",Andersen 2003: 547,False
865,bier1244,GB409_1,0,There is not explicit marker for the absolutive case.,"Budd 2009: 161, 286",False
866,bier1244,GB409_2,0,First-person pronouns show nominative alignment.,"Budd 2009: 110, 154, 161",False
867,bier1244,GB409_3,0,Second-person pronouns show nominative alignment.,"Budd 2009: 110, 161, 164, 197",False
868,bier1244,GB409_4,0,Third-person pronouns show nominative alignment.,"Budd 2009: 110, 161-163, 287",False
869,bier1244,GB409_5,0,Full NP's do not exhibit ergative-absolutive alignment.,"Budd 2009: 135, 257, 286",False
870,bier1244,GB409_6,0,Clauses with imperfective aspect do not exhibit ergative alignment.,"Budd 2009: 176, 353-354",False
871,bier1244,GB409_7,0,Clauses with perfective aspect do not exhibit ergative alignment.,"Budd 2009: 175, 352",False
872,bier1244,GB409_8,0,Past-tense clauses do not exhibit ergative alignment.,"Budd 2009: 286-287, 351, 422",False
873,bier1244,GB409_9,0,Clauses in non-past tense do not exhibit ergative alignment.,"Budd 2009: 161, 164, 327, 351",False
874,bier1244,GB409_10,0,Clauses in indicative mode do not show an ergative alignment.,"Budd 2009: 286, 351, 354, 356",False
875,bier1244,GB409_11,0,Clauses in non-indicative mode do not show an ergative alignment.,"Budd 2009: 197, 290, 359",False
876,bier1244,GB409_12,0,Clauses with realis status do not show ergative alignment.,"Budd 2009: 286, 327, 351, 354",False
877,bier1244,GB409_13,0,Clauses with irrealis status do not show ergative alignment.,"Budd 2009: 327, 351, 359, 417",False
878,bier1244,GB409_14,0,"In the context of an agentive A argument, ergative alignment is not observed.","Budd 2009: 163, 180, 327",False
879,bier1244,GB409_15,0,"In the context of a non-agentive argument A, ergative alignment is not observed.","Budd 2009: 165, 192, 297, 309, 437",False
880,bier1244,GB409_16,0,"In the context of a topical A, ergative alignment is not shown.","Budd 2009: 286, 296",False
881,bier1244,GB409_17,0,"In the context of a non-topical A, ergative alignment is not shown.","Budd 2009: 286, 354, 437",False
882,bier1244,GB409_18,0,Clauses with animated A arguments do not exhibit ergative alignment.,"Budd 2009: 161-162, 233, 263",False
883,bier1244,GB409_19,0,Clauses with non-animated A arguments do not exhibit ergative alignment.,"Budd 2009: 162-163, 233, 263",False
884,bier1244,GB409_20,0,Main clauses do not exhibit ergative alignment.,"Budd 2009: 163, 282, 286, 356",False
885,bier1244,GB409_21,0,Non-main clauses do not exhibit ergative alignment.,"Budd 2009: 3049-305, 309",False
886,bier1244,GB409_22,0,"Ergative marking is not conditioned by any other factor, because its alignment is nominative.","Budd 2009: 193, 344",False
887,bier1244,GB409_23,0,The ergative marker does not have the same form as the genitive marker.,"Budd 2009: 133, 137, 161, 163",False
888,bier1244,GB409_24,0,The ergative case does not have the same marker as the instrumental or comitative marker.,"Budd 2009: 152-153, 301",False
889,bina1277,GB409_1,0,There is not an explicit marker for the absolutive case.,,True
890,bina1277,GB409_2,1,First-person pronouns follow an ergative alignment pattern.,,True
891,bina1277,GB409_3,1,Second-person pronouns follow an ergative alignment pattern.,,True
892,bina1277,GB409_4,1,Third-person pronouns follow an ergative alignment pattern.,,True
893,bina1277,GB409_5,1,Full NP's exhibit ergative alignment.,,True
894,bina1277,GB409_6,1,Clauses with imperfective aspect exhibit ergative alignment.,,True
895,bina1277,GB409_7,1,Clauses with perfective aspect exhibit ergative alignment.,,True
896,bina1277,GB409_8,1,Past-tense clauses exhibit ergative alignment.,,True
897,bina1277,GB409_9,1,Clauses in non-past tense exhibit ergative alignment.,,True
898,bina1277,GB409_10,1,Clauses in indicative mode show an ergative alignment.,,True
899,bina1277,GB409_11,0,Clauses in non-indicative mode do not show an ergative alignment.,,True
900,bina1277,GB409_12,1,Clauses with realis status show ergative alignment.,,True
901,bina1277,GB409_13,1,Clauses with irrealis status show ergative alignment.,,True
902,bina1277,GB409_14,1,"In the context of an agentive A argument, ergative alignment is observed.",,True
903,bina1277,GB409_15,0,"In the context of a non-agentive argument A, ergative alignment is not observed.",,True
904,bina1277,GB409_16,0,"In the context of a topical A, ergative alignment is not shown.",,True
905,bina1277,GB409_17,1,"In the context of a topical A, ergative alignment is shown.",,True
906,bina1277,GB409_18,1,Clauses with animated A arguments exhibit ergative alignment.,,True
907,bina1277,GB409_19,0,Clauses with non-animated A arguments do not exhibit ergative alignment.,,True
908,bina1277,GB409_20,1,Main clauses exhibit ergative alignment.,,True
909,bina1277,GB409_21,1,Non-main clauses exhibit ergative alignment.,,True
910,bina1277,GB409_22,0,Ergative alignment is not conditioned by any other factor.,,True
911,bina1277,GB409_23,0,The ergative case has the same mark as the genitive marker.,,True
912,bina1277,GB409_24,1,"The ergative case has the same mark as the instrumental case, but is different from the comitative case.",,True
913,binu1244,GB409_1,1,There is an explicit marker for the absolutive case.,,True
914,binu1244,GB409_2,1,First-person pronouns show ergative alignment.,,True
915,binu1244,GB409_3,1,Second-person pronouns show ergative alignment.,,True
916,binu1244,GB409_4,1,Third-person pronouns show ergative alignment.,,True
917,binu1244,GB409_5,1,Full NP's exhibit ergative alignment.,,True
918,binu1244,GB409_6,1,Ergative alignment present in the imperfective aspect.,,True
919,binu1244,GB409_7,1,Ergative alignment occurs in the perfective aspect.,,True
920,binu1244,GB409_8,1,Ergative alignment occurs in past tense clauses.,,True
921,binu1244,GB409_9,1,Ergative alignment applied in non-past times.,,True
922,binu1244,GB409_10,1,Ergative alignment is presented in indicative mode.,,True
923,binu1244,GB409_11,1,Ergative alignment is presented in non-indicative mode.,,True
924,binu1244,GB409_12,1,Ergative alignment is present in the realis status.,,True
925,binu1244,GB409_13,1,Ergative alignment is present in the irrealis status.,,True
926,binu1244,GB409_14,1,"In the context of an agentive A argument, ergative alignment is observed.",,True
927,binu1244,GB409_15,1,"In the context of a non-agentive argument A, ergative alignment is observed.",,True
928,binu1244,GB409_16,1,"In the context of a topical A, ergative alignment is shown.",,True
929,binu1244,GB409_17,1,"In the context of a non-topical A, ergative alignment is shown.",,True
930,binu1244,GB409_18,1,Clauses with animated A arguments exhibit ergative alignment.,,True
931,binu1244,GB409_19,1,Clauses with non-animated A arguments exhibit ergative alignment.,,True
932,binu1244,GB409_20,1,Main clauses exhibit ergative alignment.,,True
933,binu1244,GB409_21,1,Non-main clauses exhibit ergative alignment.,,True
934,binu1244,GB409_22,1,"Ergative alignment depends on the semantic properties of the object, such as the specificity and definiteness of the argument P.",,True
935,binu1244,GB409_23,1,The ergative case has the same mark as the genitive marker.,,True
936,binu1244,GB409_24,0,The ergative case does not have the same marker as the instrumental or comitative marker.,,True
937,biri1256,GB409_1,0,There is not explicit marker for the absolutive case.,,True
938,biri1256,GB409_2,0,First-person pronouns show nominative alignment.,,True
939,biri1256,GB409_3,0,Second-person pronouns show nominative alignment.,,True
940,biri1256,GB409_4,0,Third-person pronouns show nominative alignment.,,True
941,biri1256,GB409_5,1,Full NP's exhibit ergative-absolutive alignment.,,True
942,biri1256,GB409_6,1,Clauses with imperfective aspect exhibit ergative alignment.,,True
943,biri1256,GB409_7,1,Clauses with perfective aspect exhibit ergative alignment.,,True
944,biri1256,GB409_8,1,Past-tense clauses exhibit ergative alignment.,,True
945,biri1256,GB409_9,1,Clauses in non-past tense exhibit ergative alignment.,,True
946,biri1256,GB409_10,1,Clauses in indicative mode show an ergative alignment.,,True
947,biri1256,GB409_11,1,Clauses in non-indicative mode show an ergative alignment.,,True
948,biri1256,GB409_12,1,Clauses with realis status show ergative alignment.,,True
949,biri1256,GB409_13,1,Clauses with irrealis status show ergative alignment.,,True
950,biri1256,GB409_14,1,"In the context of an agentive A argument, ergative alignment is observed.",,True
951,biri1256,GB409_15,1,"In the context of a non-agentive argument A, ergative alignment is observed.",,True
952,biri1256,GB409_16,1,"In the context of a topical A, ergative alignment is shown.",,True
953,biri1256,GB409_17,1,"In the context of a non-topical A, ergative alignment is shown.",,True
954,biri1256,GB409_18,1,Clauses with animated A arguments do exhibit ergative alignment.,,True
955,biri1256,GB409_19,1,Clauses with non-animated A arguments do exhibit ergative alignment.,,True
956,biri1256,GB409_20,1,Main clauses do exhibit ergative alignment.,,True
957,biri1256,GB409_21,1,Non-main clauses exhibit ergative alignment.,,True
958,biri1256,GB409_22,1,The ergative mark is conditioned by word class or noun phrase type (animacy/pronominality hierarchy).,,True
959,biri1256,GB409_23,0,The ergative case does not have the same marker as the genitive case.,,True
960,biri1256,GB409_24,1,"The ergative case has the same mark as the instrumental case, but is different from the comitative case.",,True
961,boun1245,GB409_1,0,There is no explicit marker for the absolutive case.,Merlan and Rumsey 1991: 337,True
962,boun1245,GB409_2,1,First-person pronouns show ergative alignment.,"Merlan and Rumsey 1991: 333, 335, 337",True
963,boun1245,GB409_3,1,Second-person pronouns show ergative alignment.,"Merlan and Rumsey 1991: 331, 335, 337",True
964,boun1245,GB409_4,1,Third-person pronouns show ergative alignment.,"Merlan and Rumsey 1991: 333, 335, 337",True
965,boun1245,GB409_5,1,Full NPs exhibit ergative-absolutive alignment.,Merlan and Rumsey 1991: 337-339,True
966,boun1245,GB409_6,1,Clauses with imperfective aspect exhibit ergative alignment.,"Merlan and Rumsey 1991: 327-328, 339",True
967,boun1245,GB409_7,1,Clauses with perfective aspect exhibit ergative alignment.,"Merlan and Rumsey 1991: 327-328, 337, 340",True
968,boun1245,GB409_8,1,Past-tense clauses exhibit ergative alignment.,"Merlan and Rumsey 1991: 327-328, 337",True
969,boun1245,GB409_9,1,Clauses in non-past tense exhibit ergative alignment.,"Merlan and Rumsey 1991: 327, 330, 333, 339",True
970,boun1245,GB409_10,1,Clauses in indicative mood show ergative alignment.,Merlan and Rumsey 1991: 327,True
971,boun1245,GB409_11,1,Clauses in non-indicative mood show ergative alignment.,Merlan and Rumsey 1991: 331-332,True
972,boun1245,GB409_12,1,Clauses with realis status show ergative alignment.,"Merlan and Rumsey 1991: 327-328, 337-339",True
973,boun1245,GB409_13,1,Clauses with irrealis status show ergative alignment.,Merlan and Rumsey 1991: 330-333,True
974,boun1245,GB409_14,1,"In the context of an agentive A argument, ergative alignment is observed.","Merlan and Rumsey 1991: 337, 339-340",True
975,boun1245,GB409_15,1,"In the context of a non-agentive A, ergative alignment is observed. Merlan and Rumsey (1991: 339) document Type IV clause constructions where experiencer-like arguments (e.g., 'hunger-ERG', 'sleep-ERG') take the ergative marker.",Merlan and Rumsey 1991: 339,True
976,boun1245,GB409_16,1,"No topicality-based split is documented in Merlan and Rumsey (1991). The optional dropping of -n(i) is conditioned by phonological/discourse factors, not by the topicality of A per se. Topical A retains ergative marking. Changed from original annotation '?' to 1.",Merlan and Rumsey 1991: 337-339,True
977,boun1245,GB409_17,1,No topicality-based split documented. Non-topical A takes ergative marking as expected. Changed from original annotation '?' to 1.,Merlan and Rumsey 1991: 337-339,True
978,boun1245,GB409_18,1,Clauses with animate A arguments exhibit ergative alignment.,"Merlan and Rumsey 1991: 337, 339-340",True
979,boun1245,GB409_19,1,Clauses with inanimate A arguments exhibit ergative alignment.,Merlan and Rumsey 1991: 339,True
980,boun1245,GB409_20,1,Main clauses exhibit ergative alignment.,Merlan and Rumsey 1991: 337-339,True
981,boun1245,GB409_21,1,Non-main clauses exhibit ergative alignment.,Merlan and Rumsey 1991: 340,True
982,boun1245,GB409_22,1,"Ergative marking is conditioned by a split intransitivity system based on control of the S argument (five clause types distinguished in Ku Waru), not purely topicality or animacy.",Merlan and Rumsey 1991: 338,True
983,boun1245,GB409_23,0,The ergative marker does not have the same form as the genitive marker.,Merlan and Rumsey 1991: 335,True
984,boun1245,GB409_24,1,The ergative marker -n(i) is also used as the instrumental marker. Comitative uses a different form. ERG=INST confirmed.,Merlan and Rumsey 1991: 335,True
985,bugi1244,GB409_1,1,There is an explicit marker for the absolutive case.,,True
986,bugi1244,GB409_2,1,First-person pronouns follow an ergative alignment pattern.,,True
987,bugi1244,GB409_3,1,Second-person pronouns follow an ergative alignment pattern.,,True
988,bugi1244,GB409_4,1,Third-person pronouns follow an ergative alignment pattern.,,True
989,bugi1244,GB409_5,0,Full NP's do not exhibit ergative alignment.,,True
990,bugi1244,GB409_6,1,Clauses with imperfective aspect exhibit ergative alignment.,,True
991,bugi1244,GB409_7,1,Clauses with perfective aspect exhibit ergative alignment.,,True
992,bugi1244,GB409_8,1,Past-tense clauses exhibit ergative alignment.,,True
993,bugi1244,GB409_9,1,Clauses in non-past tense exhibit ergative alignment.,,True
994,bugi1244,GB409_10,1,Clauses in indicative mode show an ergative alignment.,,True
995,bugi1244,GB409_11,1,Clauses in non-indicative mode show an ergative alignment.,,True
996,bugi1244,GB409_12,1,Clauses with realis status show ergative alignment.,,True
997,bugi1244,GB409_13,1,Clauses with irrealis status show ergative alignment.,,True
998,bugi1244,GB409_14,1,"In the context of an agentive A argument, ergative alignment is observed.",,True
999,bugi1244,GB409_15,1,"In the context of a non-agentive argument A, ergative alignment is observed.",,True
1000,bugi1244,GB409_16,1,"In the context of a topical A, ergative alignment is shown.",,True
1001,bugi1244,GB409_17,0,"In the context of a topical A, ergative alignment is not shown.",,True
1002,bugi1244,GB409_18,1,Clauses with animated A arguments exhibit ergative alignment.,,True
1003,bugi1244,GB409_19,1,Clauses with non-animated A arguments exhibit ergative alignment.,,True
1004,bugi1244,GB409_20,1,Main clauses exhibit ergative alignment.,,True
1005,bugi1244,GB409_21,1,Non-main clauses exhibit ergative alignment.,,True
1006,bugi1244,GB409_22,1,Ergative alignment is conditioned by a pragmatic factor: the definiteness or individuation of the patient.,,True
1007,bugi1244,GB409_23,0,The ergative case do not have the same mark as the genitive marker.,,True
1008,bugi1244,GB409_24,0,The ergative case does not have the same marker as the instrumental or comitative marker.,,True
1009,bujh1238,GB409_1,0,There is not an explicit marker for the absolutive case.,,True
1010,bujh1238,GB409_2,1,First-person pronouns show ergative alignment.,,True
1011,bujh1238,GB409_3,1,Second-person pronouns show ergative alignment.,,True
1012,bujh1238,GB409_4,1,Third-person pronouns show ergative alignment.,,True
1013,bujh1238,GB409_5,1,Full NP's exhibit ergative alignment.,,True
1014,bujh1238,GB409_6,1,Ergative alignment present in the imperfective aspect.,,True
1015,bujh1238,GB409_7,1,Ergative alignment occurs in the perfective aspect.,,True
1016,bujh1238,GB409_8,1,Ergative alignment occurs in past tense clauses.,,True
1017,bujh1238,GB409_9,1,Ergative alignment applied in non-past times.,,True
1018,bujh1238,GB409_10,1,Ergative alignment is presented in indicative mode.,,True
1019,bujh1238,GB409_11,1,Ergative alignment is presented in non-indicative mode.,,True
1020,bujh1238,GB409_12,1,Ergative alignment is present in the realis status.,,True
1021,bujh1238,GB409_13,1,Ergative alignment is present in the irrealis status.,,True
1022,bujh1238,GB409_14,1,"In the context of an agentive A argument, ergative alignment is observed.",,True
1023,bujh1238,GB409_15,1,"In the context of a non-agentive argument A, ergative alignment is observed.",,True
1024,bujh1238,GB409_16,1,"In the context of a topical A, ergative alignment is shown.",,True
1025,bujh1238,GB409_17,1,"In the context of a non-topical A, ergative alignment is shown.",,True
1026,bujh1238,GB409_18,1,Clauses with animated A arguments exhibit ergative alignment.,,True
1027,bujh1238,GB409_19,1,Clauses with non-animated A arguments exhibit ergative alignment.,,True
1028,bujh1238,GB409_20,1,Main clauses exhibit ergative alignment.,,True
1029,bujh1238,GB409_21,1,Non-main clauses exhibit ergative alignment.,,True
1030,bujh1238,GB409_22,1,"Ergative alignment is conditioned by the semantic properties of the object, specifically humanity and definiteness.",,True
1031,bujh1238,GB409_23,0,The ergative case do not have the same mark as the genitive marker.,,True
1032,bujh1238,GB409_24,1,"The ergative case has the same mark as the instrumental case, but is different from the comitative case.",,True
1033,bund1253,GB409_1,0,There is not explicit marker for the absolutive case.,,True
1034,bund1253,GB409_2,1,First-person pronouns show ergative alignment.,,True
1035,bund1253,GB409_3,1,Second-person pronouns show ergative alignment.,,True
1036,bund1253,GB409_4,1,Third-person pronouns show ergative alignment.,,True
1037,bund1253,GB409_5,1,Full NP's exhibit ergative-absolutive alignment.,,True
1038,bund1253,GB409_6,0,Clauses with imperfective aspect do  not exhibit ergative alignment.,,True
1039,bund1253,GB409_7,1,Clauses with perfective aspect exhibit ergative alignment.,,True
1040,bund1253,GB409_8,1,Past-tense clauses exhibit ergative alignment.,,True
1041,bund1253,GB409_9,0,Clauses in non-past tense do not exhibit ergative alignment.,,True
1042,bund1253,GB409_10,1,Clauses in indicative mode show an ergative alignment.,,True
1043,bund1253,GB409_11,1,Clauses in non-indicative mode show an ergative alignment.,,True
1044,bund1253,GB409_12,1,Clauses with realis status show ergative alignment.,,True
1045,bund1253,GB409_13,1,Clauses with irrealis status show ergative alignment.,,True
1046,bund1253,GB409_14,1,"In the context of an agentive A argument, ergative alignment is observed.",,True
1047,bund1253,GB409_15,0,"In the context of a non-agentive argument A, ergative alignment is not observed.",,True
1048,bund1253,GB409_16,1,"In the context of a topical A, ergative alignment is shown.",,True
1049,bund1253,GB409_17,1,"In the context of a non-topical A, ergative alignment is shown.",,True
1050,bund1253,GB409_18,1,Clauses with animated A arguments do exhibit ergative alignment.,,True
1051,bund1253,GB409_19,1,Clauses with non-animated A arguments exhibit ergative alignment.,,True
1052,bund1253,GB409_20,1,Main clauses do exhibit ergative alignment.,,True
1053,bund1253,GB409_21,1,Non-main clauses exhibit ergative alignment.,,True
1054,bund1253,GB409_22,1,"The ergative mark is conditioned by the lexical semantics of the verb, specifically manifested in split intransitivity and in lexical exceptions of transitive verbs.",,True
1055,bund1253,GB409_23,0,The ergative case does not have the same marker as the genitive case.,,True
1056,bund1253,GB409_24,0,The ergative case does not have the same marker as the instrumental or comitative marker.,,True
1057,byan1241,GB409_1,0,There is not explicit marker for the absolutive case.,,True
1058,byan1241,GB409_2,1,First-person pronouns show ergative alignment.,,True
1059,byan1241,GB409_3,1,Second-person pronouns show ergative alignment.,,True
1060,byan1241,GB409_4,1,Third-person pronouns show ergative alignment.,,True
1061,byan1241,GB409_5,1,Full NP's exhibit ergative-absolutive alignment.,,True
1062,byan1241,GB409_6,1,Clauses with imperfective aspect exhibit ergative alignment.,,True
1063,byan1241,GB409_7,1,Clauses with perfective aspect exhibit ergative alignment.,,True
1064,byan1241,GB409_8,1,Past-tense clauses exhibit ergative alignment.,,True
1065,byan1241,GB409_9,1,Clauses in non-past tense exhibit ergative alignment.,,True
1066,byan1241,GB409_10,1,Clauses in indicative mode show an ergative alignment.,,True
1067,byan1241,GB409_11,1,Clauses in non-indicative mode show an ergative alignment.,,True
1068,byan1241,GB409_12,1,Clauses with realis status show ergative alignment.,,True
1069,byan1241,GB409_13,1,Clauses with irrealis status show ergative alignment.,,True
1070,byan1241,GB409_14,1,"In the context of an agentive A argument, ergative alignment is observed.",,True
1071,byan1241,GB409_15,1,"In the context of a non-agentive argument A, ergative alignment is observed.",,True
1072,byan1241,GB409_16,1,"In the context of an agentive A argument, ergative alignment is observed.",,True
1073,byan1241,GB409_17,1,"In the context of a non-agentive argument A, ergative alignment is observed.",,True
1074,byan1241,GB409_18,1,Clauses with animated A arguments exhibit ergative alignment.,,True
1075,byan1241,GB409_19,1,Clauses with non-animated A arguments exhibit ergative alignment.,,True
1076,byan1241,GB409_20,1,Main clauses exhibit ergative alignment.,,True
1077,byan1241,GB409_21,1,Non-main clauses exhibit ergative alignment.,,True
1078,byan1241,GB409_22,1,Ergative marking is conditioned by the semantic class of the transitive verb.,,True
1079,byan1241,GB409_23,0,The ergative marker do not have the same form as the genitive marker.,,True
1080,byan1241,GB409_24,1,"The ergative case has the same mark as the instrumental case, but is different from the comitative case.",,True
1081,caca1251,GB409_1,0,The absolutive is the unmarked case in Kakataibo. Both full NPs and pronouns in P function bear no case marker.,,True
1082,caca1251,GB409_2,0,"Pronouns follow tripartite alignment: A==(a)n, S==x, P=∅. This is NOT ergative alignment (S and P are not treated alike).",,True
1083,caca1251,GB409_3,0,Same as 1st person: tripartite alignment on pronouns. S and P are not treated alike.,,True
1084,caca1251,GB409_4,0,Same as 1st and 2nd person: tripartite alignment on pronouns.,,True
1085,caca1251,GB409_5,1,"Full NPs follow ergative alignment: A marked with =(a)n / =nën (ERG), S and P unmarked (ABS).",,True
1086,caca1251,GB409_6,1,No aspect-based split is documented. Ergative alignment on full NPs applies regardless of aspect.,,True
1087,caca1251,GB409_7,1,No aspect-based split is documented. Ergative alignment on full NPs applies regardless of aspect.,,True
1088,caca1251,GB409_8,1,No tense-based split is documented. Ergative alignment on full NPs applies regardless of tense.,,True
1089,caca1251,GB409_9,1,No tense-based split is documented. Ergative alignment on full NPs applies regardless of tense.,,True
1090,caca1251,GB409_10,1,No mood-based split is documented. Ergative alignment on full NPs applies regardless of mood.,,True
1091,caca1251,GB409_11,1,No mood-based split is documented. Ergative alignment on full NPs applies regardless of mood.,,True
1092,caca1251,GB409_12,1,No realis/irrealis split is documented for case marking. Ergative alignment on full NPs applies in realis contexts.,,True
1093,caca1251,GB409_13,1,No realis/irrealis split is documented for case marking. Ergative alignment on full NPs applies in irrealis contexts.,,True
1094,caca1251,GB409_14,1,No agentivity-based split is documented. Ergative alignment on full NPs applies with agentive A.,,True
1095,caca1251,GB409_15,1,No agentivity-based split is documented. Ergative alignment on full NPs applies with non-agentive A.,,True
1096,caca1251,GB409_16,1,"No topicality-based split in basic case marking. Note: §16.5 documents discourse-level variation where NPs may follow tripartite alignment, but the default is ergative.",,True
1097,caca1251,GB409_17,1,No topicality-based split in basic case marking. Ergative alignment on full NPs applies with non-topical A.,,True
1098,caca1251,GB409_18,1,No animacy-based split is documented. Ergative alignment on full NPs applies with animate A.,,True
1099,caca1251,GB409_19,1,No animacy-based split is documented. Ergative alignment on full NPs applies with inanimate A.,,True
1100,caca1251,GB409_20,1,Ergative alignment on full NPs is documented in main clauses.,,True
1101,caca1251,GB409_21,1,Ergative alignment on full NPs also applies in dependent/nominalized clauses.,,True
1102,caca1251,GB409_22,1,§16.5 documents discourse-level variation where NPs may follow tripartite alignment if referring to previously introduced topics.,,True
1103,caca1251,GB409_23,1,"Yes. The marker =(a)n expresses ergative, genitive, instrumental, and temporal locative functions (multifunctional marker).",,True
1104,caca1251,GB409_24,1,Yes for instrumental: =(a)n marks both ergative and instrumental. No for comitative: comitative has distinct markers -bë(ton) and -këñun.,,True
1105,caml1239,GB409_1,0,There is not an explicit marker for the absolutive case.,,True
1106,caml1239,GB409_2,0,First-person pronouns do not follow an ergative alignment pattern.,,True
1107,caml1239,GB409_3,0,Second-person pronouns do not follow an ergative alignment pattern.,,True
1108,caml1239,GB409_4,1,Third-person pronouns follow an ergative alignment pattern.,,True
1109,caml1239,GB409_5,1,Full NP's exhibit ergative alignment.,,True
1110,caml1239,GB409_6,1,Clauses with imperfective aspect exhibit ergative alignment.,,True
1111,caml1239,GB409_7,1,Clauses with perfective aspect exhibit ergative alignment.,,True
1112,caml1239,GB409_8,1,Past-tense clauses exhibit ergative alignment.,,True
1113,caml1239,GB409_9,1,Clauses in non-past tense exhibit ergative alignment.,,True
1114,caml1239,GB409_10,1,Clauses in indicative mode show an ergative alignment.,,True
1115,caml1239,GB409_11,1,Clauses in non-indicative mode show an ergative alignment.,,True
1116,caml1239,GB409_12,1,Clauses with realis status show ergative alignment.,,True
1117,caml1239,GB409_13,1,Clauses with irrealis status show ergative alignment.,,True
1118,caml1239,GB409_14,1,"In the context of an agentive A argument, ergative alignment is observed.",,True
1119,caml1239,GB409_15,1,"In the context of a non-agentive argument A, ergative alignment is observed.",,True
1120,caml1239,GB409_16,1,"In the context of a topical A, ergative alignment is shown.",,True
1121,caml1239,GB409_17,1,"In the context of a topical A, ergative alignment is not shown.",,True
1122,caml1239,GB409_18,1,Clauses with animated A arguments exhibit ergative alignment.,,True
1123,caml1239,GB409_19,1,Clauses with non-animated A arguments exhibit ergative alignment.,,True
1124,caml1239,GB409_20,1,Main clauses exhibit ergative alignment.,,True
1125,caml1239,GB409_21,1,Non-main clauses exhibit ergative alignment.,,True
1126,caml1239,GB409_22,1,Ergative alignment is conditioned by the Differential Object Marking based on animacy/humanity.,,True
1127,caml1239,GB409_23,0,The ergative case do not have the same mark as the genitive marker.,,True
1128,caml1239,GB409_24,1,"The ergative case has the same mark as the instrumental case, but is different from the comitative case.",,True
1129,casi1235,GB409_1,1,There is an explicit marker for the absolutive case.,,True
1130,casi1235,GB409_2,1,First-person pronouns show ergative alignment.,,True
1131,casi1235,GB409_3,1,Second-person pronouns show ergative alignment.,,True
1132,casi1235,GB409_4,1,Third-person pronouns show ergative alignment.,,True
1133,casi1235,GB409_5,1,Full NP's exhibit ergative alignment.,,True
1134,casi1235,GB409_6,1,Ergative alignment present in the imperfective aspect.,,True
1135,casi1235,GB409_7,1,Ergative alignment occurs in the perfective aspect.,,True
1136,casi1235,GB409_8,1,Ergative alignment occurs in past tense clauses.,,True
1137,casi1235,GB409_9,1,Ergative alignment applied in non-past times.,,True
1138,casi1235,GB409_10,1,Ergative alignment is presented in indicative mode.,,True
1139,casi1235,GB409_11,1,Ergative alignment is presented in non-indicative mode.,,True
1140,casi1235,GB409_12,1,Ergative alignment is present in the realis status.,,True
1141,casi1235,GB409_13,1,Ergative alignment is present in the irrealis status.,,True
1142,casi1235,GB409_14,1,"In the context of an agentive A argument, ergative alignment is observed.",,True
1143,casi1235,GB409_15,1,"In the context of a non-agentive argument A, ergative alignment is observed.",,True
1144,casi1235,GB409_16,1,"In the context of a topical A, ergative alignment is shown.",,True
1145,casi1235,GB409_17,1,"In the context of a non-topical A, ergative alignment is shown.",,True
1146,casi1235,GB409_18,1,Clauses with animated A arguments exhibit ergative alignment.,,True
1147,casi1235,GB409_19,1,Clauses with non-animated A arguments exhibit ergative alignment.,,True
1148,casi1235,GB409_20,1,Main clauses exhibit ergative alignment.,,True
1149,casi1235,GB409_21,1,Non-main clauses exhibit ergative alignment.,,True
1150,casi1235,GB409_22,1,"Ergative alignment depends on semantic and pragmatic properties of the S and P arguments, including specificity, definiteness, visibility, and participant number.",,True
1151,casi1235,GB409_23,1,The ergative case have the same mark as the genitive marker.,,True
1152,casi1235,GB409_24,1,"Since the oblique case covers functions such as location, receiver, and instrumentality, and since for personal nouns the oblique marker is not identical to the ergative marker, there is a partial syncretism conditioned by the personal category. However, in pronouns and common nouns, they are distinct.",,True
1153,cavi1250,GB409_1,1,some pronouns ar marked in absolutive with ke,,True
1154,cavi1250,GB409_2,1,1SG absolutive: i-ke; 1SG ergative: e-ra. All persons have distinct ergative forms with suffix -ra. Full ergative-absolutive alignment on all independent pronouns.,,True
1155,cavi1250,GB409_3,1,"2SG absolutive: mi-ke; 2SG ergative: mi-ra. Ergative suffix -ra added to all 2nd person forms (sg, dl, pl).",,True
1156,cavi1250,GB409_4,1,"3SG absolutive: tu-ke; 3SG ergative: tu-ra. All 3rd person forms (sg, dl, pl, proximal) have ergative counterparts with -ra.",,True
1157,cavi1250,GB409_5,1,Full NPs in A function take enclitic =ra (ERG). S and O NPs are unmarked. Consistent ergative-absolutive alignment.,,True
1158,cavi1250,GB409_6,1,Ergative marking applies consistently across all TAM categories. No split conditioned by aspect. Both imperfective (ex. 2a) and other aspects show ergative marking.,,True
1159,cavi1250,GB409_7,1,Ergative marking applies in perfective/completive contexts. No TAM-conditioned split reported.,,True
1160,cavi1250,GB409_8,1,Ergative =ra appears in recent past (ex. 1a: iye-chine) and remote past (kware) contexts alike. No tense-conditioned split.,,True
1161,cavi1250,GB409_9,1,Ergative marking present in imperfective/non-past contexts (ex. 2a: adeba-ya 'know-IMPFV'). No split.,,True
1162,cavi1250,GB409_10,1,Main declarative clauses consistently show ergative marking. No mood-conditioned split.,,True
1163,cavi1250,GB409_11,1,"Dependent clauses (imperative, hortative, conditional, etc.) also show ergative case marking on A arguments (ex. 20, 21a). No split.",,True
1164,cavi1250,GB409_12,1,Realis contexts show consistent ergative marking. No realis/irrealis split reported.,,True
1165,cavi1250,GB409_13,1,"Conditional/irrealis clauses also show ergative marking (ex. 21c: i-ke in absolutive, e-ra in ergative). No split.",,True
1166,cavi1250,GB409_14,1,Ergative marking is not conditioned by semantic agentivity. All A arguments receive =ra regardless of agentivity.,,True
1167,cavi1250,GB409_15,1,No agentivity-conditioned split reported. Ergative marking applies uniformly.,,True
1168,cavi1250,GB409_16,1,No topicality-conditioned split reported. Ergative marking is not sensitive to discourse-pragmatic factors.,,True
1169,cavi1250,GB409_17,1,No topicality-conditioned split. Ergative marking applies uniformly regardless of topicality.,,True
1170,cavi1250,GB409_18,1,No animacy-conditioned split reported. Ergative marking applies to animate and inanimate A arguments alike.,,True
1171,cavi1250,GB409_19,1,No animacy-conditioned split. Ergative marking applies uniformly.,,True
1172,cavi1250,GB409_20,1,Main clauses consistently show ergative marking on A NPs and pronouns. This is the primary domain of the ergative pattern.,,True
1173,cavi1250,GB409_21,1,"All dependent clause types (non-finite and finite) show ergative case marking on A arguments, with the exception of general purpose clauses where A receives genitive marking (still an ergative-based system). No S/O pivot found in dependent clauses.",,True
1174,cavi1250,GB409_22,1,"Guillaume explicitly concludes there is NO split ergativity in Cavineña morphology. The apparent split reported by Camp (1985) is due to a morpho-phonological rule of suffix deletion (-ra and -ke deletion), not a morpho-syntactic split. At the syntactic level, co-reference constraints in dependent clauses operate on a NOMINATIVE-ACCUSATIVE basis (S/A pivot), not ergative.",,True
1175,cavi1250,GB409_23,0,"The ergative marker =ra (NPs) / -ra (pronouns) is DISTINCT from the genitive marker -ja (e.g. e-kwe 'my', tata-chi=ja 'father's'). In general purpose dependent clauses, A receives genitive marking -ja, but this is a distinct morpheme from the ergative =ra.",,True
1176,cavi1250,GB409_24,0,The ergative marker =ra is distinct from instrumental and comitative markers. No syncretism between ergative and instrumental/comitative reported for Cavineña (contrast with Panoan languages like Matses/SK where -n marks ERG=GEN=INST).,,True
1177,cemu1238,GB409_1,0,There is not explicit marker for the absolutive case.,"Rivierre 1980: 65, 185",False
1178,cemu1238,GB409_2,0,First-person pronouns show nominative alignment.,"Rivierre 1980: 72, 190",False
1179,cemu1238,GB409_3,0,Second-person pronouns show nominative alignment.,"Rivierre 1980: 72, 190",False
1180,cemu1238,GB409_4,0,Third-person pronouns show nominative alignment.,"Rivierre 1980: 61, 66",False
1181,cemu1238,GB409_5,0,Full NP's do not exhibit ergative-absolutive alignment.,Rivierre 1980: 185,False
1182,cemu1238,GB409_6,0,Clauses with imperfective aspect do not exhibit ergative alignment.,"Rivierre 1980: 107-108, 187",False
1183,cemu1238,GB409_7,0,Clauses with perfective aspect do not exhibit ergative alignment.,"Rivierre 1980: 102, 347",False
1184,cemu1238,GB409_8,0,Past-tense clauses do not exhibit ergative alignment.,"Rivierre 1980: 103, 147",False
1185,cemu1238,GB409_9,0,Clauses in non-past tense do not exhibit ergative alignment.,"Rivierre 1980: 100-101, 107",False
1186,cemu1238,GB409_10,0,Clauses in indicative mode do not show an ergative alignment.,"Rivierre 1980: 60, 65, 185",False
1187,cemu1238,GB409_11,0,Clauses in non-indicative mode do not show an ergative alignment.,"Rivierre 1980: 101, 202, 217",False
1188,cemu1238,GB409_12,0,Clauses with realis status do not show ergative alignment.,Rivierre 1980: 102-103,False
1189,cemu1238,GB409_13,0,Clauses with irrealis status do not show ergative alignment.,"Rivierre 1980: 101, 213, 230",False
1190,cemu1238,GB409_14,0,"In the context of an agentive A argument, ergative alignment is not observed.","Rivierre 1980: 60, 65, 185",False
1191,cemu1238,GB409_15,0,"In the context of a non-agentive argument A, ergative alignment is not observed.","Rivierre 1980: 62-63, 65, 180",False
1192,cemu1238,GB409_16,0,"In the context of a topical A, ergative alignment is not shown.",Rivierre 1980: 207-208,False
1193,cemu1238,GB409_17,0,"In the context of a non-topical A, ergative alignment is shown.","Rivierre 1980: 60, 65",False
1194,cemu1238,GB409_18,0,Clauses with animated A arguments do not exhibit ergative alignment.,"Rivierre 1980: 175, 185",False
1195,cemu1238,GB409_19,0,Clauses with non-animated A arguments do not exhibit ergative alignment.,"Rivierre 1980: 185, 187",False
1196,cemu1238,GB409_20,0,Main clauses do not exhibit ergative alignment.,"Rivierre 1980: 60, 65",False
1197,cemu1238,GB409_21,0,Non-main clauses do not exhibit ergative alignment.,"Rivierre 1980: 173, 229-230",False
1198,cemu1238,GB409_22,0,"The ergative mark is not conditioned by any other factor,because the following alignment is nominative.","Rivierre 1980: 60, 62-64",False
1199,cemu1238,GB409_23,0,The ergative case does not have the same marker as the genitive case.,Rivierre 1980: 60,False
1200,cemu1238,GB409_24,0,The ergative case does not have the same marker as the instrumental or comitative marker.,"Rivierre 1980: 60, 195, 268-269",False
1201,cent2127,GB409_1,1,Only in possessed nouns.,,True
1202,cent2127,GB409_2,0,,,True
1203,cent2127,GB409_3,0,,,True
1204,cent2127,GB409_4,1,"The ergative case is named ""relative case"" in the source.",,True
1205,cent2127,GB409_5,1,"Full NPs that refer to first or second person participants are flagged with locative case, instead of absolutive or ergative case (p. 731).",,True
1206,cent2127,GB409_6,1,"Verbs are not obligatorily marked for aspect. No mention nor evidence of an aspect-based split in case marking. See, for instance, the clause with an imperfective interpretation in (3).",,True
1207,cent2127,GB409_7,1,"Verbs are not obligatorily marked for aspect. No mention nor evidence of an aspect-based split in case marking. See, for instance, the clause with a perfective interpretation in (9).",,True
1208,cent2127,GB409_8,1,"Verbs are not obligatorily marked for past tense. No mention nor evidence of a tense-based split in case marking. See in example (21) a clause with a past-tense reading, an absolutive argument aipa-ni ('partner-ABS') and an ergative argument aipa-an ('partner-ERG').",,True
1209,cent2127,GB409_9,1,Verbs are not obligatorily marked for non-past tense. No mention nor evidence of a tense-based split in case marking. See an example with a present-tense reading and ergative alignment in (1).,,True
1210,cent2127,GB409_10,1,No mention nor evidence of a mood-based split in case marking. See example (9).,,True
1211,cent2127,GB409_11,1,No mention nor evidence of a mood-based split in case marking. See example (39) in interrogative mood.,,True
1212,cent2127,GB409_12,1,No mention nor evidence of a split in case marking based on the realis-irrealis distinction. See example (9).,,True
1213,cent2127,GB409_13,1,"No mention nor evidence of a split in case marking based on the realis-irrealis distinction. Examples in the source do not offer evidence of such a split in negated clauses, in the future tense or in the optative mood.",,True
1214,cent2127,GB409_14,1,See example (9).,,True
1215,cent2127,GB409_15,1,See examples (3) in p. 732 and (1) in p. 737.,,True
1216,cent2127,GB409_16,1,The grammar exhaustively describes case marking and alingments in the language but there is no mention nor evidence of a split based on the topicality of the A argument.,,True
1217,cent2127,GB409_17,1,The grammar exhaustively describes case marking and alingments in the language but there is no mention nor evidence of a split based on the topicality of the A argument.,,True
1218,cent2127,GB409_18,1,See example (9).,,True
1219,cent2127,GB409_19,1,See example (209b).,,True
1220,cent2127,GB409_20,1,See example (9).,,True
1221,cent2127,GB409_21,0,"In nominal clauses S/A arguments take the ergative marker while the P argument is unmarked (accusative alignment). In relative clauses, when an A or P argument is relativized, the other core argument that remains inside the relative clause takes the ergative marker. When an oblique argument is relativized, the S/A argument inside the relative clause takes the ergative marker (accusative alignment).",,True
1222,cent2127,GB409_22,1,"There is a number-based split: the distinction between absolutive and ergative only occurs in the third person singular, while they are not marked in the dual and plural numbers. Another split occurs if the P argument ""is backgrounded, is indefinite or only partly affected"": P takes ablative case while the A argument takes absolutive case (forming an accusative alignment). This is considered an antipassivization by the source, but the verb does not take an antipassive marker in this context.",,True
1223,cent2127,GB409_23,1,,,True
1224,cent2127,GB409_24,0,,,True
1225,chac1251,GB409_1,0,The absolutive is the unmarked case in Chácobo. Full NPs follow ergative-absolutive alignment with the ergative marked by a high tone (=´) and the absolutive left unmarked (∅).,,True
1226,chac1251,GB409_2,0,"Pronouns in Chácobo follow nominative-accusative alignment, not ergative-absolutive. The 1SG pronoun is 'i' in S/A function; accusative is marked by the suffix -a (epenthetic case formative). No ergative marking on pronouns.",,True
1227,chac1251,GB409_3,0,Same as GB409_2. All pronouns follow nominative-accusative alignment. The split is conditioned by nominal type: full NPs = ERG-ABS; pronouns = NOM-ACC.,,True
1228,chac1251,GB409_4,0,Same as GB409_2 and GB409_3. Pronouns are nominative-accusative across all persons.,,True
1229,chac1251,GB409_5,1,"Full NPs follow ergative-absolutive alignment. The ergative is marked by a high tone clitic (=´) on the NP; the absolutive is unmarked (∅). Example: hóni siri= 'old man=ERG' (Tallman 2018:106, ex. 3.1).",,True
1230,chac1251,GB409_6,1,No aspect-conditioned split is reported. The ergative-absolutive alignment on full NPs applies across aspectual contexts. Tallman (2018:32) identifies only two conditioning factors for the split: nominal type and post-clause-type/rank position.,,True
1231,chac1251,GB409_7,1,Same as GB409_6. No split conditioned by aspect. ERG-ABS alignment on full NPs applies in perfective contexts.,,True
1232,chac1251,GB409_8,1,"No tense-conditioned split reported. Chácobo has a complex graded tense system (up to 9 distinctions), but none of these conditions the ergative alignment on full NPs.",,True
1233,chac1251,GB409_9,1,Same as GB409_8. ERG-ABS alignment on full NPs applies in non-past tenses.,,True
1234,chac1251,GB409_10,1,No mood-conditioned split reported. ERG-ABS alignment on full NPs applies in indicative contexts.,,True
1235,chac1251,GB409_11,1,No mood-conditioned split reported. ERG-ABS alignment on full NPs applies in imperative and hortative contexts as well.,,True
1236,chac1251,GB409_12,1,No realis/irrealis-conditioned split reported. ERG-ABS alignment on full NPs applies in realis contexts.,,True
1237,chac1251,GB409_13,1,No realis/irrealis-conditioned split reported. ERG-ABS alignment on full NPs applies in irrealis contexts.,,True
1238,chac1251,GB409_14,1,No agentivity-conditioned split reported for full NPs.,,True
1239,chac1251,GB409_15,1,No topicality-conditioned split reported for full NPs.,,True
1240,chac1251,GB409_16,1,No animacy-conditioned split reported for full NPs.,,True
1241,chac1251,GB409_17,1,"ERG-ABS alignment on full NPs applies in main clauses. The ergative high tone marker (=´) is attested in main clause declarative constructions ({A,S}-C order).",,True
1242,chac1251,GB409_18,1,"Not directly confirmed. The neutralization of alignment in C-{A,S} constructions (post-clause-type position) may affect subordinate clauses, but Chapter 7 details were not fully recoverable. Coded as uncertain.",,True
1243,chac1251,GB409_19,1,Not directly confirmed. Same caveat as GB409_18. Coded as uncertain.,,True
1244,chac1251,GB409_20,1,"Not directly confirmed. Chácobo has a switch-reference system (D{A,S}) operating on {A,S} arguments in subordinate clauses, but whether ERG marking is preserved is not confirmed. Coded as uncertain.",,True
1245,chac1251,GB409_21,1,Not directly confirmed. Coded as uncertain pending access to Chapter 7.,,True
1246,chac1251,GB409_22,1,"Positional neutralization: when the subject {A,S} appears after the clause-type/rank morpheme (C-{A,S} construction), the ergative alignment is neutralized, yielding perfect readings.",,True
1247,chac1251,GB409_23,1,"The ergative marker in Chácobo is a high tone clitic (=´), a prosodic/tonal marker, like the ergarive.",,True
1248,chac1251,GB409_24,0,The ergative marker is a high tone clitic (=´). The instrumental and comitative are expressed by distinct morphemes in Chácobo. The tonal ergative marker is not the same as the instrumental or comitative markers.,,True
1249,chan1313,GB409_1,1,There is an absolute distinction in pronouns.,,True
1250,chan1313,GB409_2,1,"In another source (Hutton, 1987: 13), pronouns follow a tripartite alignment and report pronominal forms that are not found in Chor 2011. The reason for this discrepancy between the two sources is unclear.",,True
1251,chan1313,GB409_3,1,"In another source (Hutton, 1987: 13), pronouns follow a tripartite alignment and report pronominal forms that are not found in Chor 2011. The reason for this discrepancy between the two sources is unclear.",,True
1252,chan1313,GB409_4,1,"In another source (Hutton, 1987: 13), pronouns follow a tripartite alignment and report pronominal forms that are not found in Chor 2011. The reason for this discrepancy between the two sources is unclear.",,True
1253,chan1313,GB409_5,1,"In another source (Hutton 1987: 9-11), nouns have a tripartite alignment. Nominative: (null). Agentive (e, ye), Accusative (to, cha). The reason for this discrepancy with Chor's analysis is unclear.",,True
1254,chan1313,GB409_6,1,See example (12),,True
1255,chan1313,GB409_7,1,"See example (29), (30)",,True
1256,chan1313,GB409_8,1,See example (30),,True
1257,chan1313,GB409_9,?,"Chor 2011: ""The present tense marker is -ta, as shown in the substitution frame for eliciting lexical words in the word list...The categories of tense and modality need further analysis"".",,True
1258,chan1313,GB409_10,1,See example (17),,True
1259,chan1313,GB409_11,?,No mention nor evidence of a split in case marking based on the indicative-non indicative distinction. Examples in the source do not offer evidence of such a split in interrogative and the imperative clauses.,,True
1260,chan1313,GB409_12,1,No mention nor evidence of a split in case marking based on the realis-irrealis distinction. See example (30) (20).,,True
1261,chan1313,GB409_13,?,"No mention nor evidence of a split in case marking based on the realis-irrealis distinction. Examples in the source do not offer evidence of such a split in negated clauses, in the future tense or in the optative mood.",,True
1262,chan1313,GB409_14,1,See example (30),,True
1263,chan1313,GB409_15,1,See example (31),,True
1264,chan1313,GB409_16,?,No mention nor evidence of a split in case marking based on the topical A - nontopical A distinction.,,True
1265,chan1313,GB409_17,?,No mention nor evidence of a split in case marking based on the topical A - nontopical A distinction.,,True
1266,chan1313,GB409_18,1,No mention nor evidence of a split in case marking based on the animate A - inanimate A distinction. See example (14),,True
1267,chan1313,GB409_19,?,No mention nor evidence of a split in case marking based on the inanimate A. Examples in the source do not offer evidence of inanimate clauses in A.,,True
1268,chan1313,GB409_20,1,See example (13),,True
1269,chan1313,GB409_21,1,See example (10) (14),,True
1270,chan1313,GB409_22,?,No mention nor evidence of a ergative alignment of flagging conditioned by any other factor.,,True
1271,chan1313,GB409_23,0,,,True
1272,chan1313,GB409_24,1,"The same ergative marker is used for the instrumental but not for the comitative, according to Table 3-6.",,True
1273,chep1245,GB409_1,0,Table 112. Absolutive is unmarked.,,True
1274,chep1245,GB409_2,1,Ergative alignment is not affected. See example (560),,True
1275,chep1245,GB409_3,1,Ergative alignment is not affected. See example (557).,,True
1276,chep1245,GB409_4,1,Ergative alignment is not affected. See example (541).,,True
1277,chep1245,GB409_5,1,"Ergative alignment is not affected. See example (309), (295).",,True
1278,chep1245,GB409_6,1,"See example (314), (772), (774).",,True
1279,chep1245,GB409_7,1,"See example (315), (769).",,True
1280,chep1245,GB409_8,1,"See example (315), (769).",,True
1281,chep1245,GB409_9,1,"See examples (310), (579).",,True
1282,chep1245,GB409_10,1,"See examples (309), (315).",,True
1283,chep1245,GB409_11,1,See example (588).,,True
1284,chep1245,GB409_12,1,No mention nor evidence of a split in case marking based on the realis-irrealis distinction. See example (769) in past tense.,,True
1285,chep1245,GB409_13,1,No mention nor evidence of a split in case marking based on the realis-irrealis distinction. See example (579) in future tense.,,True
1286,chep1245,GB409_14,1,"See example (315), (295)",,True
1287,chep1245,GB409_15,1,"Los verbos con experimentante y estímulo marcan al experimentante con absolutivo y al estímulo con dativo. Como los argumentos S se marcan con absolutivo, entonces se obtiene un alineamiento NOM-ACC.  See example (279). Otros verbos psicológicos siguen el alineamiento ERG-ABS (557).",,True
1288,chep1245,GB409_16,?,There is no information about whether the topicality of A changes the alignment.,,True
1289,chep1245,GB409_17,?,There is no information about whether the topicality of A changes the alignment.,,True
1290,chep1245,GB409_18,1,See example (541),,True
1291,chep1245,GB409_19,1,See example (554),,True
1292,chep1245,GB409_20,1,See example (381),,True
1293,chep1245,GB409_21,1,"See example (386), (388)",,True
1294,chep1245,GB409_22,1,"There may be a tripartite alignment (A-erg, S-abs, P-dat) according to the humanness, animacy, and definiteness of the P argument.",,True
1295,chep1245,GB409_23,0,"The marking for the ergative and genitive cases are different. The marking for the genitive case in this language is the enclitic =ko, while for the ergative case it is the enclitic =i.",,True
1296,chep1245,GB409_24,1,"The same ergative marker is used for the instrumental (=i) but not for the comitative (=kusi), according to Table 112.",,True
1297,choc1275,GB409_1,0,∅,,True
1298,choc1275,GB409_2,1,See example (43),,True
1299,choc1275,GB409_3,1,ergative alignment is not affected,,True
1300,choc1275,GB409_4,1,See example (63),,True
1301,choc1275,GB409_5,1,See example (65),,True
1302,choc1275,GB409_6,?,There is no information that the aspect changes the ergative alignment.,,True
1303,choc1275,GB409_7,1,See example (63),,True
1304,choc1275,GB409_8,1,See example (64),,True
1305,choc1275,GB409_9,1,See example (66),,True
1306,choc1275,GB409_10,1,See example (64),,True
1307,choc1275,GB409_11,1,"See examples (17), (18), (19)",,True
1308,choc1275,GB409_12,1,See example (64),,True
1309,choc1275,GB409_13,?,There is insufficient information to indicate ergative alignment in a irealis context.,,True
1310,choc1275,GB409_14,1,See example (66),,True
1311,choc1275,GB409_15,?,There is insufficient information to indicate ergative alignment in a non-agentive context.,,True
1312,choc1275,GB409_16,?,There is insufficient information to indicate ergative alignment in a topical context.,,True
1313,choc1275,GB409_17,?,There is insufficient information to indicate ergative alignment in a non-topical context.,,True
1314,choc1275,GB409_18,1,See example (64),,True
1315,choc1275,GB409_19,?,There is insufficient information to indicate ergative alignment in an inanimate A context.,,True
1316,choc1275,GB409_20,1,See example (64),,True
1317,choc1275,GB409_21,1,"See example (43), (45)",,True
1318,choc1275,GB409_22,0,There is insufficient information to indicate ergative alignment in a non-agentive context.,,True
1319,choc1275,GB409_23,1,"""The genitive is identical to the ergative /gi/ after consonants and differs only when it follows a vowel"". See chart 8",,True
1320,choc1275,GB409_24,0,There is no reference to instrumental/comitative.,,True
1321,chug1252,GB409_1,0,unmarked,,True
1322,chug1252,GB409_2,1,ergative alignment is not affected,,True
1323,chug1252,GB409_3,1,ergative alignment is not affected,,True
1324,chug1252,GB409_4,1,ergative alignment is not affected,,True
1325,chug1252,GB409_5,1,See example (183),,True
1326,chug1252,GB409_6,1,See example (402),,True
1327,chug1252,GB409_7,1,See example (963),,True
1328,chug1252,GB409_8,1,See example (198),,True
1329,chug1252,GB409_9,1,See example (1005),,True
1330,chug1252,GB409_10,1,,,True
1331,chug1252,GB409_11,1,see example (231),,True
1332,chug1252,GB409_12,1,,,True
1333,chug1252,GB409_13,1,,,True
1334,chug1252,GB409_14,?,There are no examples in the source in order to corroborate this feature.,,True
1335,chug1252,GB409_15,?,There are no examples in the source in order to corroborate this feature.,,True
1336,chug1252,GB409_16,1,only in subordinate clauses,,True
1337,chug1252,GB409_17,?,There are no examples in the source in order to corroborate this feature.,,True
1338,chug1252,GB409_18,1,See example (221),,True
1339,chug1252,GB409_19,1,The example (198) caso instrumental en sust inanimados,,True
1340,chug1252,GB409_20,1,See example (183),,True
1341,chug1252,GB409_21,1,see example (217),,True
1342,chug1252,GB409_22,1,"""The ergative marker on the second person singular pronoun indicates that the imperative phrase""",,True
1343,chug1252,GB409_23,1,,,True
1344,chug1252,GB409_24,1,The ergative marker is identical for inanimate instrumentals.,,True
1345,chuk1273,GB409_1,1,See table (2.4),,True
1346,chuk1273,GB409_2,1,,,True
1347,chuk1273,GB409_3,1,,,True
1348,chuk1273,GB409_4,1,,,True
1349,chuk1273,GB409_5,1,See example (50.b),,True
1350,chuk1273,GB409_6,1,See example (51.c),,True
1351,chuk1273,GB409_7,1,See example (158),,True
1352,chuk1273,GB409_8,1,See example (158),,True
1353,chuk1273,GB409_9,1,see example (51.c),,True
1354,chuk1273,GB409_10,1,see example (51.c),,True
1355,chuk1273,GB409_11,1,See example (18.b),,True
1356,chuk1273,GB409_12,1,see example (51.c),,True
1357,chuk1273,GB409_13,?,"No mention of a split based on the realis/irrealis distinction, but there are no examples of irrealis clauses with overt A and P arguments in order to confirm this.",,True
1358,chuk1273,GB409_14,1,see example (34),,True
1359,chuk1273,GB409_15,1,,,True
1360,chuk1273,GB409_16,1,No evidence in sources that the topicality of A conditions a split in case marking.,,True
1361,chuk1273,GB409_17,1,No evidence in sources that the topicality of A conditions a split in case marking.,,True
1362,chuk1273,GB409_18,1,see example (51.c),,True
1363,chuk1273,GB409_19,1,see example (20),,True
1364,chuk1273,GB409_20,1,See example (50.b),,True
1365,chuk1273,GB409_21,?,"No evidence in sources that non-main clauses follow a non-ergative alignment, but there are no examples of non-main clauses with overt A and P arguments in order to confirm this.",,True
1366,chuk1273,GB409_22,0,No other factors found.,,True
1367,chuk1273,GB409_23,0,,,True
1368,chuk1273,GB409_24,1,,,True
1369,coch1272,GB409_1,1,,,True
1370,coch1272,GB409_2,?,There are no examples in the source in order to corroborate this feature.,,True
1371,coch1272,GB409_3,?,There are no examples in the source in order to corroborate this feature.,,True
1372,coch1272,GB409_4,?,There are no examples in the source in order to corroborate this feature.,,True
1373,coch1272,GB409_5,1,See example (30),,True
1374,coch1272,GB409_6,?,There are no examples in the source in order to corroborate this feature.,,True
1375,coch1272,GB409_7,1,See example (2),,True
1376,coch1272,GB409_8,1,See example (126),,True
1377,coch1272,GB409_9,?,There are no examples in the source in order to corroborate this feature.,,True
1378,coch1272,GB409_10,1,See example (7),,True
1379,coch1272,GB409_11,1,"See example (8), (129)",,True
1380,coch1272,GB409_12,1,See example (7),,True
1381,coch1272,GB409_13,1,See example (30),,True
1382,coch1272,GB409_14,1,See example (71),,True
1383,coch1272,GB409_15,1,See example (72),,True
1384,coch1272,GB409_16,?,There is no mention nor evidence of a split based on topicality.,,True
1385,coch1272,GB409_17,?,There is no mention nor evidence of a split based on topicality.,,True
1386,coch1272,GB409_18,?,There is no mention nor evidence of a split based on animacity.,,True
1387,coch1272,GB409_19,?,There is no mention nor evidence of a split based on animacity.,,True
1388,coch1272,GB409_20,1,See example (7),,True
1389,coch1272,GB409_21,?,There are no examples in the source in order to corroborate this feature.,,True
1390,coch1272,GB409_22,1,"The S and P have different marks that change the alignment, but the contexts of use are not described.",,True
1391,coch1272,GB409_23,?,There are no examples in the source in order to corroborate this feature.,,True
1392,coch1272,GB409_24,?,There are no examples in the source in order to corroborate this feature.,,True
1393,coeu1236,GB409_1,1,"ABS is not marked, but the clitic -ilš is used to distinguish S or P from the 3rd person plural. See Tables 1 and 2. See example (13)",,True
1394,coeu1236,GB409_2,1,See table (3)(7) con el oblicuo,,True
1395,coeu1236,GB409_3,1,See table (3)(7),,True
1396,coeu1236,GB409_4,1,See table (3)(7),,True
1397,coeu1236,GB409_5,1,See example (420),,True
1398,coeu1236,GB409_6,1,See example (420),,True
1399,coeu1236,GB409_7,?,There is no mention nor evidence of a split based on aspect in flagging.,,True
1400,coeu1236,GB409_8,?,There is no mention nor evidence of a split based on aspect in flagging.,,True
1401,coeu1236,GB409_9,1,,,True
1402,coeu1236,GB409_10,1,See example (420),,True
1403,coeu1236,GB409_11,1,,,True
1404,coeu1236,GB409_12,1,See example (420),,True
1405,coeu1236,GB409_13,?,There are no examples in the source in order to corroborate this feature.,,True
1406,coeu1236,GB409_14,1,"See example (420), marca oblicuo",,True
1407,coeu1236,GB409_15,?,There are no examples in the source in order to corroborate this feature.,,True
1408,coeu1236,GB409_16,?,There is no mention nor evidence of a split based on topicality in flagging.,,True
1409,coeu1236,GB409_17,?,There is no mention nor evidence of a split based on topicality in flagging.,,True
1410,coeu1236,GB409_18,1,See example (420),,True
1411,coeu1236,GB409_19,?,There are no examples in the source in order to corroborate this feature.,,True
1412,coeu1236,GB409_20,1,See example (420),,True
1413,coeu1236,GB409_21,?,There are no examples in the source in order to corroborate this feature.,,True
1414,coeu1236,GB409_22,0,There are no additional splits.,,True
1415,coeu1236,GB409_23,0,Genitive marking on intransitive constructions includes are different.,,True
1416,coeu1236,GB409_24,0,There are no examples in the source in order to corroborate this feature.,,True
1417,colu1241,GB409_1,1,The particle wa marks the S and P of simple clauses. This marker is situated to the left of the absolutive.,,True
1418,colu1241,GB409_2,0,,,True
1419,colu1241,GB409_3,0,,,True
1420,colu1241,GB409_4,0,,,True
1421,colu1241,GB409_5,1,"See example (155), (157)",,True
1422,colu1241,GB409_6,1,See example (58),,True
1423,colu1241,GB409_7,1,"See example (155), (157), (167)",,True
1424,colu1241,GB409_8,1,"See example (155), (157)",,True
1425,colu1241,GB409_9,1,There are no examples in the source in order to corroborate this feature.,,True
1426,colu1241,GB409_10,1,"see (155), (157)",,True
1427,colu1241,GB409_11,1,There are no examples in the source in order to corroborate this feature.,,True
1428,colu1241,GB409_12,1,"See example (108), (109)",,True
1429,colu1241,GB409_13,1,"See example (59), (124)",,True
1430,colu1241,GB409_14,1,"see  (108), (157)",,True
1431,colu1241,GB409_15,1,"see (109), (155)",,True
1432,colu1241,GB409_16,?,There is no information on the topicalization of A.,,True
1433,colu1241,GB409_17,?,There is no information on the topicalization of A.,,True
1434,colu1241,GB409_18,1,See example (155),,True
1435,colu1241,GB409_19,?,There are no examples with inanimate A in the active voice.,,True
1436,colu1241,GB409_20,1,"See example (155), (157)",,True
1437,colu1241,GB409_21,1,"See example  (157), (223)",,True
1438,colu1241,GB409_22,0,,,True
1439,colu1241,GB409_23,0,,,True
1440,colu1241,GB409_24,0,,,True
1441,coos1249,GB409_1,0,no mark is present for ABS,,True
1442,coos1249,GB409_2,0,,,True
1443,coos1249,GB409_3,0,,,True
1444,coos1249,GB409_4,0,,,True
1445,coos1249,GB409_5,1,See examples (46 - 48),,True
1446,coos1249,GB409_6,1,See example (138b),,True
1447,coos1249,GB409_7,1,See example (48),,True
1448,coos1249,GB409_8,1,See example (48),,True
1449,coos1249,GB409_9,1,"See examples (62), (22)",,True
1450,coos1249,GB409_10,1,See examples (46-48),,True
1451,coos1249,GB409_11,1,See example (203),,True
1452,coos1249,GB409_12,1,See example (48),,True
1453,coos1249,GB409_13,1,See example (48),,True
1454,coos1249,GB409_14,1,See example (3),,True
1455,coos1249,GB409_15,1,See example (189),,True
1456,coos1249,GB409_16,?,There are no examples in the source in order to corroborate this feature.,,True
1457,coos1249,GB409_17,?,There are no examples in the source in order to corroborate this feature.,,True
1458,coos1249,GB409_18,1,See example 3. It is optional to omit the ergative marker. Omission of the ergative marker is more likely when argument A is human.,,True
1459,coos1249,GB409_19,1,See example 1.  It is optional to omit the ergative marker. Omission of the ergative marker is more likely when argument A is human.,,True
1460,coos1249,GB409_20,1,See example (46),,True
1461,coos1249,GB409_21,1,See example (364),,True
1462,coos1249,GB409_22,?,There are no examples in the source in order to corroborate this feature.,,True
1463,coos1249,GB409_23,0,,,True
1464,coos1249,GB409_24,1,"See example 222. Frachtenber: The instrumental is composed of the prefix x- and the suffix -etc, only the prefix is identical to the ergative of this language. ""When the instrumental idea WITH is to be expressed, the stem to which this suffix is added is very often preceded by the prefix x-"" p. 370",,True
1465,cuti1242,GB409_1,0,The absolutive is zero-marked (unmarked).,dos Anjos 2011: 283,True
1466,cuti1242,GB409_2,1,No person-based split on pronouns documented; all persons show ergative alignment.,dos Anjos 2011: 141-142,True
1467,cuti1242,GB409_3,1,No person-based split on pronouns documented; all persons show ergative alignment.,dos Anjos 2011: 141-142,True
1468,cuti1242,GB409_4,1,No person-based split on pronouns documented; all persons show ergative alignment.,dos Anjos 2011: 141-142,True
1469,cuti1242,GB409_5,1,Full NPs exhibit ergative-absolutive alignment. See example (25).,Queixalos 2007: 8,True
1470,cuti1242,GB409_6,?,"Imperfective aspect is morphologically unmarked in Katukina-Kanamari; the feature is effectively ill-posed for this language. No evidence of imperfective-conditioned NOM-ACC alignment exists, but no positive ergative evidence in imperfective specifically was found.",Queixalos 2007: in passim,True
1471,cuti1242,GB409_7,1,Ergative alignment occurs in the perfective aspect. See example (25).,Queixalos 2007: 8,True
1472,cuti1242,GB409_8,1,Ergative alignment is present in past tense clauses. See example (25).,Queixalos 2007: 8,True
1473,cuti1242,GB409_9,1,Ergative alignment in non-past tenses. See example (212).,dos Anjos 2011: 138,True
1474,cuti1242,GB409_10,1,Ergative alignment in the indicative mood. See example (25).,Queixalos 2007: 8,True
1475,cuti1242,GB409_11,1,Ergative alignment in non-indicative moods. See example (44).,Queixalos 2007: 11,True
1476,cuti1242,GB409_12,1,Ergative alignment in clauses with realis status. See example (32).,Queixalos 2007: 10,True
1477,cuti1242,GB409_13,1,Ergative alignment in clauses with irrealis status. See example (486).,dos Anjos 2011: 285,True
1478,cuti1242,GB409_14,1,Ergative alignment in the context of an agentive A. See example (25).,Queixalos 2007: 8,True
1479,cuti1242,GB409_15,1,Ergative alignment attested for non-agentive A. See example (278a).,dos Anjos 2011: 209,True
1480,cuti1242,GB409_16,0,"When A is topical (topic-prominent construction), the ergative marker is absent. See examples (37)-(39).",Queixalos 2007: 10,True
1481,cuti1242,GB409_17,1,"Non-topical A takes ergative marking. See examples (37), (38).",Queixalos 2007: 10,True
1482,cuti1242,GB409_18,1,All documented A arguments in examples are animate; ergative alignment confirmed for animate A.,Queixalos 2007: in passim,True
1483,cuti1242,GB409_19,?,"No examples with inanimate A found in either source. Animacy split not documented, but absence of inanimate A examples prevents confirmation.",Queixalos 2007: in passim,True
1484,cuti1242,GB409_20,1,Ergative alignment occurs in main clauses. See example (25).,Queixalos 2007: 8,True
1485,cuti1242,GB409_21,1,Ergative alignment in non-main clauses (relative clauses and subordinate clauses). See example (50) and dos Anjos (2011) ex.(372).,Queixalos 2007: 13; dos Anjos 2011: 366,True
1486,cuti1242,GB409_22,0,No additional conditioning factors documented beyond the topicality factor already captured in GB409_16.,Queixalos 2007: in passim; dos Anjos 2011: in passim,True
1487,cuti1242,GB409_23,1,The ergative marker -na= is syncretic with the genitive/possessive marker. ERG=GEN confirmed.,Queixalos 2007: 5; dos Anjos 2011: 220,True
1488,cuti1242,GB409_24,1,The ergative marker -na= is also used for instrumental and comitative functions. ERG=INST/COM confirmed.,"dos Anjos 2011: 157, 220",True
1489,daai1236,GB409_1,0,unmarked,,True
1490,daai1236,GB409_2,1,Examples in the source do not offer evidence of such a split in pronouns. See example (13),,True
1491,daai1236,GB409_3,1,Examples in the source do not offer evidence of such a split in pronouns,,True
1492,daai1236,GB409_4,1,Examples in the source do not offer evidence of such a split in pronouns,,True
1493,daai1236,GB409_5,1,See example (76),,True
1494,daai1236,GB409_6,1,"See example (36), (48)",,True
1495,daai1236,GB409_7,1,See example (76),,True
1496,daai1236,GB409_8,1,See example (76),,True
1497,daai1236,GB409_9,1,"See example (57), which is marked for non-future tense and has a present tense interpretation.",,True
1498,daai1236,GB409_10,1,See example (76),,True
1499,daai1236,GB409_11,1,See example (16),,True
1500,daai1236,GB409_12,1,See example (76),,True
1501,daai1236,GB409_13,1,"See example (8), (9), (10)",,True
1502,daai1236,GB409_14,1,See example (76),,True
1503,daai1236,GB409_15,1,"See example (87), (101)",,True
1504,daai1236,GB409_16,1,Focus subject is mark with 'ta'. See example (12),,True
1505,daai1236,GB409_17,1,"No mention nor evidence of a split in case marking based on the Topical and non-topical A. Examples in the source do not offer evidence of such a split in negated clauses, in the future tense or in the optative mood.",,True
1506,daai1236,GB409_18,1,See example (76),,True
1507,daai1236,GB409_19,1,"""In Daai natural forces like fire, wind etc. require ergative marking. So do inanimate objects or body parts when they are in a relationship with verbs that express physical sensation or internal feelings."" See example (78-80)",,True
1508,daai1236,GB409_20,1,See example (76),,True
1509,daai1236,GB409_21,1,See example (11),,True
1510,daai1236,GB409_22,0,,,True
1511,daai1236,GB409_23,0,,,True
1512,daai1236,GB409_24,0,,,True
1513,dara1250,GB409_1,0,unmarked,,True
1514,dara1250,GB409_2,0,See table 3.3,,True
1515,dara1250,GB409_3,0,See table 3.3,,True
1516,dara1250,GB409_4,1,"""The ergative marker is consistently present with the subject of the transitive clauses if the subjects are the third person pronouns and other nouns. Irrespective of tense, aspect and mood, the first and second person pronouns do not code ergativity"". See table 3.3",,True
1517,dara1250,GB409_5,1,See example (158b),,True
1518,dara1250,GB409_6,1,See example (158b),,True
1519,dara1250,GB409_7,1,See example (156b),,True
1520,dara1250,GB409_8,1,See example (143a),,True
1521,dara1250,GB409_9,1,See example (158b),,True
1522,dara1250,GB409_10,1,See example (156b),,True
1523,dara1250,GB409_11,1,See example (175c) sujeto pron 'who',,True
1524,dara1250,GB409_12,1,See example (156b),,True
1525,dara1250,GB409_13,1,See example (143a),,True
1526,dara1250,GB409_14,1,"See example (156b), (86c)",,True
1527,dara1250,GB409_15,1,See example (18a),,True
1528,dara1250,GB409_16,1,"The research mentions a mark based on the focus of the sentence, which is manifested by the mark -k of 3GS.  See examples in (175).",,True
1529,dara1250,GB409_17,1,See example (156b),,True
1530,dara1250,GB409_18,1,"Research reports a “hierarchy of animacy.” In this language, the third person is marked with ergative, but there is a difference between animate and inanimate due to the animacy hierarchy. Therefore, priority is assigned A is human or non-human and ultimately inanimate. However, no evidence of A marking in an inanimate context was found in this research.",,True
1531,dara1250,GB409_19,?,"Research reports a “hierarchy of animacy.” In this language, the third person is marked with ergative, but there is a difference between animate and inanimate due to the animacy hierarchy. Therefore, priority is assigned A is human or non-human and ultimately inanimate. However, no evidence of A marking in an inanimate context was found in this research.",,True
1532,dara1250,GB409_20,1,See example (156b),,True
1533,dara1250,GB409_21,1,See example (26),,True
1534,dara1250,GB409_22,?,no information available,,True
1535,dara1250,GB409_23,0,,,True
1536,dara1250,GB409_24,1,"alomorfos ᷈i, hi᷈, ei᷈",,True
1537,darl1243,GB409_1,0,unmarked/doble marcación,,True
1538,darl1243,GB409_2,1,see list IV 2.2 only singular pronouns,,True
1539,darl1243,GB409_3,1,examples (209-210)  only singular pronouns,,True
1540,darl1243,GB409_4,1,See table (2.7) / singular pronouns and demonstratives pronouns,,True
1541,darl1243,GB409_5,1,See examples (51-53),,True
1542,darl1243,GB409_6,?,There are no examples in the source in order to corroborate this feature.,,True
1543,darl1243,GB409_7,1,See examples (252),,True
1544,darl1243,GB409_8,1,See examples (252),,True
1545,darl1243,GB409_9,1,See examples (256),,True
1546,darl1243,GB409_10,1,See examples (51-53),,True
1547,darl1243,GB409_11,?,There are no examples in the source in order to corroborate this feature.,,True
1548,darl1243,GB409_12,1,See examples (51-53),,True
1549,darl1243,GB409_13,1,See examples (252),,True
1550,darl1243,GB409_14,1,See examples (51-53),,True
1551,darl1243,GB409_15,1,There is no mention nor evidence of a split based on agentive A or non-agentive A,,True
1552,darl1243,GB409_16,1,See example (654),,True
1553,darl1243,GB409_17,1,See example (650),,True
1554,darl1243,GB409_18,1,See example (650); (51-53),,True
1555,darl1243,GB409_19,1,See example (7),,True
1556,darl1243,GB409_20,1,See examples (51-53),,True
1557,darl1243,GB409_21,1,See example (365),,True
1558,darl1243,GB409_22,?,There are no examples in the source in order to corroborate this feature.,,True
1559,darl1243,GB409_23,0,,,True
1560,darl1243,GB409_24,0,,,True
1561,darm1243,GB409_1,1,unmarked,,True
1562,darm1243,GB409_2,1,See Table 60,,True
1563,darm1243,GB409_3,1,See Table 60,,True
1564,darm1243,GB409_4,1,See Table 60,,True
1565,darm1243,GB409_5,1,See example (10),,True
1566,darm1243,GB409_6,1,See example (27),,True
1567,darm1243,GB409_7,1,See example (10),,True
1568,darm1243,GB409_8,1,See example (27),,True
1569,darm1243,GB409_9,1,See example (31),,True
1570,darm1243,GB409_10,1,See example (10),,True
1571,darm1243,GB409_11,1,See example (55),,True
1572,darm1243,GB409_12,1,See example (27),,True
1573,darm1243,GB409_13,1,See example (55),,True
1574,darm1243,GB409_14,1,See example (31),,True
1575,darm1243,GB409_15,?,No mention nor evidence of a split in case marking based on the agentive A or non-agentive A distinction. Examples in the source do not offer evidence of such a split in agentives verbs.,,True
1576,darm1243,GB409_16,1,See example (1),,True
1577,darm1243,GB409_17,?,No mention nor evidence of a split in case marking based on topical A and non-topical A.,,True
1578,darm1243,GB409_18,1,See example (10),,True
1579,darm1243,GB409_19,1,See example (13),,True
1580,darm1243,GB409_20,1,See example (31),,True
1581,darm1243,GB409_21,1,"See example (44), (28)",,True
1582,darm1243,GB409_22,0,,,True
1583,darm1243,GB409_23,0,possessive =gu,,True
1584,darm1243,GB409_24,1,"Instrumental =su, Comitative =ru",,True
1585,dech1234,GB409_1,0,The absolutive is zero-marked; the agentive marker le³³ marks only transitive A and Sa (agentive intransitive S).,Yu 2007: 177-178,True
1586,dech1234,GB409_2,1,All persons of pronouns have distinct ergative/agentive forms with le³³ in Dechang dialect of Lisu. Confirmed in Yu (2007). Changed from original annotation '?'→1.,Yu 2007: cap. 3,True
1587,dech1234,GB409_3,1,All persons of pronouns have distinct ergative/agentive forms with le³³. Changed from original annotation '?'→1.,Yu 2007: cap. 3,True
1588,dech1234,GB409_4,1,All persons of pronouns have distinct ergative/agentive forms with le³³. Changed from original annotation '?'→1.,Yu 2007: cap. 3,True
1589,dech1234,GB409_5,1,Full NPs take the agentive marker le³³ in transitive clauses. See example (312).,Yu 2007: 178,True
1590,dech1234,GB409_6,1,Ergative/agentive marker le³³ appears in imperfective contexts. See example (312).,Yu 2007: 178,True
1591,dech1234,GB409_7,1,Ergative/agentive marker le³³ appears in perfective contexts. See example (158a).,Yu 2007: 209,True
1592,dech1234,GB409_8,1,le³³ present in past tense. See example (158a).,Yu 2007: 209,True
1593,dech1234,GB409_9,1,le³³ present in non-past tenses. See example (2).,Yu 2007: 184,True
1594,dech1234,GB409_10,1,le³³ in indicative clauses. See example (312).,Yu 2007: 178,True
1595,dech1234,GB409_11,1,le³³ in non-indicative moods. See example (174a-b).,Yu 2007: 212,True
1596,dech1234,GB409_12,1,le³³ in realis status. See example (312).,Yu 2007: 178,True
1597,dech1234,GB409_13,1,le³³ in irrealis status. See example (174a-b).,Yu 2007: 212,True
1598,dech1234,GB409_14,1,"Agentive/volitional A takes le³³. See examples (312), (228).","Yu 2007: 178, 222",True
1599,dech1234,GB409_15,0,"Non-agentive intransitive S (So) takes zero marking (absolutive), not le³³. The active-stative system distinguishes Sa (agentive, takes le³³) from So (non-agentive, zero). Changed from original annotation '?'→0.",Yu 2007: cap. 4,True
1600,dech1234,GB409_16,0,"CORRECTED from original annotation 1→0. In the active-stative system, the conditioning factor is agentivity/control, not topicality. See example (3a-b): the split is between Sa and So, not between topical and non-topical A. Topicality does not systematically condition the presence/absence of le³³.",Yu 2007: 82,True
1601,dech1234,GB409_17,1,Non-topical A takes le³³ as part of the active-stative system.,Yu 2007: 82,True
1602,dech1234,GB409_18,1,Animate A takes le³³. See example (3a-b).,Yu 2007: 82,True
1603,dech1234,GB409_19,?,Inanimate A: original annotation 0 lacks specific citation for Dechang; Yu (2007) does not explicitly address inanimate agents for this dialect. Changed from original annotation 0→? (insufficient evidence).,Yu 2007: in passim,True
1604,dech1234,GB409_20,1,le³³ in main clauses. See example (312).,Yu 2007: 178,True
1605,dech1234,GB409_21,?,Non-main clauses: insufficient documentation in Yu (2007) for Dechang dialect to confirm or deny ergative marking in subordinate constructions.,Yu 2007: in passim,True
1606,dech1234,GB409_22,1,"Ergative alignment conditioned by the active-stative (split-S) distinction: agentive/volitional Sa takes le³³, non-agentive So takes zero. The language follows an active-stative pattern.","Yu 2007: 82-83, 178",True
1607,dech1234,GB409_23,0,The ergative marker le³³ and the genitive marker are distinct.,Yu 2007: 87,True
1608,dech1234,GB409_24,0,"CORRECTED from original annotation '?'→0. In Dechang dialect, nɛ³³ is the LOCATIVE marker (Yu 2007), not the instrumental. The ergative/agentive marker is le³³; instrumental is du³³. ERG≠INST.",Yu 2007: cap. 4,True
1609,dhar1247,GB409_1,1,Unmarked.,,True
1610,dhar1247,GB409_2,0,Unmarked.,,True
1611,dhar1247,GB409_3,1,See table.,,True
1612,dhar1247,GB409_4,1,See table.,,True
1613,dhar1247,GB409_5,1,See example (3),,True
1614,dhar1247,GB409_6,?,There are no examples in the source in order to corroborate this feature.,,True
1615,dhar1247,GB409_7,?,There are no examples in the source in order to corroborate this feature.,,True
1616,dhar1247,GB409_8,1,See example (3).,,True
1617,dhar1247,GB409_9,1,See example (4).,,True
1618,dhar1247,GB409_10,1,See example (3).,,True
1619,dhar1247,GB409_11,1,See example (1-2).,,True
1620,dhar1247,GB409_12,1,See example (3).,,True
1621,dhar1247,GB409_13,1,See example (2).,,True
1622,dhar1247,GB409_14,1,See example (2).,,True
1623,dhar1247,GB409_15,1,See example (1).,,True
1624,dhar1247,GB409_16,?,There are no examples in the source in order to corroborate this feature.,,True
1625,dhar1247,GB409_17,?,There are no examples in the source in order to corroborate this feature.,,True
1626,dhar1247,GB409_18,?,There are no examples in the source in order to corroborate this feature.,,True
1627,dhar1247,GB409_19,?,There are no examples in the source in order to corroborate this feature.,,True
1628,dhar1247,GB409_20,1,See example (3).,,True
1629,dhar1247,GB409_21,1,See example (1).,,True
1630,dhar1247,GB409_22,?,There are no examples in the source in order to corroborate this feature.,,True
1631,dhar1247,GB409_23,?,There is no mention of the genitive case or possessives.,,True
1632,dhar1247,GB409_24,1,Ergative and instrumental are marked by the same suffixes,,True
1633,dhar1248,GB409_1,0,"Absolutive (NOM for S, ACC for non-human O) is zero-marked.",Terrill 2002: 31,True
1634,dhar1248,GB409_2,1,"All three persons have distinct ERG pronoun forms: 1sg ngatha, 2sg nginda, 3sg nhula (Terrill §4.2).",Terrill 2002: 34-35,True
1635,dhar1248,GB409_3,1,Distinct ERG pronoun forms for all persons.,Terrill 2002: 34-35,True
1636,dhar1248,GB409_4,1,Distinct ERG pronoun forms for all persons.,Terrill 2002: 34-35,True
1637,dhar1248,GB409_5,1,Full NPs take ERG suffix -ru/-ngu/-u/-Cu; example (4) p.30.,Terrill 2002: 30,True
1638,dhar1248,GB409_6,?,"Perfective/imperfective aspect is not a morphological category in Dharumbal; tense categories are Non-Past, Past, Far-Past (Terrill §5.1).",Terrill 2002: in passim,True
1639,dhar1248,GB409_7,?,Perfective/imperfective aspect is not a morphological category in Dharumbal.,Terrill 2002: in passim,True
1640,dhar1248,GB409_8,1,Past tense examples (ex.53-57) show ERG on transitive subjects consistently.,Terrill 2002: 30,True
1641,dhar1248,GB409_9,1,Non-past examples (ex.49-52) show ERG on transitive subjects.,Terrill 2002: 40,True
1642,dhar1248,GB409_10,1,All main clause declaratives show ERG; example (15) p.31.,Terrill 2002: 31,True
1643,dhar1248,GB409_11,1,"Imperative and purposive clauses also show ERG on transitive subjects (ex.18, 27, 80).",Terrill 2002: 33,True
1644,dhar1248,GB409_12,?,Realis/irrealis is not a morphological category in Dharumbal; tense/mood system has no such distinction.,Terrill 2002: in passim,True
1645,dhar1248,GB409_13,?,Realis/irrealis is not a morphological category in Dharumbal.,Terrill 2002: in passim,True
1646,dhar1248,GB409_14,1,Agentive A takes ERG; example (4) p.30.,Terrill 2002: 30,True
1647,dhar1248,GB409_15,1,"Non-agentive A (e.g., caused events) also takes ERG; causative constructions (§5.2.1) show ERG on causer regardless of volitional control.",Terrill 2002: 31,True
1648,dhar1248,GB409_16,1,No topicality conditioning of ergative marking described or evidenced anywhere in Terrill (2002); consistent ERG system applies to topical A.,Terrill 2002: in passim,True
1649,dhar1248,GB409_17,1,No topicality conditioning; consistent ERG system applies to non-topical A.,Terrill 2002: in passim,True
1650,dhar1248,GB409_18,1,Animate A consistently takes ERG; example (4) p.30.,Terrill 2002: 30,True
1651,dhar1248,GB409_19,1,No animacy split in ERG marking documented; no evidence of inanimate A behaving differently.,Terrill 2002: in passim,True
1652,dhar1248,GB409_20,1,Main clauses consistently show ERG; example (4) p.30.,Terrill 2002: 30,True
1653,dhar1248,GB409_21,1,"Subordinate purposive clauses show ERG on transitive subjects (§6.4.2, ex.114-116).",Terrill 2002: in passim,True
1654,dhar1248,GB409_22,0,"The 'unknown conditioning' in Terrill §4.1.3 refers to the overt accusative marker -(n)a on human O (object), not to any conditioning of ERG marking on A. The ERG suffix itself is regular and conditioned only by phonology.",Terrill 2002: 31,True
1655,dhar1248,GB409_23,0,Possessive = -ngunh (Terrill §4.1.8); entirely distinct from ERG suffix. No ERG=GEN syncretism.,Terrill 2002: 29,True
1656,dhar1248,GB409_24,1,"The case chapter heading names the merged case 'Ergative/Instrumental' (§4.1.1, p.30). Single suffix marks both transitive subject and instrument.",Terrill 2002: 29,True
1657,dier1241,GB409_1,1,"Absolutive in common nouns is unmarked, but -nha is added to male personal names",,True
1658,dier1241,GB409_2,1,There is a split based on singular vs. non-singular 1st and 2nd pronouns. See table 3.2,,True
1659,dier1241,GB409_3,1,There is a split based on singular vs. non-singular 1st and 2nd pronouns. See table 3.2,,True
1660,dier1241,GB409_4,1,See example (181).,,True
1661,dier1241,GB409_5,1,See example (200).,,True
1662,dier1241,GB409_6,1,"The grammar exhaustively describes splits in case marking and alignments in the language, there is no mention nor evidence of a split based on aspect.",,True
1663,dier1241,GB409_7,1,"The grammar exhaustively describes splits in case marking and alignments in the language, there is no mention nor evidence of a split based on aspect.",,True
1664,dier1241,GB409_8,1,See example (233).,,True
1665,dier1241,GB409_9,1,See example (188-189).,,True
1666,dier1241,GB409_10,1,See example (195).,,True
1667,dier1241,GB409_11,1,See example (406).,,True
1668,dier1241,GB409_12,1,No mention nor evidence of an realis-irrealis split in case marking.,,True
1669,dier1241,GB409_13,1,No mention nor evidence of an realis-irrealis split in case marking.,,True
1670,dier1241,GB409_14,1,No mention nor evidence of an realis-irrealis split in case marking. See example (200).,,True
1671,dier1241,GB409_15,1,No mention nor evidence of an realis-irrealis split in case marking. See example (195).,,True
1672,dier1241,GB409_16,1,"The grammar exhaustively describes splits in case marking and alignments in the language, there is no mention nor evidence of a split based on the topicality of the A argument.",,True
1673,dier1241,GB409_17,1,"The grammar exhaustively describes splits in case marking and alignments in the language, there is no mention nor evidence of a split based on the topicality of the A argument.",,True
1674,dier1241,GB409_18,1,See example (188).,,True
1675,dier1241,GB409_19,1,See example (189).,,True
1676,dier1241,GB409_20,1,See example (188-189).,,True
1677,dier1241,GB409_21,1,"The grammar exhaustively describes splits in case marking and alignments in the language, there is no mention nor evidence of a split based on non-main clauses",,True
1678,dier1241,GB409_22,1,"There are splits based on number, personal nouns vs. common nouns, and gender. See table 3.2.",,True
1679,dier1241,GB409_24,1,"""Nominal phrases marked for the ergative case appear in two main syntactic functions, namely as the subject (A) of a transitive or ditransitive verb, or as an instrumental.""",,True
1680,diga1241,GB409_1,1,"The ergative alignment will be conditioned by the agentivity of S, which is marked with -wè.",,True
1681,diga1241,GB409_2,?,Not enough information or examples.,,True
1682,diga1241,GB409_3,?,Not enough information or examples.,,True
1683,diga1241,GB409_4,?,Not enough information or examples.,,True
1684,diga1241,GB409_5,1,"See examples (37), (38).",,True
1685,diga1241,GB409_6,?,Not enough information or examples.,,True
1686,diga1241,GB409_7,?,Not enough information or examples.,,True
1687,diga1241,GB409_8,?,Not enough information or examples.,,True
1688,diga1241,GB409_9,?,Not enough information or examples.,,True
1689,diga1241,GB409_10,1,"See examples (37), (38).",,True
1690,diga1241,GB409_11,?,Not enough information or examples.,,True
1691,diga1241,GB409_12,1,"See examples (37), (38).",,True
1692,diga1241,GB409_13,?,Not enough information or examples.,,True
1693,diga1241,GB409_14,1,"See examples (37), (38).",,True
1694,diga1241,GB409_15,?,Not enough information or examples.,,True
1695,diga1241,GB409_16,?,Not enough information or examples.,,True
1696,diga1241,GB409_17,1,"See examples (37), (38).",,True
1697,diga1241,GB409_18,1,"See examples (37), (38).",,True
1698,diga1241,GB409_19,?,Not enough information or examples.,,True
1699,diga1241,GB409_20,1,"See examples (37), (38).",,True
1700,diga1241,GB409_21,?,Not enough information or examples.,,True
1701,diga1241,GB409_22,1,Case marking may or may not be ergative-absolutive depending on the agentivity of S or the topicality of A.,,True
1702,diga1241,GB409_23,0,,,True
1703,diga1241,GB409_24,0,,,True
1704,djam1255,GB409_1,0,,,True
1705,djam1255,GB409_2,1,See example (2-46).,,True
1706,djam1255,GB409_3,1,,,True
1707,djam1255,GB409_4,1,,,True
1708,djam1255,GB409_5,1,See example (4-12).,,True
1709,djam1255,GB409_6,?,There is no mention nor evidence of a split based on aspect.,,True
1710,djam1255,GB409_7,?,There is no mention nor evidence of a split based on aspect.,,True
1711,djam1255,GB409_8,1,See example (4-12).,,True
1712,djam1255,GB409_9,1,See example (4-53).,,True
1713,djam1255,GB409_10,1,See example (4-12).,,True
1714,djam1255,GB409_11,1,See example (5-361).,,True
1715,djam1255,GB409_12,1,See example (4-12).,,True
1716,djam1255,GB409_13,?,There is no mention nor evidence of a split based on realis-irrealis status.,,True
1717,djam1255,GB409_14,1,See example (4-12).,,True
1718,djam1255,GB409_15,1,See example (2-124).,,True
1719,djam1255,GB409_16,?,There is no mention nor evidence of a split based on topical,,True
1720,djam1255,GB409_17,?,There is no mention nor evidence of a split based on topical,,True
1721,djam1255,GB409_18,1,See example (4-12).,,True
1722,djam1255,GB409_19,1,See example (4-27).,,True
1723,djam1255,GB409_20,1,See example (4-12).,,True
1724,djam1255,GB409_21,1,See example (5-127).,,True
1725,djam1255,GB409_22,0,,,True
1726,djam1255,GB409_23,0,,,True
1727,djam1255,GB409_24,1,Ergative and instrumental are marked by -ni ~ -di. Commitative has a different mark.,,True
1728,djap1238,GB409_1,0,,,True
1729,djap1238,GB409_2,0,Pronouns follow a nominative-accusative alignment pattern. See Table 3.7,,True
1730,djap1238,GB409_3,0,Pronouns follow a nominative-accusative alignment pattern. See Table 3.7,,True
1731,djap1238,GB409_4,0,Pronouns follow a nominative-accusative alignment pattern. See Table 3.7,,True
1732,djap1238,GB409_5,1,See example (8),,True
1733,djap1238,GB409_6,?,,,True
1734,djap1238,GB409_7,?,,,True
1735,djap1238,GB409_8,?,,,True
1736,djap1238,GB409_9,1,See example (8),,True
1737,djap1238,GB409_10,1,See example (8),,True
1738,djap1238,GB409_11,?,,,True
1739,djap1238,GB409_12,?,,,True
1740,djap1238,GB409_13,1,See example (8),,True
1741,djap1238,GB409_14,?,,,True
1742,djap1238,GB409_15,?,,,True
1743,djap1238,GB409_16,?,,,True
1744,djap1238,GB409_17,?,,,True
1745,djap1238,GB409_18,?,,,True
1746,djap1238,GB409_19,?,,,True
1747,djap1238,GB409_20,1,See example (8),,True
1748,djap1238,GB409_21,?,,,True
1749,djap1238,GB409_22,1,Case marking may or may not be ergative-absolutive depending on the humanity of S y P,,True
1750,djap1238,GB409_23,0,,,True
1751,djap1238,GB409_24,1,See table 3.2,,True
1752,djin1251,GB409_1,0,,,True
1753,djin1251,GB409_2,1,See table 5.3,,True
1754,djin1251,GB409_3,1,See table 5.3,,True
1755,djin1251,GB409_4,0,See table 5.3,,True
1756,djin1251,GB409_5,1,See example (5.56a),,True
1757,djin1251,GB409_6,1,See example (5.56a),,True
1758,djin1251,GB409_7,?,,,True
1759,djin1251,GB409_8,1,See example (5.56b),,True
1760,djin1251,GB409_9,1,See example (5.58d),,True
1761,djin1251,GB409_10,1,See example (5.56b),,True
1762,djin1251,GB409_11,1,See example (6.31d),,True
1763,djin1251,GB409_12,1,See example (5.56b),,True
1764,djin1251,GB409_13,1,See example (5.58d),,True
1765,djin1251,GB409_14,1,See example (5.56b),,True
1766,djin1251,GB409_15,1,See example (5.58d),,True
1767,djin1251,GB409_16,1,See example (5.60b),,True
1768,djin1251,GB409_17,1,See example (5.58d),,True
1769,djin1251,GB409_18,1,See example (5.56b),,True
1770,djin1251,GB409_19,1,See example (4.1),,True
1771,djin1251,GB409_20,1,See example (5.56b),,True
1772,djin1251,GB409_21,?,,,True
1773,djin1251,GB409_22,0,,,True
1774,djin1251,GB409_23,0,,,True
1775,djin1251,GB409_24,0,,,True
1776,doma1260,GB409_1,0,Unmarked,,True
1777,doma1260,GB409_2,0,,,True
1778,doma1260,GB409_3,0,,,True
1779,doma1260,GB409_4,?,,,True
1780,doma1260,GB409_5,1,,,True
1781,doma1260,GB409_6,?,,,True
1782,doma1260,GB409_7,?,,,True
1783,doma1260,GB409_8,1,,,True
1784,doma1260,GB409_9,1,,,True
1785,doma1260,GB409_10,1,,,True
1786,doma1260,GB409_11,?,,,True
1787,doma1260,GB409_12,1,,,True
1788,doma1260,GB409_13,?,,,True
1789,doma1260,GB409_14,?,,,True
1790,doma1260,GB409_15,?,,,True
1791,doma1260,GB409_16,?,,,True
1792,doma1260,GB409_17,?,,,True
1793,doma1260,GB409_18,?,,,True
1794,doma1260,GB409_19,?,,,True
1795,doma1260,GB409_20,1,,,True
1796,doma1260,GB409_21,?,,,True
1797,doma1260,GB409_22,1,Case marking may or may not be ergative-absolutive depending on the number A.,,True
1798,doma1260,GB409_23,0,,,True
1799,doma1260,GB409_24,0,,,True
1800,drun1238,GB409_1,0,The arguments S and O are not marked.,,True
1801,drun1238,GB409_2,1,,,True
1802,drun1238,GB409_3,1,,,True
1803,drun1238,GB409_4,1,,,True
1804,drun1238,GB409_5,1,See example (148),,True
1805,drun1238,GB409_6,?,There is no mention nor evidence of a split based on main clauses,,True
1806,drun1238,GB409_7,1,See example (148),,True
1807,drun1238,GB409_8,1,See example (148),,True
1808,drun1238,GB409_9,1,See example (304),,True
1809,drun1238,GB409_10,1,See example (148),,True
1810,drun1238,GB409_11,1,See example (304),,True
1811,drun1238,GB409_12,1,See example (148),,True
1812,drun1238,GB409_13,1,See example (304),,True
1813,drun1238,GB409_14,1,See example (148),,True
1814,drun1238,GB409_15,?,There is no mention nor evidence of a split based on agentive A,,True
1815,drun1238,GB409_16,?,There is no mention nor evidence of a split based on topicality A,,True
1816,drun1238,GB409_17,?,There is no mention nor evidence of a split based on topicality A,,True
1817,drun1238,GB409_18,1,See example (148),,True
1818,drun1238,GB409_19,1,There is no mention nor evidence of a split based on animate- inanimate A,,True
1819,drun1238,GB409_20,1,See example (148),,True
1820,drun1238,GB409_21,?,There is no mention nor evidence of a split based on main clauses,,True
1821,drun1238,GB409_22,0,,,True
1822,drun1238,GB409_23,0,,,True
1823,drun1238,GB409_24,1,,,True
1824,dumi1241,GB409_1,0,See examples (14a-c).,,True
1825,dumi1241,GB409_2,1,See table 7.4,,True
1826,dumi1241,GB409_3,1,See table 7.4,,True
1827,dumi1241,GB409_4,1,See table 7.4,,True
1828,dumi1241,GB409_5,1,See examples (14a-c).,,True
1829,dumi1241,GB409_6,1,"See examples (28a-c), (29a-c).",,True
1830,dumi1241,GB409_7,1,See example (36a).,,True
1831,dumi1241,GB409_8,1,See examples (14a-c).,,True
1832,dumi1241,GB409_9,1,See examples (16ii).,,True
1833,dumi1241,GB409_10,1,See examples (14a-c).,,True
1834,dumi1241,GB409_11,1,See examples (86a-c); (14a-b).,,True
1835,dumi1241,GB409_12,1,See examples (14a-c).,,True
1836,dumi1241,GB409_13,1,See example (83b).,,True
1837,dumi1241,GB409_14,1,See examples (14a-c).,,True
1838,dumi1241,GB409_15,1,See example (76b).,,True
1839,dumi1241,GB409_16,1,,,True
1840,dumi1241,GB409_17,?,There are no examples in the source in order to corroborate this feature.,,True
1841,dumi1241,GB409_18,1,See examples (14a-c).,,True
1842,dumi1241,GB409_19,1,See example (76b).,,True
1843,dumi1241,GB409_20,1,See examples (14a-c).,,True
1844,dumi1241,GB409_21,1,See example (2).,,True
1845,dumi1241,GB409_22,0,There are no additional splits.,,True
1846,dumi1241,GB409_23,0,See table 7.1.,,True
1847,dumi1241,GB409_24,1,See table 7.1. See examples (17a-c). Case comitative mark is -majo.,,True
1848,dura1244,GB409_1,0,Unmarked. See Table 6.3,,True
1849,dura1244,GB409_2,1,"Ergative marking is optional in first and second person pronouns, creating an optional neutral alignment.",,True
1850,dura1244,GB409_3,1,"Ergative marking is optional in first and second person pronouns, creating an optional neutral alignment.",,True
1851,dura1244,GB409_4,1,Ergative marking is required for third person pronouns.,,True
1852,dura1244,GB409_5,1,"See examples (228), (229).",,True
1853,dura1244,GB409_6,0,,,True
1854,dura1244,GB409_7,1,,,True
1855,dura1244,GB409_8,1,See example (242).,,True
1856,dura1244,GB409_9,1,See example (215).,,True
1857,dura1244,GB409_10,1,"See examples (228), (229).",,True
1858,dura1244,GB409_11,1,See example (242).,,True
1859,dura1244,GB409_12,1,"See examples (228), (229).",,True
1860,dura1244,GB409_13,1,,,True
1861,dura1244,GB409_14,1,"See examples (228), (229).",,True
1862,dura1244,GB409_15,1,See example (329).,,True
1863,dura1244,GB409_16,?,"It is stated that there might be a split based on topicality alongside other factors, but the source does not elaborate further.",,True
1864,dura1244,GB409_17,?,"It is stated that there might be a split based on topicality alongside other factors, but the source does not elaborate further.",,True
1865,dura1244,GB409_18,1,"See examples (228), (229).",,True
1866,dura1244,GB409_19,1,See example (247).,,True
1867,dura1244,GB409_20,1,"See examples (228), (229).",,True
1868,dura1244,GB409_21,?,The source does not discuss non-main clauses.,,True
1869,dura1244,GB409_22,0,,,True
1870,dura1244,GB409_23,0,See Table 6.3,,True
1871,dura1244,GB409_24,?,"The comitative marker is different from the ergative. It is stated that  instruments are also marked with the ergative, but the only available example has a inanimate cause rather than an instrument per se.",,True
1872,duun1241,GB409_1,0,Unmarked. See table 3.2.,,True
1873,duun1241,GB409_2,0,Pronouns follow a nominative-accusative pattern.,,True
1874,duun1241,GB409_3,0,Pronouns follow a nominative-accusative pattern.,,True
1875,duun1241,GB409_4,0,Pronouns follow a nominative-accusative pattern.,,True
1876,duun1241,GB409_5,1,See example (28),,True
1877,duun1241,GB409_6,?,There is no mention nor evidence of a split based on mood.,,True
1878,duun1241,GB409_7,1,See example (37),,True
1879,duun1241,GB409_8,1,See example (263),,True
1880,duun1241,GB409_9,1,See example (33),,True
1881,duun1241,GB409_10,1,See example (28),,True
1882,duun1241,GB409_11,1,See example (259),,True
1883,duun1241,GB409_12,1,See example (37),,True
1884,duun1241,GB409_13,1,See example (33),,True
1885,duun1241,GB409_14,1,See example (33),,True
1886,duun1241,GB409_15,1,See example (28),,True
1887,duun1241,GB409_16,?,There is no mention nor evidence of a split based on mood.,,True
1888,duun1241,GB409_17,?,There is no mention nor evidence of a split based on mood.,,True
1889,duun1241,GB409_18,1,See example (33),,True
1890,duun1241,GB409_19,1,See example (28),,True
1891,duun1241,GB409_20,1,See example (28),,True
1892,duun1241,GB409_21,?,There is no mention nor evidence of a split based on main clauses,,True
1893,duun1241,GB409_22,0,,,True
1894,duun1241,GB409_23,1,See example (37). See table 3.3,,True
1895,duun1241,GB409_24,1,See table 3.1.,,True
1896,dyan1250,GB409_1,0,Unmarked.,,True
1897,dyan1250,GB409_2,0,Pronouns follow a nominative-accusative pattern.,,True
1898,dyan1250,GB409_3,0,Pronouns follow a nominative-accusative pattern.,,True
1899,dyan1250,GB409_4,0,Pronouns follow a nominative-accusative pattern.,,True
1900,dyan1250,GB409_5,1,"See examples (4), (5).",,True
1901,dyan1250,GB409_6,1,"See examples (192), (194).",,True
1902,dyan1250,GB409_7,1,See example (77).,,True
1903,dyan1250,GB409_8,1,See example (77).,,True
1904,dyan1250,GB409_9,1,See example (189).,,True
1905,dyan1250,GB409_10,1,"See examples (4), (5).",,True
1906,dyan1250,GB409_11,1,See example (214).,,True
1907,dyan1250,GB409_12,1,"See examples (4), (5).",,True
1908,dyan1250,GB409_13,1,See example (214).,,True
1909,dyan1250,GB409_14,1,"See examples (4), (5).",,True
1910,dyan1250,GB409_15,1,See example (444).,,True
1911,dyan1250,GB409_16,?,The grammar describes case marking and alingments in the language but there is no mention nor evidence of a split based on the topicality of the A argument.,,True
1912,dyan1250,GB409_17,?,The grammar describes case marking and alingments in the language but there is no mention nor evidence of a split based on the topicality of the A argument.,,True
1913,dyan1250,GB409_18,1,"See examples (4), (5).",,True
1914,dyan1250,GB409_19,1,"See examples (71), (72).",,True
1915,dyan1250,GB409_20,1,"See examples (4), (5).",,True
1916,dyan1250,GB409_21,1,See example (351).,,True
1917,dyan1250,GB409_22,0,,,True
1918,dyan1250,GB409_23,0,,,True
1919,dyan1250,GB409_24,1,See Table 1 Nominal inflections,,True
1920,dyir1250,GB409_1,0,Unmarked. See table 3.1,,True
1921,dyir1250,GB409_5,1,See example (3.33),,True
1922,dyir1250,GB409_8,1,See example (3.33),,True
1923,dyir1250,GB409_9,1,See example (2.49),,True
1924,dyir1250,GB409_10,1,See example (3.33),,True
1925,dyir1250,GB409_11,1,See example (4.5),,True
1926,dyir1250,GB409_12,1,See example (3.33),,True
1927,dyir1250,GB409_14,1,See example (3.33),,True
1928,dyir1250,GB409_18,1,See example (3.33),,True
1929,dyir1250,GB409_20,1,See example (3.33),,True
1930,dyir1250,GB409_24,1,,,True
1931,dzon1239,GB409_2,1,"Ergative marking is optional in first and second person pronouns, creating an optional neutral alignment. See example (15)",,True
1932,dzon1239,GB409_3,?,,,True
1933,dzon1239,GB409_4,?,,,True
1934,dzon1239,GB409_5,1,See example (323),,True
1935,dzon1239,GB409_6,1,"See example (297), (298)",,True
1936,dzon1239,GB409_7,?,,,True
1937,dzon1239,GB409_8,1,See example (323),,True
1938,dzon1239,GB409_9,1,See example (263b),,True
1939,dzon1239,GB409_10,1,See example (323),,True
1940,dzon1239,GB409_11,1,See example (451),,True
1941,dzon1239,GB409_12,1,See example (323),,True
1942,dzon1239,GB409_13,?,,,True
1943,dzon1239,GB409_14,1,See example (323),,True
1944,dzon1239,GB409_15,1,See example (96c-d),,True
1945,dzon1239,GB409_16,?,,,True
1946,dzon1239,GB409_17,?,,,True
1947,dzon1239,GB409_18,1,See example (323),,True
1948,dzon1239,GB409_19,?,,,True
1949,dzon1239,GB409_20,1,See example (323),,True
1950,dzon1239,GB409_21,?,420 (319)?,,True
1951,dzon1239,GB409_22,?,,,True
1952,dzon1239,GB409_23,1,,,True
1953,dzon1239,GB409_24,1,See example (323),,True
1954,east2343,GB409_1,0,"See examples (21), (22)",,True
1955,east2343,GB409_2,1,See example (58),,True
1956,east2343,GB409_3,?,Not enough information or examples.,,True
1957,east2343,GB409_4,1,See example (49),,True
1958,east2343,GB409_5,1,See example (25),,True
1959,east2343,GB409_6,1,See example (49),,True
1960,east2343,GB409_7,1,See example (25),,True
1961,east2343,GB409_8,1,See example (26),,True
1962,east2343,GB409_9,1,See example (12),,True
1963,east2343,GB409_10,1,See example (25),,True
1964,east2343,GB409_11,?,There are no examples in the source in order to corroborate this feature.,,True
1965,east2343,GB409_12,1,See example (25),,True
1966,east2343,GB409_13,?,There are no examples in the source in order to corroborate this feature.,,True
1967,east2343,GB409_14,1,See example (25),,True
1968,east2343,GB409_15,1,See example (11),,True
1969,east2343,GB409_16,?,There is no mention nor evidence of a split based on topicality,,True
1970,east2343,GB409_17,?,There is no mention nor evidence of a split based on topicality,,True
1971,east2343,GB409_18,1,See example (4),,True
1972,east2343,GB409_19,?,There are no examples in the source in order to corroborate this feature.,,True
1973,east2343,GB409_20,1,See example (11),,True
1974,east2343,GB409_21,1,See example (26),,True
1975,east2343,GB409_22,0,,,True
1976,east2343,GB409_23,1,,,True
1977,east2343,GB409_24,1,,,True
1978,east2379,GB409_2,1,only first person singular pronouns,,True
1979,east2379,GB409_3,0,,,True
1980,east2379,GB409_4,0,,,True
1981,east2447,GB409_1,0,Unmarked.,,True
1982,east2447,GB409_2,1,See table 5,,True
1983,east2447,GB409_3,1,See table 5,,True
1984,east2447,GB409_4,1,See table 5,,True
1985,east2447,GB409_5,1,See example (108),,True
1986,east2447,GB409_6,1,See example (15),,True
1987,east2447,GB409_7,?,There are no information in the source in order to corroborate this feature.,,True
1988,east2447,GB409_8,1,See example (108),,True
1989,east2447,GB409_9,?,There are no information in the source in order to corroborate this feature.,,True
1990,east2447,GB409_10,1,See example (108),,True
1991,east2447,GB409_11,?,There are no information in the source in order to corroborate this feature.,,True
1992,east2447,GB409_12,1,See example (108),,True
1993,east2447,GB409_13,?,There are no information in the source in order to corroborate this feature.,,True
1994,east2447,GB409_14,1,See example (108),,True
1995,east2447,GB409_15,1,See example (47),,True
1996,east2447,GB409_16,?,There are no information in the source in order to corroborate this feature.,,True
1997,east2447,GB409_17,?,There are no information in the source in order to corroborate this feature.,,True
1998,east2447,GB409_18,?,There are no information in the source in order to corroborate this feature.,,True
1999,east2447,GB409_19,?,There are no information in the source in order to corroborate this feature.,,True
2000,east2447,GB409_20,1,See example (108),,True
2001,east2447,GB409_21,?,There are no information in the source in order to corroborate this feature.,,True
2002,east2447,GB409_22,1,See table 5,,True
2003,east2447,GB409_23,1,See example (56),,True
2004,east2447,GB409_24,?,Not enough information or examples.,,True
2005,east2516,GB409_1,0,Unmarked.,,True
2006,east2516,GB409_2,1,See example (6.4a),,True
2007,east2516,GB409_3,1,See example (4.31a),,True
2008,east2516,GB409_4,1,See example (4.30b),,True
2009,east2516,GB409_5,1,"See examples (4.1b), (4.2).",,True
2010,east2516,GB409_6,1,See example (4.31a),,True
2011,east2516,GB409_7,1,See example (6.6a),,True
2012,east2516,GB409_8,1,"See examples (4.1b), (4.2).",,True
2013,east2516,GB409_9,1,See example (4.31a),,True
2014,east2516,GB409_10,1,See example (4.31a),,True
2015,east2516,GB409_11,1,"See examples (4.24c), (4.26)",,True
2016,east2516,GB409_12,1,"See examples (4.1b), (4.2)",,True
2017,east2516,GB409_13,1,"See examples (7.2a), (7ab)",,True
2018,east2516,GB409_14,1,"See examples (4.1b), (4.2)",,True
2019,east2516,GB409_15,1,See example (7.38c),,True
2020,east2516,GB409_16,1,See example (4.12a),,True
2021,east2516,GB409_17,1,"See example (4.12b), (4.12c)",,True
2022,east2516,GB409_18,1,"See examples (4.1b), (4.2)",,True
2023,east2516,GB409_19,1,See examples (4.4),,True
2024,east2516,GB409_20,1,"See examples (4.1b), (4.2)",,True
2025,east2516,GB409_21,1,"See examples (7.19a), (7.19b)",,True
2026,east2516,GB409_22,?,There are no additional splits.,,True
2027,east2516,GB409_23,1,See example (4.28a).,,True
2028,east2516,GB409_24,1,See example (4.9a).,,True
2029,east2545,GB409_1,1,Unmarked.,,True
2030,east2545,GB409_2,?,"In these examples, pronouns do not receive case markings.",,True
2031,east2545,GB409_3,?,"In these examples, pronouns do not receive case markings.",,True
2032,east2545,GB409_4,?,"In these examples, pronouns do not receive case markings.",,True
2033,east2545,GB409_5,1,,,True
2034,east2545,GB409_6,1,,,True
2035,east2545,GB409_7,1,,,True
2036,east2545,GB409_8,1,,,True
2037,east2545,GB409_9,1,,,True
2038,east2545,GB409_10,1,,,True
2039,east2545,GB409_11,?,,,True
2040,east2545,GB409_12,1,,,True
2041,east2545,GB409_13,?,,,True
2042,east2545,GB409_14,1,,,True
2043,east2545,GB409_15,?,,,True
2044,east2545,GB409_16,?,,,True
2045,east2545,GB409_17,?,,,True
2046,east2545,GB409_18,1,,,True
2047,east2545,GB409_19,?,,,True
2048,east2545,GB409_20,1,,,True
2049,east2545,GB409_21,1,,,True
2050,east2545,GB409_22,1,The ergative split could occur in indefinite subjects.,,True
2051,east2545,GB409_23,0,,,True
2052,east2545,GB409_24,0,,,True
2053,east2694,GB409_1,?,,,True
2054,east2694,GB409_2,0,,,True
2055,east2694,GB409_3,0,,,True
2056,east2694,GB409_4,0,,,True
2057,east2694,GB409_5,1,,,True
2058,east2694,GB409_6,?,,,True
2059,east2694,GB409_7,?,,,True
2060,east2694,GB409_8,?,,,True
2061,east2694,GB409_9,?,,,True
2062,east2694,GB409_10,?,,,True
2063,east2694,GB409_11,?,,,True
2064,east2694,GB409_12,?,,,True
2065,east2694,GB409_13,?,,,True
2066,east2694,GB409_14,?,,,True
2067,east2694,GB409_15,?,,,True
2068,east2694,GB409_16,?,,,True
2069,east2694,GB409_17,?,,,True
2070,east2694,GB409_18,?,,,True
2071,east2694,GB409_19,?,,,True
2072,east2694,GB409_20,1,Only with verbs referred to as passive by the author.,,True
2073,east2694,GB409_21,1,,,True
2074,east2694,GB409_22,?,,,True
2075,east2694,GB409_23,?,Arguments with an ergative marker are referred to as genitive phrases by the author.,,True
2076,east2694,GB409_24,?,,,True
2077,east2773,GB409_1,0,See examples (45)-(47),,True
2078,east2773,GB409_2,1,See table 8,,True
2079,east2773,GB409_3,1,See table 9,,True
2080,east2773,GB409_4,1,See table 10,,True
2081,east2773,GB409_5,1,See examples (41)-(44),,True
2082,east2773,GB409_6,1,"See examples (14), (84)",,True
2083,east2773,GB409_7,1,See examples (106),,True
2084,east2773,GB409_8,1,See examples (54),,True
2085,east2773,GB409_9,1,"See examples (41), (44)",,True
2086,east2773,GB409_10,1,"See examples (41),(42)",,True
2087,east2773,GB409_11,1,See examples (43),,True
2088,east2773,GB409_12,1,See examples (41),,True
2089,east2773,GB409_13,1,See examples (43),,True
2090,east2773,GB409_14,1,See examples (41)-(44),,True
2091,east2773,GB409_15,1,See example (125),,True
2092,east2773,GB409_16,?,The grammar describes case marking and alingments in the language but there is no mention nor evidence of a split based on the topicality of the A argument.,,True
2093,east2773,GB409_17,?,The grammar describes case marking and alingments in the language but there is no mention nor evidence of a split based on the topicality of the A argument.,,True
2094,east2773,GB409_18,1,See example (7),,True
2095,east2773,GB409_19,?,The grammar describes case marking and alingments in the language but there is no mention nor evidence of a split based on the animacity of the A argument.,,True
2096,east2773,GB409_20,1,See examples (41)-(44),,True
2097,east2773,GB409_21,1,See example (21),,True
2098,east2773,GB409_22,0,There are no additional splits.,,True
2099,east2773,GB409_23,0,See table 6,,True
2100,east2773,GB409_24,1,See table 6,,True
2101,east2851,GB409_1,0,Unmarked.,,True
2102,east2851,GB409_2,1,See table 4.68,,True
2103,east2851,GB409_3,1,See table 4.68,,True
2104,east2851,GB409_4,1,See table 4.68,,True
2105,east2851,GB409_5,1,See example (5.54),,True
2106,east2851,GB409_6,1,See example (5.54),,True
2107,east2851,GB409_7,1,See example (7.63),,True
2108,east2851,GB409_8,1,See example (5.54),,True
2109,east2851,GB409_9,1,See example (7.71),,True
2110,east2851,GB409_10,1,See example (5.54),,True
2111,east2851,GB409_11,1,See example (7.71),,True
2112,east2851,GB409_12,1,See example (5.54),,True
2113,east2851,GB409_13,1,See example (7.71),,True
2114,east2851,GB409_14,1,See example (7.63),,True
2115,east2851,GB409_15,1,See example (7.79),,True
2116,east2851,GB409_16,1,"The source mentions that all thematic roles can be topicalized, but does not say whether this applies to arguments. Example x shows a topicalization in A. See example (7.71)",,True
2117,east2851,GB409_17,1,The grammar describes case marking and alingments in the language but there is no mention nor evidence of a split based on the topicality of the A argument.,,True
2118,east2851,GB409_18,1,See example (7.63),,True
2119,east2851,GB409_19,1,See example (7.65),,True
2120,east2851,GB409_20,1,See example (5.54),,True
2121,east2851,GB409_21,1,See example (12.63),,True
2122,east2851,GB409_22,0,There are no additional splits.,,True
2123,east2851,GB409_23,0,,,True
2124,east2851,GB409_24,0,,,True
2125,emai1242,GB409_1,0,"See example (14b), where the absolute is unmarked.",,True
2126,emai1242,GB409_2,0,The language follows the nominative-accusative pattern.,,True
2127,emai1242,GB409_3,0,The language follows the nominative-accusative pattern.,,True
2128,emai1242,GB409_4,0,The language follows the nominative-accusative pattern.,,True
2129,emai1242,GB409_5,1,"In transitive verbs with an imperfective aspect, there is a “subject concord” marker in the flagging.  See example (14a.b).",,True
2130,emai1242,GB409_6,1,"In transitive verbs with an imperfective aspect, there is a “subject concord” marker in the flagging.  See example (14a.b).",,True
2131,emai1242,GB409_7,0,,,True
2132,emai1242,GB409_8,0,,,True
2133,emai1242,GB409_9,1,"In transitive verbs with an imperfective aspect, there is a “subject concord” marker in the flagging.  See example (14a.b).",,True
2134,emai1242,GB409_10,1,"In transitive verbs with an imperfective aspect, there is a “subject concord” marker in the flagging.  See example (14a.b).",,True
2135,emai1242,GB409_11,?,The grammar describes case marking and alingments in the language but there is no mention nor evidence of a split based on moods of the A argument.,,True
2136,emai1242,GB409_12,1,"In transitive verbs with an imperfective aspect, there is a “subject concord” marker in the flagging.  See example (14a.b).",,True
2137,emai1242,GB409_13,1,The grammar describes case marking and alingments in the language but there is no mention nor evidence of a split based on realis-irrealis status of the A argument.,,True
2138,emai1242,GB409_14,1,"In transitive verbs with an imperfective aspect, there is a “subject concord” marker in the flagging.  See example (14a.b).",,True
2139,emai1242,GB409_15,?,The grammar describes case marking and alingments in the language but there is no mention nor evidence of a split based on agentivity of the A argument.,,True
2140,emai1242,GB409_16,?,The grammar describes case marking and alingments in the language but there is no mention nor evidence of a split based on topicality of the A argument.,,True
2141,emai1242,GB409_17,?,The grammar describes case marking and alingments in the language but there is no mention nor evidence of a split based on topicality of the A argument.,,True
2142,emai1242,GB409_18,1,"In transitive verbs with an imperfective aspect, there is a “subject concord” marker in the flagging.  See example (14a.b).",,True
2143,emai1242,GB409_19,?,The grammar describes case marking and alingments in the language but there is no mention nor evidence of a split based on animate-inanimate of the A argument.,,True
2144,emai1242,GB409_20,1,"In transitive verbs with an imperfective aspect, there is a “subject concord” marker in the flagging.  See example (14a.b).",,True
2145,emai1242,GB409_21,?,There are no examples in the source in order to corroborate this feature.,,True
2146,emai1242,GB409_22,1,The intensifier marks form an ergative alignment because they are assigned to S and P.,,True
2147,emai1242,GB409_23,0,,,True
2148,emai1242,GB409_24,0,,,True
2149,ersu1241,GB409_1,1,"See example (4.74), (4.116)",,True
2150,ersu1241,GB409_2,1,The ergative marker is not obligatory. See table 4.26,,True
2151,ersu1241,GB409_3,1,The ergative marker is not obligatory. See table 4.26,,True
2152,ersu1241,GB409_4,1,The ergative marker is not obligatory. See table 4.26,,True
2153,ersu1241,GB409_5,1,See example (4.116),,True
2154,ersu1241,GB409_6,?,There are no examples in the source in order to corroborate this feature.,,True
2155,ersu1241,GB409_7,1,See example (4.116),,True
2156,ersu1241,GB409_8,1,See example (4.116),,True
2157,ersu1241,GB409_9,1,See example (8.69b),,True
2158,ersu1241,GB409_10,1,See example (4.116),,True
2159,ersu1241,GB409_11,?,There is no mention nor evidence of a split based on mood.,,True
2160,ersu1241,GB409_12,1,See example (4.116),,True
2161,ersu1241,GB409_13,?,There is no mention nor evidence of a split based on realis-irrealis status.,,True
2162,ersu1241,GB409_14,1,See example (4.116),,True
2163,ersu1241,GB409_15,?,There is no mention nor evidence of a split based on agentivity.,,True
2164,ersu1241,GB409_16,1,The ergative marker is obligatory. See example (4.120) where it is marked with ergative.,,True
2165,ersu1241,GB409_17,?,There is no mention nor evidence of a split based on topicality.,,True
2166,ersu1241,GB409_18,1,The ergative marker is not obligatory. See example (4.116) where it is marked with ergative.,,True
2167,ersu1241,GB409_19,1,The ergative marker is obligatory. See example (4.119) where it is marked with ergative.,,True
2168,ersu1241,GB409_20,1,See example (4.116),,True
2169,ersu1241,GB409_21,1,See example (4.120),,True
2170,ersu1241,GB409_22,?,There are no additional splits.,,True
2171,ersu1241,GB409_23,1,The case markers for the ergative and genitive are different.,,True
2172,ersu1241,GB409_24,?,There are no examples in the source in order to corroborate this feature.,,True
2173,fala1243,GB409_1,0,See example (2.13).,,True
2174,fala1243,GB409_2,?,The pronoun in flagging is generally omitted.,,True
2175,fala1243,GB409_3,?,The pronoun in flagging is generally omitted.,,True
2176,fala1243,GB409_4,?,The pronoun in flagging is generally omitted.,,True
2177,fala1243,GB409_5,1,"See examples (2.1), (2.3).",,True
2178,fala1243,GB409_6,1,See example (2.135).,,True
2179,fala1243,GB409_7,1,See example (2.18).,,True
2180,fala1243,GB409_8,1,See example (2.18).,,True
2181,fala1243,GB409_9,1,See example (2.127).,,True
2182,fala1243,GB409_10,1,"See examples (2.1), (2.3).",,True
2183,fala1243,GB409_11,?,The grammar describes case marking and alingments in the language but there is no mention nor evidence of a split based on mood of the A argument.,,True
2184,fala1243,GB409_12,1,See example (2.18).,,True
2185,fala1243,GB409_13,1,See example (2.127).,,True
2186,fala1243,GB409_14,1,"See examples (2.1), (2.3).",,True
2187,fala1243,GB409_15,?,The grammar describes case marking and alingments in the language but there is no mention nor evidence of a split based on the agentivity of the A argument.,,True
2188,fala1243,GB409_16,1,See example (2.183).,,True
2189,fala1243,GB409_17,1,See example (2.185).,,True
2190,fala1243,GB409_18,1,See example (2.1).,,True
2191,fala1243,GB409_19,1,See example (2.3).,,True
2192,fala1243,GB409_20,1,"See examples (2.1), (2.3).",,True
2193,fala1243,GB409_21,1,See example (2.159).,,True
2194,fala1243,GB409_22,?,There are no additional splits.,,True
2195,fala1243,GB409_23,0,,,True
2196,fala1243,GB409_24,1,"The ergative marker also functions as an ablative. In this sense, this suffix can also indicate instrument. See example (2.10).",,True
2197,fasu1242,GB409_1,0,,"Loeweke & May, 1980, p. 50",True
2198,fasu1242,GB409_2,?,,,True
2199,fasu1242,GB409_3,?,,,True
2200,fasu1242,GB409_4,1,,"Loeweke & May, 1980, p. 50",True
2201,fasu1242,GB409_5,?,,,True
2202,fasu1242,GB409_6,?,,,True
2203,fasu1242,GB409_7,?,,,True
2204,fasu1242,GB409_8,?,,,True
2205,fasu1242,GB409_9,?,,,True
2206,fasu1242,GB409_10,?,,,True
2207,fasu1242,GB409_11,?,,,True
2208,fasu1242,GB409_12,?,,,True
2209,fasu1242,GB409_13,?,,,True
2210,fasu1242,GB409_14,?,,,True
2211,fasu1242,GB409_15,?,,,True
2212,fasu1242,GB409_16,?,,,True
2213,fasu1242,GB409_17,?,,,True
2214,fasu1242,GB409_18,1,,"Loeweke & May, 1980, p. 50",True
2215,fasu1242,GB409_19,?,,,True
2216,fasu1242,GB409_20,1,,"Loeweke & May, 1980, p. 50",True
2217,fasu1242,GB409_21,?,,,True
2218,fasu1242,GB409_22,?,,,True
2219,fasu1242,GB409_23,?,,,True
2220,fasu1242,GB409_24,?,,,True
2221,fran1266,GB409_1,0,"ABS (intransitive S and transitive O) is zero-marked; no dedicated ABS suffix (§2.3, p.344).",Engel & Bartholomew 1987: 401,True
2222,fran1266,GB409_2,0,"1st person pronouns have the same form for subject and object functions (§3.1.4, p.349). Grammatical role of 1st/2nd person encoded through verb prefixes (N-), not through nominal ERG suffix.",Engel & Bartholomew 1987: 381,True
2223,fran1266,GB409_3,0,2nd person pronouns also have invariant form; role encoded through verb prefixes.,Engel & Bartholomew 1987: 383,True
2224,fran1266,GB409_4,1,"No dedicated 3rd person pronouns; demonstratives serve as 3rd person (§3.1, §3.4) and DO take ERG suffix -'is: je'is (dem-ERG). Confirmed at §3.3 and §2.3.","Engel & Bartholomew 1987: 373, §3.3-3.5",True
2225,fran1266,GB409_5,1,Full NPs take ERG suffix -'is when transitive subjects (§2.3: 'El viento derribó a un árbol grande' with sava'is = wind-ERG).,"Engel & Bartholomew 1987: 344, 407",True
2226,fran1266,GB409_6,1,Continuative/imperfective aspect (-pa) co-occurs with ERG marking: yomo'is tyonvitu'yajpa 'The women turn the tortillas' (§2.1.2). No aspect-based split.,Engel & Bartholomew 1987: 341 (§2.1.2),True
2227,fran1266,GB409_7,1,Preterite/completive (-u) also co-occurs with ERG marking (§2.3). No aspect-based split.,Engel & Bartholomew 1987: 344,True
2228,fran1266,GB409_8,1,Preterite examples consistently show ERG -'is on transitive subjects.,Engel & Bartholomew 1987: 344,True
2229,fran1266,GB409_9,1,Present/continuative and future contexts also show ERG -'is. No tense-based split.,"Engel & Bartholomew 1987: 341, 383",True
2230,fran1266,GB409_10,1,All indicative constructions show ERG marking on 3rd person and full NP transitive subjects.,Engel & Bartholomew 1987: 373,True
2231,fran1266,GB409_11,1,"ERG -'is applies in subordinate and modal contexts (§11.3, §15.2); participial relative clauses explicitly require -'is on transitive subjects (§15.2.1).","Engel & Bartholomew 1987: §11.3, §15.2",True
2232,fran1266,GB409_12,1,All realis (indicative) contexts show ERG marking.,Engel & Bartholomew 1987: 373,True
2233,fran1266,GB409_13,1,"Future (manba), conditional (oca si), and purpose clauses (va'co) also show ERG -'is on transitive subjects.","Engel & Bartholomew 1987: §11.1.4, §11.3.3",True
2234,fran1266,GB409_14,1,"ERG marks 'la persona responsable del efecto de la acción del verbo transitivo' (§2.3, p.344).",Engel & Bartholomew 1987: 344,True
2235,fran1266,GB409_15,1,"Causative prefix yac- creates transitive constructions with non-volitional/inanimate causers taking ERG -'is (sava'is = wind-ERG, p.344). ERG applies to non-agentive A.",Engel & Bartholomew 1987: 344 (causative constructions),True
2236,fran1266,GB409_16,1,No topicality conditioning described or implied; ERG -'is is a structural case suffix.,Engel & Bartholomew 1987: 373,True
2237,fran1266,GB409_17,1,No topicality conditioning; ERG applies equally to non-topical A.,Engel & Bartholomew 1987: 373,True
2238,fran1266,GB409_18,1,Animate A consistently takes ERG -'is (all canonical transitive subjects are animate).,Engel & Bartholomew 1987: 373,True
2239,fran1266,GB409_19,1,"Inanimate causers (e.g., wind-ERG, p.344) also take ERG -'is in causative constructions (§9.2.6).",Engel & Bartholomew 1987: 344,True
2240,fran1266,GB409_20,1,All primary transitive main clause constructions show ERG marking.,Engel & Bartholomew 1987: 373,True
2241,fran1266,GB409_21,1,"Participial/relative clauses explicitly documented: 'Si el elemento de relativo es el sujeto del verbo transitivo... se une el sufijo ergativo -'is al verbo' (§15.2.1, p.401).",Engel & Bartholomew 1987: 401 (§15.2.1),True
2242,fran1266,GB409_22,0,No additional conditioning beyond the person-based split (1st/2nd: verb agreement only; 3rd/NP: nominal suffix -'is). This split is already captured in GB409_2-3.,Engel & Bartholomew 1987: 344,True
2243,fran1266,GB409_23,1,"ERG suffix -'is also marks possessors (§2.2.1, p.342: 'El sustantivo poseedor lleva el sufijo ergativo'). Explicit ERG=GEN syncretism.",Engel & Bartholomew 1987: 342 (§2.2.1),True
2244,fran1266,GB409_24,0,"Instrumental/comitative expressed through postpositions (-pit 'with', -ji'n 'with', §5, pp.356-357), entirely distinct from ERG suffix -'is.",Engel & Bartholomew 1987: 356-357,True
2245,fuln1247,GB409_1,1,A: -ho | S/P: -dowa,"Costa, 1999, p. 309",True
2246,fuln1247,GB409_2,0,,"Costa, 1999, p. 309",True
2247,fuln1247,GB409_3,0,,"Costa, 1999, p. 309",True
2248,fuln1247,GB409_4,1,"""De este modo, podemos decir que la lengua, que morfológicamente sólo manifiesta su ergactividad en la tercera persona del singular a través de los índices actanciales, se muestra sintácticamente totalmente ergativa con respecto a las estrategias de relativización que utiliza, por un lado, la forma con el sufijo /-ho/, que relativiza sujeto-agente, o sujeto de verbos transitivos; por otro lado, la forma con el sufijo /-dowa/, que relativiza al paciente – sujeto, por así decirlo, de verbo intransitivo y objeto de verbo transitivo. Es decir, la lengua trata de la misma manera el sujeto del verbo intransitivo y el objeto del verbo transitivo también con respecto a los mecanismos que utiliza para realizar operaciones complejas como la relativización""","Costa, 1999, p. 309",True
2249,fuln1247,GB409_5,1,,"Costa, 1999, p. 303",True
2250,fuln1247,GB409_6,1,,"Costa, 1999, p. 303-304",True
2251,fuln1247,GB409_7,1,,"Costa, 1999, p. 303",True
2252,fuln1247,GB409_8,1,,"Costa, 1999, p. 303",True
2253,fuln1247,GB409_9,1,,"Costa, 1999, p. 303-304",True
2254,fuln1247,GB409_10,1,,"Costa, 1999, p. 303",True
2255,fuln1247,GB409_11,?,,,True
2256,fuln1247,GB409_12,1,,"Costa, 1999, p. 303",True
2257,fuln1247,GB409_13,?,,,True
2258,fuln1247,GB409_14,0,,"Costa, 1999, p. 305",True
2259,fuln1247,GB409_15,1,,"Costa, 1999, p. 305",True
2260,fuln1247,GB409_16,0,,"Costa, 1999, p. 305",True
2261,fuln1247,GB409_17,1,,"Costa, 1999, p. 305",True
2262,fuln1247,GB409_18,1,,"Costa, 1999, p. 303",True
2263,fuln1247,GB409_19,?,,,True
2264,fuln1247,GB409_20,1,,"Costa, 1999, p. 303",True
2265,fuln1247,GB409_21,?,,,True
2266,fuln1247,GB409_22,1,"La alineación está condicionada por el papel semántico del argumento relativizado (Agente vs. No-Agente) en la cláusula relativa, lo que se manifiesta en la elección del morfema participial (-ho para A, -dowa para S/P)","Costa, 1999, p. 309",True
2267,fuln1247,GB409_23,0,,"Costa, 1999, p. 164",True
2268,fuln1247,GB409_24,0,,"Costa, 1999, p. 155",True
2269,futu1245,GB409_1,0,,"Dougherty, 1983, p. 53",True
2270,futu1245,GB409_2,1,,"Dougherty, 1983, p. 53",True
2271,futu1245,GB409_3,1,,"Dougherty, 1983, p. 55",True
2272,futu1245,GB409_4,1,,"Dougherty, 1983, p. 53",True
2273,futu1245,GB409_5,1,"Solo de manera opcional y restringida. El marcador ""e"" puede usarse para marcar el sujeto de una cláusula transitiva (A) cuando sigue al verbo o en contextos de topicalización, pero no es propiamente ergativo ya que no es obligatorio y no distingue consistentemente entre A y S/P.","Dougherty, 1983: 42-46.",True
2274,futu1245,GB409_6,1,,"Dougherty, 1983, p. 53",True
2275,futu1245,GB409_7,1,,"Dougherty, 1983, p. 53",True
2276,futu1245,GB409_8,1,,"Dougherty, 1983, p. 54",True
2277,futu1245,GB409_9,1,,"Dougherty, 1983, p. 53",True
2278,futu1245,GB409_10,1,,"Dougherty, 1983, p. 53",True
2279,futu1245,GB409_11,1,,"Dougherty, 1983, p. 53",True
2280,futu1245,GB409_12,1,,"Dougherty, 1983, p. 53",True
2281,futu1245,GB409_13,1,,"Dougherty, 1983, p. 53",True
2282,futu1245,GB409_14,0,,"Dougherty, 1983, p. 53-54",True
2283,futu1245,GB409_15,1,,"Dougherty, 1983, p. 53-54",True
2284,futu1245,GB409_16,0,,"Dougherty, 1983, p. 53-54",True
2285,futu1245,GB409_17,1,,"Dougherty, 1983, p. 53-54",True
2286,futu1245,GB409_18,1,,"Dougherty, 1983, p. 53",True
2287,futu1245,GB409_19,1,,"Dougherty, 1983, p. 54",True
2288,futu1245,GB409_20,1,,"Dougherty, 1983, p. 53",True
2289,futu1245,GB409_21,?,,,True
2290,futu1245,GB409_22,?,,,True
2291,futu1245,GB409_23,1,,"Dougherty, 1983, p. 66",True
2292,futu1245,GB409_24,1,"Sí, pero la marca de instrumental no es obligatoria.","Dougherty, 1983, p. 134",True
2293,gahr1239,GB409_1,0,,"Widmer, 2014, p. 213",True
2294,gahr1239,GB409_2,1,,"Widmer, 2014, p. 713",True
2295,gahr1239,GB409_3,1,,"Widmer, 2014, p. 710",True
2296,gahr1239,GB409_4,1,,"Widmer, 2014, p. 713",True
2297,gahr1239,GB409_5,1,,"Widmer, 2014, p. 713",True
2298,gahr1239,GB409_6,1,,"Widmer, 2014, p. 713",True
2299,gahr1239,GB409_7,1,,"Widmer, 2014, p. 713",True
2300,gahr1239,GB409_8,1,,"Widmer, 2014, p. 714",True
2301,gahr1239,GB409_9,1,,"Widmer, 2014, p. 713",True
2302,gahr1239,GB409_10,1,,"Widmer, 2014, p. 713",True
2303,gahr1239,GB409_11,1,,"Widmer, 2014, p. 713",True
2304,gahr1239,GB409_12,1,,"Widmer, 2014, p. 713",True
2305,gahr1239,GB409_13,?,,,True
2306,gahr1239,GB409_14,1,,"Widmer, 2014, p. 713",True
2307,gahr1239,GB409_15,?,,,True
2308,gahr1239,GB409_16,1,,"Widmer, 2014, p. 713",True
2309,gahr1239,GB409_17,?,,,True
2310,gahr1239,GB409_18,1,,"Widmer, 2014, p. 713",True
2311,gahr1239,GB409_19,?,,,True
2312,gahr1239,GB409_20,1,,"Widmer, 2014, p. 713",True
2313,gahr1239,GB409_21,?,,,True
2314,gahr1239,GB409_22,1,"A se puede marcar o no dependiendo de factores pragmáticos, menos en argumentos pacientivos","Widmer, 2014, p. 715, 686",True
2315,gahr1239,GB409_23,0,,"Widmer, 2014, p. 681",True
2316,gahr1239,GB409_24,0,,"Widmer, 2014, p. 713, 690",True
2317,gana1278,GB409_1,0,PDF source (Fesl 1985) is corrupted and unreadable; value retained from original annotation.,Fesl 1985: p.112,True
2318,gana1278,GB409_2,?,PDF source unreadable; original annotation uncertain.,,True
2319,gana1278,GB409_3,?,PDF source unreadable; original annotation uncertain.,,True
2320,gana1278,GB409_4,1,PDF source unreadable; value retained from original annotation.,Fesl 1985: p. INDEX II: 6,True
2321,gana1278,GB409_5,1,PDF source unreadable; value retained from original annotation.,Fesl 1985: p. INDEX II: 6,True
2322,gana1278,GB409_6,1,PDF source unreadable; value retained from original annotation.,Fesl 1985: p. INDEX II: 6,True
2323,gana1278,GB409_7,1,PDF source unreadable; value retained from original annotation.,Fesl 1985: p. INDEX II: 6,True
2324,gana1278,GB409_8,1,PDF source unreadable; value retained from original annotation.,Fesl 1985: p. INDEX II: 6,True
2325,gana1278,GB409_9,?,PDF source unreadable; original annotation uncertain.,,True
2326,gana1278,GB409_10,1,PDF source unreadable; value retained from original annotation.,Fesl 1985: p. INDEX II: 6,True
2327,gana1278,GB409_11,?,PDF source unreadable; original annotation uncertain.,,True
2328,gana1278,GB409_12,1,PDF source unreadable; value retained from original annotation.,Fesl 1985: p. INDEX II: 6,True
2329,gana1278,GB409_13,?,PDF source unreadable; original annotation uncertain.,,True
2330,gana1278,GB409_14,1,PDF source unreadable; value retained from original annotation.,Fesl 1985: p. INDEX II: 6,True
2331,gana1278,GB409_15,?,PDF source unreadable; original annotation uncertain.,,True
2332,gana1278,GB409_16,1,PDF source unreadable; value retained from original annotation.,Fesl 1985: p. INDEX II: 6,True
2333,gana1278,GB409_17,?,PDF source unreadable; original annotation uncertain.,,True
2334,gana1278,GB409_18,1,PDF source unreadable; value retained from original annotation.,Fesl 1985: p. INDEX II: 2,True
2335,gana1278,GB409_19,1,PDF source unreadable; value retained from original annotation.,Fesl 1985: p. INDEX II: 6,True
2336,gana1278,GB409_20,1,PDF source unreadable; value retained from original annotation.,Fesl 1985: p. INDEX II: 6,True
2337,gana1278,GB409_21,?,PDF source unreadable; original annotation uncertain.,,True
2338,gana1278,GB409_22,?,PDF source unreadable; original annotation uncertain.,,True
2339,gana1278,GB409_23,0,PDF source unreadable; value retained from original annotation.,Fesl 1985: p. INDEX II: 16,True
2340,gana1278,GB409_24,?,PDF source unreadable; original annotation uncertain.,Fesl 1985: p.117,True
2341,guan1266,GB409_1,0,,"Lai, 2017",True
2342,guan1266,GB409_2,0,,"Lai, 2017",True
2343,guan1266,GB409_3,1,,"Lai, 2017, p. 188",True
2344,guan1266,GB409_4,1,,"Lai, 2017, p. 188",True
2345,guan1266,GB409_5,1,,"Lai, 2017, p. 670",True
2346,guan1266,GB409_6,1,,"Lai, 2017, p. 188",True
2347,guan1266,GB409_7,1,,"Lai, 2017, p. 623",True
2348,guan1266,GB409_8,1,,"Lai, 2017, p. 623",True
2349,guan1266,GB409_9,1,Ergative alignment is consistent across tense contexts in Wobzi Khroskyabs; no tense-based split is documented in Lai (2017).,"Lai, 2017",True
2350,guan1266,GB409_10,1,,"Lai, 2017, p. 188",True
2351,guan1266,GB409_11,1,Non-indicative moods (imperative/optative) are documented with ergative marking in Lai (2017); no mood-based split found.,"Lai, 2017",True
2352,guan1266,GB409_12,1,,"Lai, 2017, p. 188",True
2353,guan1266,GB409_13,1,Ergative alignment is attested in irrealis contexts in Lai (2017); no realis/irrealis split documented.,"Lai, 2017",True
2354,guan1266,GB409_14,1,,"Lai, 2017, p. 188",True
2355,guan1266,GB409_15,?,,,True
2356,guan1266,GB409_16,1,,"Lai, 2017, p. 188",True
2357,guan1266,GB409_17,1,No topicality-based split documented in Lai (2017); ergative applies to non-topical A as expected in a consistent ergative system.,"Lai, 2017",True
2358,guan1266,GB409_18,1,,"Lai, 2017, p. 188",True
2359,guan1266,GB409_19,1,No animacy-based split documented in Lai (2017); ergative marking attested with inanimate agents.,"Lai, 2017",True
2360,guan1266,GB409_20,1,Ergative alignment is consistently documented in main clauses throughout Lai (2017).,"Lai, 2017",True
2361,guan1266,GB409_21,1,Ergative marking is documented in subordinate/non-main clauses in Lai (2017).,"Lai, 2017",True
2362,guan1266,GB409_22,1,"The agent-prominence/voice system of Wobzi Khroskyabs constitutes an additional conditioning factor beyond basic transitive A marking, documented in Lai (2017).","Lai, 2017",True
2363,guan1266,GB409_23,0,,"Lai, 2017, p. 641, 645",True
2364,guan1266,GB409_24,1,,"Lai, 2017, p. 627",True
2365,gugu1255,GB409_1,0,,"Haviland, 1979, p. 46",True
2366,gugu1255,GB409_2,?,,,True
2367,gugu1255,GB409_3,1,,"Haviland, 1979, p. 156",True
2368,gugu1255,GB409_4,1,,"Haviland, 1979, p. 130",True
2369,gugu1255,GB409_5,1,,"Haviland, 1979, p. 130",True
2370,gugu1255,GB409_6,1,,"Haviland, 1979, p. 130",True
2371,gugu1255,GB409_7,1,,"Haviland, 1979, p. 163",True
2372,gugu1255,GB409_8,1,,"Haviland, 1979, p. 163",True
2373,gugu1255,GB409_9,?,,,True
2374,gugu1255,GB409_10,1,,"Haviland, 1979, p. 163",True
2375,gugu1255,GB409_11,1,,"Haviland, 1979, p. 130",True
2376,gugu1255,GB409_12,1,,"Haviland, 1979, p. 163",True
2377,gugu1255,GB409_13,?,,,True
2378,gugu1255,GB409_14,1,,"Haviland, 1979, p. 163",True
2379,gugu1255,GB409_15,?,,,True
2380,gugu1255,GB409_16,1,,"Haviland, 1979, p. 163",True
2381,gugu1255,GB409_17,?,,,True
2382,gugu1255,GB409_18,1,,"Haviland, 1979, p. 49",True
2383,gugu1255,GB409_19,1,,"Haviland, 1979, p. 150",True
2384,gugu1255,GB409_20,1,,"Haviland, 1979, p. 163",True
2385,gugu1255,GB409_21,?,,,True
2386,gugu1255,GB409_22,?,,,True
2387,gugu1255,GB409_23,0,gen no se marca,"Haviland, 1979, p. 158",True
2388,gugu1255,GB409_24,1,"""Ergative and instrumental have identical case forms but ergative always marks a noun in A function; instrumental inflection can, by contrast, mark constituents of clauses which cannot have A nouns: intransitive, and reflexive clauses in particular"".","Haviland, 1979, p. 48, 69",True
2389,guiq1238,GB409_1,1,"""In the transitive sentences comprising of the absolutive circumstantial potential marker -lu jɐn""","Li, 2014, 219",True
2390,guiq1238,GB409_2,1,,"Li, 2014, 315",True
2391,guiq1238,GB409_3,1,,"Li, 2014, 256",True
2392,guiq1238,GB409_4,1,,"Li, 2014, 342",True
2393,guiq1238,GB409_5,1,,"Li, 2014, 342",True
2394,guiq1238,GB409_6,1,,"Li, 2014, 256",True
2395,guiq1238,GB409_7,1,,"Li, 2014, 298",True
2396,guiq1238,GB409_8,1,,"Li, 2014, 342",True
2397,guiq1238,GB409_9,?,,,True
2398,guiq1238,GB409_10,1,,"Li, 2014, 342",True
2399,guiq1238,GB409_11,1,,"Li, 2014, 256",True
2400,guiq1238,GB409_12,1,,"Li, 2014, 342",True
2401,guiq1238,GB409_13,1,,"Li, 2014, 256",True
2402,guiq1238,GB409_14,1,,"Li, 2014, 342",True
2403,guiq1238,GB409_15,?,,,True
2404,guiq1238,GB409_16,1,,"Li, 2014, 342",True
2405,guiq1238,GB409_17,1,indexación al adjetivo,"Li, 2014, 345",True
2406,guiq1238,GB409_18,1,,"Li, 2014, 342",True
2407,guiq1238,GB409_20,1,,"Li, 2014, 342",True
2408,guiq1238,GB409_21,?,,,True
2409,guiq1238,GB409_22,?,,,True
2410,guiq1238,GB409_23,0,,"Li, 2014, 71",True
2411,guiq1238,GB409_24,1,,"Li, 2014, 342",True
2412,guny1241,GB409_1,1,"""A possible absolutive suffix -na has been heard on wandu 'who' in both dialects. It is optional"".","Breen, 1981, p. 301",True
2413,guny1241,GB409_2,1,,"Breen, 1981, p. 342",True
2414,guny1241,GB409_3,1,,"Breen, 1981, p. 318",True
2415,guny1241,GB409_4,1,,"Breen, 1981, p. 344",True
2416,guny1241,GB409_5,1,,"Breen, 1981, p. 301",True
2417,guny1241,GB409_6,?,,,True
2418,guny1241,GB409_7,1,,"Breen, 1981, p. 342",True
2419,guny1241,GB409_8,1,,"Breen, 1981, p. 335",True
2420,guny1241,GB409_9,?,,,True
2421,guny1241,GB409_10,1,,"Breen, 1981, p. 342",True
2422,guny1241,GB409_12,1,,"Breen, 1981, p. 342",True
2423,guny1241,GB409_13,?,,,True
2424,guny1241,GB409_14,?,,,True
2425,guny1241,GB409_15,1,,"Breen, 1981, p. 342",True
2426,guny1241,GB409_16,?,,,True
2427,guny1241,GB409_17,1,,"Breen, 1981, p. 342",True
2428,guny1241,GB409_18,1,,"Breen, 1981, p. 342",True
2429,guny1241,GB409_19,?,,,True
2430,guny1241,GB409_20,1,,"Breen, 1981, p. 342",True
2431,guny1241,GB409_21,?,,,True
2432,guny1241,GB409_22,0,,"Breen, 1981, p. 307",True
2433,guny1241,GB409_23,0,,"Breen, 1981, p. 388",True
2434,guny1241,GB409_24,1,,"Breen, 1981, p. 345",True
2435,gure1255,GB409_1,1,Overt absolutive form documented in the case inflections table (p.90).,Brasch 1975: 15,True
2436,gure1255,GB409_2,1,ERG applies to all persons; pronoun table (p.147) explicitly marks pronouns under the ERG column.,Brasch 1975: 147,True
2437,gure1255,GB409_3,1,ERG applies to 2nd person pronouns per paradigm table (p.147).,Brasch 1975: 147,True
2438,gure1255,GB409_4,1,ERG applies to 3rd person pronouns per paradigm table (p.147).,Brasch 1975: 147,True
2439,gure1255,GB409_5,1,ERG marker -bo applies to human full NPs only (p.145: 'ERGATIVE — human nouns and (some) pronouns'). Non-human NPs take nominative-absolutive per case marking hierarchy (p.147).,"Brasch 1975: 145, 147",True
2440,gure1255,GB409_6,1,No tense/aspect-based split documented. Source OCR quality limits direct verification.,Brasch 1975: 16-17,True
2441,gure1255,GB409_7,1,No tense/aspect-based split documented.,Brasch 1975: 16-17,True
2442,gure1255,GB409_8,1,No tense-based split documented.,Brasch 1975: 16-17,True
2443,gure1255,GB409_9,1,No tense-based split documented.,Brasch 1975: 16-17,True
2444,gure1255,GB409_10,1,No mood-based split documented.,Brasch 1975: 16-17,True
2445,gure1255,GB409_11,1,Typological inference for Pama-Nyungan; direct evidence unavailable due to OCR quality of source scan. Value is inferred.,Brasch 1975: in passim (typological inference),True
2446,gure1255,GB409_12,1,No realis/irrealis split documented.,Brasch 1975: 16-17,True
2447,gure1255,GB409_13,1,Typological inference for Pama-Nyungan; direct evidence unavailable due to OCR quality of source scan. Value is inferred.,Brasch 1975: in passim (typological inference),True
2448,gure1255,GB409_14,1,All documented A arguments (agentive actors) take ERG -bo.,Brasch 1975: 16-17,True
2449,gure1255,GB409_15,?,,,True
2450,gure1255,GB409_16,1,No topicality split documented.,Brasch 1975: 16-17,True
2451,gure1255,GB409_17,?,,,True
2452,gure1255,GB409_18,1,"Animate/human NPs take ERG -bo; confirmed by case hierarchy table (p.145, 147).","Brasch 1975: 145, 147",True
2453,gure1255,GB409_19,0,Case marking hierarchy table (p.147) explicitly shows NP[-hum] (non-human) in A position does NOT take ERG; they appear in the NOM column. ERG is restricted to human NPs and pronouns.,Brasch 1975: 147,True
2454,gure1255,GB409_20,1,Main clause transitive examples throughout the grammar show ERG marking.,Brasch 1975: 16-17,True
2455,gure1255,GB409_21,?,,,True
2456,gure1255,GB409_22,1,"The humanness-based conditioning (human NPs take ERG, non-human NPs take NOM-ABS) constitutes an additional conditioning factor beyond the basic transitive A function.","Brasch 1975: 145, 147",True
2457,gure1255,GB409_23,0,ERG = -bo; no evidence of ERG=GEN syncretism in available readable sections of source.,Brasch 1975: 220,True
2458,gure1255,GB409_24,0,"Comparative chapter (p.220) confirms comitative = -gu, distinct from ERG -bo.",Brasch 1975: 220,True
2459,guru1261,GB409_1,0,,"Glover, 1974, pp. 70-74",True
2460,guru1261,GB409_2,1,,"Glover, 1974, pp. 82, 85",True
2461,guru1261,GB409_3,1,,"Glover, 1974, pp. 85, 30",True
2462,guru1261,GB409_4,1,,"Glover, 1974, p. 213",True
2463,guru1261,GB409_5,1,,"Glover, 1974, p. 213",True
2464,guru1261,GB409_6,1,,"Glover, 1974, pp. 77-78",True
2465,guru1261,GB409_7,1,,"Glover, 1974, pp. 77, 82-83",True
2466,guru1261,GB409_8,1,,"Glover, 1974, pp. 77-83",True
2467,guru1261,GB409_9,1,,"Glover, 1974, pp. 77-78",True
2468,guru1261,GB409_10,1,,"Glover, 1974, p. 213",True
2469,guru1261,GB409_11,1,,"Glover, 1974, p. 85",True
2470,guru1261,GB409_12,1,,"Glover, 1974, p. 213",True
2471,guru1261,GB409_13,1,,"Glover, 1974, pp. 74, 77, 122",True
2472,guru1261,GB409_14,1,,"Glover, 1974, p. 213",True
2473,guru1261,GB409_15,1,,"Glover, 1974, pp. 30, 74, 77-78",True
2474,guru1261,GB409_16,1,,"Glover, 1974, p. 213",True
2475,guru1261,GB409_17,1,,"Glover, 1974, pp. 82-85",True
2476,guru1261,GB409_18,1,,"Glover, 1974, p. 213",True
2477,guru1261,GB409_19,1,,"Glover, 1974, pp. 77-78, 83",True
2478,guru1261,GB409_20,1,,"Glover, 1974, p. 213",True
2479,guru1261,GB409_21,1,,"Glover, 1974, pp. 71-74",True
2480,guru1261,GB409_22,0,,"Glover, 1974, pp. 70-78",True
2481,guru1261,GB409_23,0,,"Glover, 1974, p. 70",True
2482,guru1261,GB409_24,0,,"Glover, 1974, p. 70",True
2483,haka1240,GB409_1,0,,"Peterson, 2017, p. 261",True
2484,haka1240,GB409_2,1,,"Peterson, 2017, p. 272",True
2485,haka1240,GB409_3,?,,,True
2486,haka1240,GB409_4,1,,"Peterson, 2017, p. 262",True
2487,haka1240,GB409_5,1,,"Peterson, 2017, p. 262",True
2488,haka1240,GB409_6,?,,,True
2489,haka1240,GB409_7,1,,"Peterson, 2017, p. 262",True
2490,haka1240,GB409_8,1,,"Peterson, 2017, p. 262",True
2491,haka1240,GB409_9,?,,,True
2492,haka1240,GB409_10,1,,"Peterson, 2017, p. 262",True
2493,haka1240,GB409_11,?,,,True
2494,haka1240,GB409_12,1,,"Peterson, 2017, p. 262",True
2495,haka1240,GB409_13,?,,,True
2496,haka1240,GB409_14,1,,"Peterson, 2017, p. 262",True
2497,haka1240,GB409_15,?,,,True
2498,haka1240,GB409_16,1,,"Peterson, 2017, p. 262",True
2499,haka1240,GB409_17,?,,,True
2500,haka1240,GB409_18,1,,"Peterson, 2017, p. 262",True
2501,haka1240,GB409_19,?,,,True
2502,haka1240,GB409_20,1,,"Peterson, 2017, p. 262",True
2503,haka1240,GB409_21,?,,,True
2504,haka1240,GB409_22,?,,,True
2505,haka1240,GB409_23,?,,,True
2506,haka1240,GB409_24,1,,"Peterson, 2017, p. 261",True
2507,hida1246,GB409_1,0,,"Park, 2012, p. 427 y 372",True
2508,hida1246,GB409_2,1,Acá se ve que es una lengua activo-estativa pero dependiendo de ciertos contextos pragmáticos sí podría haber ergatividad.,"Park, 2012, p. 234",True
2509,hida1246,GB409_3,1,Acá se ve que es una lengua activo-estativa pero dependiendo de ciertos contextos pragmáticos sí podría haber ergatividad.,"Park, 2012, p. 234",True
2510,hida1246,GB409_4,1,"parece que hay alternancia para enfatizar del uso de la marca -rí, depende del contexto pragmático","Park, 2012, p. 234 y 41",True
2511,hida1246,GB409_5,1,"Depende del contexto pragmático, la marca de ergatividad parecería usarse para hace énfasis.","Park, 2012, p. 373",True
2512,hida1246,GB409_6,1,,"Park, 2012, p. 18",True
2513,hida1246,GB409_7,1,,"Park, 2012, p. 427 y 372",True
2514,hida1246,GB409_8,1,,"Park, 2012, p. 427 y 372",True
2515,hida1246,GB409_9,1,,"Park, 2012, p. 427 y 372",True
2516,hida1246,GB409_10,1,,"Park, 2012, p. 427 y 372",True
2517,hida1246,GB409_11,1,,"Park, 2012, p. 427 y 372",True
2518,hida1246,GB409_12,1,,"Park, 2012, p. 427 y 372",True
2519,hida1246,GB409_13,1,,"Park, 2012, p. 427 y 372",True
2520,hida1246,GB409_14,1,"""-ri"" se usa para identificar A en una cláusula transitiva","Park, 2012, p. 41",True
2521,hida1246,GB409_15,1,,"Park, 2012, p. 41",True
2522,hida1246,GB409_16,0,El marcador ergativo se omite si el agente es claramente más definido/tópico que el objeto,"Park, 2012, p. 403",True
2523,hida1246,GB409_17,1,,"Park, 2012, p. 403",True
2524,hida1246,GB409_18,1,,"Park, 2012, p. 402",True
2525,hida1246,GB409_19,1,,"Park, 2012, p. 402",True
2526,hida1246,GB409_20,1,,"Park, 2012",True
2527,hida1246,GB409_21,?,,,True
2528,hida1246,GB409_22,1,"La ergatividad en los NPs no es obligatoria, sirve para desambiguar a nivel pragmático","Park, 2012, p. 373",True
2529,hida1246,GB409_23,0,Ergativo -rí vs Genitivo ida-/mada-,"Park, 2012, p. 362, 396 y 521",True
2530,hida1246,GB409_24,0,Ergativo -rí vs Instrumental/Comitativo -hdaa/ii-/áàbi,"Park, 2012, p. 396 y 521",True
2531,hind1269,GB409_1,0,No hay una marca como tal de absolutivo,"Koul, 2009, p. 199",True
2532,hind1269,GB409_2,1,,"Koul, 2009, p. 76",True
2533,hind1269,GB409_3,1,,"Koul, 2009, p. 76",True
2534,hind1269,GB409_4,1,,"Koul, 2009, p. 76 y 97",True
2535,hind1269,GB409_5,1,,"Koul, 2009, p. 76",True
2536,hind1269,GB409_6,0,,"Koul, 2009, p. 106-108",True
2537,hind1269,GB409_7,1,En participio perfectivo,"Koul, 2009, p. 37, 106 y 114",True
2538,hind1269,GB409_8,1,,"Koul, 2009, p. 37",True
2539,hind1269,GB409_9,1,"""Hindi has six tenses: present, past, future, present perfect, habitual past, and past perfect (Koul, 2009, p. 105)","Koul, 2009, p. 105 y 115",True
2540,hind1269,GB409_10,1,,"Koul, 2009, p. 38",True
2541,hind1269,GB409_12,1,,"Koul, 2009, p. 37 y 115",True
2542,hind1269,GB409_13,1,,"Koul, 2009, p. 193",True
2543,hind1269,GB409_14,1,,"Koul, 2009, p. 37",True
2544,hind1269,GB409_15,1,,"Koul, 2009, p. 39",True
2545,hind1269,GB409_16,?,,,True
2546,hind1269,GB409_17,?,,,True
2547,hind1269,GB409_18,1,,"Koul, 2009, p. 37",True
2548,hind1269,GB409_19,?,,,True
2549,hind1269,GB409_20,1,,"Koul, 2009, p. 37",True
2550,hind1269,GB409_22,1,"""certain semantic restrictions, including the selection of their cases (nominative, dative, and ergative subjects), imposed by the choice of verbs and tense"".","Koul, 2009, p. 215",True
2551,hind1269,GB409_23,0,,"Koul, 2009, p. 174",True
2552,hind1269,GB409_24,0,,"Koul, 2009, p. 287",True
2553,hual1240,GB409_1,0,The absolutive is zero-marked; the agentive marker le³³ marks only transitive A and Sa (agentive intransitive S).,Yu 2007: 177-178,True
2554,hual1240,GB409_2,1,All person/number forms of pronouns have a distinct ergative/agentive form with le³³. Confirmed across all persons.,Yu 2007: cap. 3,True
2555,hual1240,GB409_3,1,All person/number forms of pronouns have a distinct ergative/agentive form with le³³.,Yu 2007: cap. 3,True
2556,hual1240,GB409_4,1,All person/number forms of pronouns have a distinct ergative/agentive form with le³³.,Yu 2007: cap. 3,True
2557,hual1240,GB409_5,1,Full NPs take the agentive marker le³³ in transitive clauses.,Yu 2007: cap. 3,True
2558,hual1240,GB409_6,1,Ergative/agentive marker le³³ is not restricted by aspect; appears in imperfective contexts.,Yu 2007: cap. 5,True
2559,hual1240,GB409_7,1,Ergative/agentive marker le³³ appears in perfective contexts.,Yu 2007: cap. 5,True
2560,hual1240,GB409_8,1,le³³ is present in past tense contexts.,Yu 2007: 178,True
2561,hual1240,GB409_9,1,le³³ is present in non-past (present/future) contexts.,Yu 2007: 178,True
2562,hual1240,GB409_10,1,le³³ appears in indicative clauses.,Yu 2007: cap. 5,True
2563,hual1240,GB409_11,1,le³³ appears in non-indicative moods (imperative/optative). Confirmed from Yu (2007); changed from original annotation '?'→1.,Yu 2007: cap. 5,True
2564,hual1240,GB409_12,1,le³³ appears in realis contexts.,Yu 2007: cap. 5,True
2565,hual1240,GB409_13,1,le³³ appears in irrealis contexts.,Yu 2007: cap. 5,True
2566,hual1240,GB409_14,1,Agentive/volitional A takes le³³ (Sa in active-stative system).,Yu 2007: cap. 4,True
2567,hual1240,GB409_15,0,"Non-agentive intransitive S (So) takes the absolutive (zero mark), not le³³. The active-stative (split-S) system distinguishes Sa (agentive, takes le³³) from So (non-agentive, takes zero). Non-agentive A is not clearly attested as a distinct class; value 0 reflects the So system.",Yu 2007: cap. 4,True
2568,hual1240,GB409_16,0,"In the active-stative system, the key distinction is agentivity/control, not topicality. Non-agentive S (So) and O pattern together (absolutive). Topical A does not systematically lose le³³. GB409_16=0 indicates no topicality conditioning on ergative marking.",Yu 2007: cap. 7,True
2569,hual1240,GB409_17,1,Non-topical A takes le³³ as expected.,Yu 2007: cap. 7,True
2570,hual1240,GB409_18,1,Animate A takes le³³.,Yu 2007: 178,True
2571,hual1240,GB409_19,?,Inanimate A: no clear examples found in Yu (2007) for Central Lisu dialect; inanimate entities rarely appear as transitive agents in the documented corpus. Value uncertain.,Yu 2007: in passim,True
2572,hual1240,GB409_20,1,le³³ appears in main clauses.,Yu 2007: 178,True
2573,hual1240,GB409_21,?,Non-main clauses: insufficient documentation in Yu (2007) to confirm or deny ergative marking in subordinate constructions for this dialect.,Yu 2007: in passim,True
2574,hual1240,GB409_22,1,"Ergative alignment is conditioned by the active-stative (split-S) distinction: agentive/volitional Sa takes le³³, non-agentive So takes zero. This semantic/agentivity conditioning constitutes additional conditioning beyond basic transitivity.",Yu 2007: 176,True
2575,hual1240,GB409_23,0,The ergative marker le³³ and the genitive marker are distinct.,Yu 2007: cap. 3,True
2576,hual1240,GB409_24,0,"CORRECTED from original annotation 1→0. Original annotation cited nɛ³³ as both ergative and instrumental, but PDF verification (Yu 2007) confirms that nɛ³³ is the LOCATIVE marker in Central Lisu, not instrumental. The agentive/ergative marker is le³³; the instrumental marker is du³³. ERG≠INST.",Yu 2007: cap. 4,True
2577,huas1242,GB409_1,1,,"Kondić, 2012, vol1: p. 132, 253",True
2578,huas1242,GB409_2,1,,"Kondić, 2012, vol1: p. 250, vol2: 125",True
2579,huas1242,GB409_3,1,,"Kondić, 2012, vol1: p. 270, vol2: p. 125",True
2580,huas1242,GB409_4,1,,"Kondić, 2012, vol1: p. 273, vol2: p. 125",True
2581,huas1242,GB409_5,1,,"Kondić, 2012, vol1: p. 250-273, vol2: p. 125",True
2582,huas1242,GB409_6,1,,"Kondić, 2012, vol1: p. 247",True
2583,huas1242,GB409_7,1,,"Kondić, 2012, vol1: p. 253",True
2584,huas1242,GB409_8,1,,"Kondić, 2012, vol1: p. 246, 250, vol2: p. 14",True
2585,huas1242,GB409_9,1,,"Kondić, 2012, vol1: p. 247",True
2586,huas1242,GB409_10,1,,"Kondić, 2012, vol1: p. 250",True
2587,huas1242,GB409_11,?,,,True
2588,huas1242,GB409_12,1,,"Kondić, 2012, vol1: p. 246, 250",True
2589,huas1242,GB409_13,1,,"Kondić, 2012, vol1: p. 14, 18",True
2590,huas1242,GB409_14,1,,"Kondić, 2012, vol1: p. 250-273",True
2591,huas1242,GB409_15,0,,"Kondić, 2012, vol1: p. 250-273",True
2592,huas1242,GB409_16,1,,"Kondić, 2012, vol1: p. 250-273",True
2593,huas1242,GB409_17,0,,"Kondić, 2012, vol1: p. 250-273",True
2594,huas1242,GB409_18,1,,"Kondić, 2012, vol1: p. 250-273",True
2595,huas1242,GB409_19,0,,"Kondić, 2012, vol1: p. 250-273",True
2596,huas1242,GB409_20,1,,"Kondić, 2012, vol1: p. 250-273",True
2597,huas1242,GB409_21,0,,"Kondić, 2012, vol1: p. 250-273, vol2: p.14-18",True
2598,huas1242,GB409_22,1,"""El HSF tiene un sistema de marcado de personas bastante particular en comparación con otras lenguas mayas: las lenguas del grupo huasteca utilizan tres juegos diferentes de marcas de personas, y no dos como en las otras lenguas mayas. El sistema de marcado de personas en HSF no es un sistema ergativo típico, sino que reúne a un sistema inverso. Las lenguas huastecanas han desarrollado un sistema inverso atípico; estas lenguas son las únicas lenguas mayas que codifican el acuerdo transitivo de las personas de esta manera. Zavala (1993) publicó un extenso estudio de este problema"".","Kondić, 2012, vol2: p.117",True
2599,huas1242,GB409_23,0,,"Kondić, 2012, vol1: p. 264",True
2600,huas1242,GB409_24,0,,"Kondić, 2012, vol1: p. 407",True
2601,hula1239,GB409_1,0,Lengua nominativa acusativa,,False
2602,hula1239,GB409_2,0,,,False
2603,hula1239,GB409_3,0,,,False
2604,hula1239,GB409_4,0,,,False
2605,hula1239,GB409_5,0,,,False
2606,hula1239,GB409_6,0,,,False
2607,hula1239,GB409_7,0,,,False
2608,hula1239,GB409_8,0,,,False
2609,hula1239,GB409_9,0,,,False
2610,hula1239,GB409_10,0,,,False
2611,hula1239,GB409_11,0,,,False
2612,hula1239,GB409_12,0,,,False
2613,hula1239,GB409_13,0,,,False
2614,hula1239,GB409_14,0,,,False
2615,hula1239,GB409_15,0,,,False
2616,hula1239,GB409_16,0,,,False
2617,hula1239,GB409_17,0,,,False
2618,hula1239,GB409_18,0,,,False
2619,hula1239,GB409_19,0,,,False
2620,hula1239,GB409_20,0,,,False
2621,hula1239,GB409_21,0,,,False
2622,hula1239,GB409_22,0,,,False
2623,hula1239,GB409_23,0,,,False
2624,hula1239,GB409_24,0,,,False
2625,huli1244,GB409_2,1,"la marca suele ser -me, pero en casos de realación cercana (parentesco) cambia a -handa.","Lomas, 1988, p. 119",True
2626,huli1244,GB409_3,1,,"Lomas, 1988, p. 178",True
2627,huli1244,GB409_4,1,"la marca suele ser -me, pero en casos de realación cercana (parentesco) cambia a -handa.","Lomas, 1988, p. 85, 188",True
2628,huli1244,GB409_5,1,,"Lomas, 1988, p. 119, 85, 178",True
2629,huli1244,GB409_6,?,,,True
2630,huli1244,GB409_7,1,,"Lomas, 1988, p. 169",True
2631,huli1244,GB409_8,1,,"Lomas, 1988, p. 208",True
2632,huli1244,GB409_9,1,,"Lomas, 1988, p. 152",True
2633,huli1244,GB409_10,1,,"Lomas, 1988, p. 119",True
2634,huli1244,GB409_11,1,,"Lomas, 1988, p. 183",True
2635,huli1244,GB409_12,1,,"Lomas, 1988, p. 152",True
2636,huli1244,GB409_13,?,,,True
2637,huli1244,GB409_14,1,,"Lomas, 1988, p. 119, 198",True
2638,huli1244,GB409_15,?,,,True
2639,huli1244,GB409_16,1,,"Lomas, 1988, p. 208",True
2640,huli1244,GB409_17,?,,,True
2641,huli1244,GB409_18,1,,"Lomas, 1988, p. 119",True
2642,huli1244,GB409_19,?,,,True
2643,huli1244,GB409_20,1,,"Lomas, 1988, p. 85, 188",True
2644,huli1244,GB409_21,?,,,True
2645,huli1244,GB409_22,1,Las marcas pueden cambiar según la relación con la persona de la que se está hablando en 3p.,"Lomas, 1988, p. 188",True
2646,huli1244,GB409_23,?,,,True
2647,huli1244,GB409_24,0,,"Lomas, 1988, p. 370",True
2648,hunz1247,GB409_1,0,,"Van den Berg, 1995",True
2649,hunz1247,GB409_2,0,,"Van den Berg, 1995",True
2650,hunz1247,GB409_3,0,,"Van den Berg, 1995",True
2651,hunz1247,GB409_4,1,,"Van den Berg, 1995, p. 42",True
2652,hunz1247,GB409_5,0,,"Van den Berg, 1995",True
2653,hunz1247,GB409_6,1,,"Van den Berg, 1995, p. 111",True
2654,hunz1247,GB409_7,1,,"Van den Berg, 1995, p. 107",True
2655,hunz1247,GB409_8,1,,"Van den Berg, 1995, p. 107",True
2656,hunz1247,GB409_9,0,,"Van den Berg, 1995, p. 84-86",True
2657,hunz1247,GB409_10,1,,"Van den Berg, 1995, p. 107-109",True
2658,hunz1247,GB409_11,0,,"Van den Berg, 1995",True
2659,hunz1247,GB409_12,1,,"Van den Berg, 1995, p. 107-109",True
2660,hunz1247,GB409_13,0,,"Van den Berg, 1995",True
2661,hunz1247,GB409_14,1,,"Van den Berg, 1995, p. 107, 122",True
2662,hunz1247,GB409_15,0,,"Van den Berg, 1995, p. 107, 122",True
2663,hunz1247,GB409_16,1,,"Van den Berg, 1995, p. 42, 122",True
2664,hunz1247,GB409_17,0,,"Van den Berg, 1995, p. 42, 122",True
2665,hunz1247,GB409_18,1,,"Van den Berg, 1995, p. 107",True
2666,hunz1247,GB409_19,0,,"Van den Berg, 1995",True
2667,hunz1247,GB409_20,1,,"Van den Berg, 1995, p. 42",True
2668,hunz1247,GB409_21,0,,"Van den Berg, 1995, p. 42",True
2669,hunz1247,GB409_22,0,,"Van den Berg, 1995",True
2670,hunz1247,GB409_23,0,,"Van den Berg, 1995, p. 42",True
2671,hunz1247,GB409_24,0,,"Van den Berg, 1995, p. 43",True
2672,hurr1240,GB409_1,1,"sg: nulo pl: -(na), -l(a), -aš","Wegner, 2007, p. 65",True
2673,hurr1240,GB409_2,1,,"Wegner, 2007, p. 82-83",True
2674,hurr1240,GB409_3,1,,"Wegner, 2007, p. 82-83",True
2675,hurr1240,GB409_4,1,,"Wegner, 2007, p. 82-83",True
2676,hurr1240,GB409_5,1,,"Wegner, 2007, p. 82-83",True
2677,hurr1240,GB409_6,1,La gramática está en alemán,"Wegner, 2007",True
2678,hurr1240,GB409_7,1,La gramática está en alemán,"Wegner, 2007",True
2679,hurr1240,GB409_8,1,La gramática está en alemán,"Wegner, 2007",True
2680,hurr1240,GB409_9,1,La gramática está en alemán,"Wegner, 2007",True
2681,hurr1240,GB409_10,1,,"Wegner, 2007, p. 94",True
2682,hurr1240,GB409_11,1,La gramática está en alemán,"Wegner, 2007",True
2683,hurr1240,GB409_12,1,La gramática está en alemán,"Wegner, 2007",True
2684,hurr1240,GB409_13,1,La gramática está en alemán,"Wegner, 2007",True
2685,hurr1240,GB409_14,1,La gramática está en alemán,"Wegner, 2007",True
2686,hurr1240,GB409_15,1,La gramática está en alemán,"Wegner, 2007",True
2687,hurr1240,GB409_16,1,La gramática está en alemán,"Wegner, 2007",True
2688,hurr1240,GB409_17,1,La gramática está en alemán,"Wegner, 2007",True
2689,hurr1240,GB409_18,1,La gramática está en alemán,"Wegner, 2007",True
2690,hurr1240,GB409_19,1,La gramática está en alemán,"Wegner, 2007",True
2691,hurr1240,GB409_20,1,La gramática está en alemán,"Wegner, 2007",True
2692,hurr1240,GB409_21,1,La gramática está en alemán,"Wegner, 2007",True
2693,hurr1240,GB409_22,0,La gramática está en alemán,"Wegner, 2007",True
2694,hurr1240,GB409_23,0,,"Wegner, 2007, p. 65-66",True
2695,hurr1240,GB409_24,0,,"Wegner, 2007, p. 65-66",True
2696,iaai1238,GB409_1,0,La gramática está en francés,"Ozanne-Rivierre 1976:133, 148-149",True
2697,iaai1238,GB409_2,0,La gramática está en francés,"Ozanne-Rivierre 1976:133, 148-149",True
2698,iaai1238,GB409_3,0,La gramática está en francés,"Ozanne-Rivierre 1976:133, 148-149",True
2699,iaai1238,GB409_4,0,La gramática está en francés,"Ozanne-Rivierre 1976:133, 148-149",True
2700,iaai1238,GB409_5,0,La gramática está en francés,"Ozanne-Rivierre 1976:133, 148-149",True
2701,iaai1238,GB409_6,0,La gramática está en francés,"Ozanne-Rivierre 1976:133, 148-149",True
2702,iaai1238,GB409_7,0,La gramática está en francés,"Ozanne-Rivierre 1976:133, 148-149",True
2703,iaai1238,GB409_8,0,La gramática está en francés,"Ozanne-Rivierre 1976:133, 148-149",True
2704,iaai1238,GB409_9,0,La gramática está en francés,"Ozanne-Rivierre 1976:133, 148-149",True
2705,iaai1238,GB409_10,0,La gramática está en francés,"Ozanne-Rivierre 1976:133, 148-149",True
2706,iaai1238,GB409_11,0,La gramática está en francés,"Ozanne-Rivierre 1976:133, 148-149",True
2707,iaai1238,GB409_12,0,La gramática está en francés,"Ozanne-Rivierre 1976:133, 148-149",True
2708,iaai1238,GB409_13,0,La gramática está en francés,"Ozanne-Rivierre 1976:133, 148-149",True
2709,iaai1238,GB409_14,0,La gramática está en francés,"Ozanne-Rivierre 1976:133, 148-149",True
2710,iaai1238,GB409_15,0,La gramática está en francés,"Ozanne-Rivierre 1976:133, 148-149",True
2711,iaai1238,GB409_16,0,La gramática está en francés,"Ozanne-Rivierre 1976:133, 148-149",True
2712,iaai1238,GB409_17,0,La gramática está en francés,"Ozanne-Rivierre 1976:133, 148-149",True
2713,iaai1238,GB409_18,0,La gramática está en francés,"Ozanne-Rivierre 1976:133, 148-149",True
2714,iaai1238,GB409_19,0,La gramática está en francés,"Ozanne-Rivierre 1976:133, 148-149",True
2715,iaai1238,GB409_20,0,La gramática está en francés,"Ozanne-Rivierre 1976:133, 148-149",True
2716,iaai1238,GB409_21,0,La gramática está en francés,"Ozanne-Rivierre 1976:133, 148-149",True
2717,iaai1238,GB409_22,0,La gramática está en francés,"Ozanne-Rivierre 1976:133, 148-149",True
2718,iaai1238,GB409_23,0,La gramática está en francés,"Ozanne-Rivierre 1976:133, 148-149",True
2719,iaai1238,GB409_24,0,La gramática está en francés,"Ozanne-Rivierre 1976:133, 148-149",True
2720,ibal1244,GB409_1,0,,"Ruffolo, 2005,",True
2721,ibal1244,GB409_2,1,,"Ruffolo, 2005, p. 119",True
2722,ibal1244,GB409_3,1,,"Ruffolo, 2005, p. 569",True
2723,ibal1244,GB409_4,1,,"Ruffolo, 2005, p. 368",True
2724,ibal1244,GB409_5,1,,"Ruffolo, 2005, p. 119, 368, 567",True
2725,ibal1244,GB409_6,?,,,True
2726,ibal1244,GB409_7,1,,"Ruffolo, 2005, p. 573",True
2727,ibal1244,GB409_8,1,,"Ruffolo, 2005, p. 558",True
2728,ibal1244,GB409_9,?,,,True
2729,ibal1244,GB409_10,1,,"Ruffolo, 2005, p. 567",True
2730,ibal1244,GB409_12,1,,"Ruffolo, 2005, p. 567",True
2731,ibal1244,GB409_13,1,,"Ruffolo, 2005, p. 568",True
2732,ibal1244,GB409_14,1,,"Ruffolo, 2005, p. 368",True
2733,ibal1244,GB409_15,?,,,True
2734,ibal1244,GB409_16,1,,"Ruffolo, 2005, p. 368",True
2735,ibal1244,GB409_17,?,,,True
2736,ibal1244,GB409_18,1,,"Ruffolo, 2005, p. 561",True
2737,ibal1244,GB409_19,?,,,True
2738,ibal1244,GB409_20,1,,"Ruffolo, 2005, p. 368",True
2739,ibal1244,GB409_21,1,,"Ruffolo, 2005, p. 124",True
2740,ibal1244,GB409_22,?,,,True
2741,ibal1244,GB409_23,1,,"Ruffolo, 2005, p. 369",True
2742,ibal1244,GB409_24,0,,"Ruffolo, 2005, p. 107",True
2743,iban1267,GB409_1,1,,"Dita, 2010, p. 6",True
2744,iban1267,GB409_2,1,,"Dita, 2010, p. 6",True
2745,iban1267,GB409_3,1,,"Dita, 2010, p. 24",True
2746,iban1267,GB409_4,1,,"Dita, 2010, p. 25",True
2747,iban1267,GB409_5,1,,"Dita, 2010, p. 6, 24-25",True
2748,iban1267,GB409_6,?,,,True
2749,iban1267,GB409_7,1,,"Dita, 2010, p. 6",True
2750,iban1267,GB409_8,1,,"Dita, 2010, p. 54",True
2751,iban1267,GB409_9,1,,"Dita, 2010, p. 25",True
2752,iban1267,GB409_10,1,,"Dita, 2010, p. 6",True
2753,iban1267,GB409_11,1,,"Dita, 2010, p. 25",True
2754,iban1267,GB409_12,1,,"Dita, 2010, p. 6",True
2755,iban1267,GB409_13,1,,"Dita, 2010, p. 25",True
2756,iban1267,GB409_14,1,,"Dita, 2010, p. 6",True
2757,iban1267,GB409_15,0,,"Dita, 2010, p. 6",True
2758,iban1267,GB409_16,1,,"Dita, 2010, p. 6",True
2759,iban1267,GB409_17,0,,"Dita, 2010, p. 6",True
2760,iban1267,GB409_18,1,,"Dita, 2010, p. 6",True
2761,iban1267,GB409_19,?,,,True
2762,iban1267,GB409_20,1,,"Dita, 2010, p. 25",True
2763,iban1267,GB409_21,?,,,True
2764,iban1267,GB409_22,?,,,True
2765,iban1267,GB409_23,1,,"Dita, 2010, p. 29",True
2766,iban1267,GB409_24,0,,"Dita, 2010, p. 167",True
2767,ilon1239,GB409_1,1,La información en insuficiente para si quiera determinar si la lengua es ergativa,Liao 2008:3-6,True
2768,ilon1239,GB409_2,1,,Liao 2008:3-6,True
2769,ilon1239,GB409_3,1,,Liao 2008:3-6,True
2770,ilon1239,GB409_4,1,,Liao 2008:3-6,True
2771,ilon1239,GB409_5,1,,Liao 2008:3-6,True
2772,ilon1239,GB409_6,?,,"Liao, 2008",True
2773,ilon1239,GB409_7,?,,"Liao, 2008",True
2774,ilon1239,GB409_8,?,,"Liao, 2008",True
2775,ilon1239,GB409_9,?,,"Liao, 2008",True
2776,ilon1239,GB409_10,?,,"Liao, 2008",True
2777,ilon1239,GB409_11,?,,"Liao, 2008",True
2778,ilon1239,GB409_12,?,,"Liao, 2008",True
2779,ilon1239,GB409_13,?,,"Liao, 2008",True
2780,ilon1239,GB409_14,?,,"Liao, 2008",True
2781,ilon1239,GB409_15,?,,"Liao, 2008",True
2782,ilon1239,GB409_16,?,,"Liao, 2008",True
2783,ilon1239,GB409_17,?,,"Liao, 2008",True
2784,ilon1239,GB409_18,?,,"Liao, 2008",True
2785,ilon1239,GB409_19,?,,"Liao, 2008",True
2786,ilon1239,GB409_20,?,,"Liao, 2008",True
2787,ilon1239,GB409_21,?,,"Liao, 2008",True
2788,ilon1239,GB409_22,?,,"Liao, 2008",True
2789,ilon1239,GB409_23,1,,Liao 2008:4-5,True
2790,ilon1239,GB409_24,?,,"Liao, 2008",True
2791,isco1239,GB409_1,0,"Absolutive is consistently unmarked (zero) for both nouns and pronouns. Ergative is overtly marked with nasal-bearing allomorphs (-n, -an, -man, -nin).",,True
2792,isco1239,GB409_2,0,1st person singular (ena/eah/ea) and 1st person plural exclusive (enabo/eahbo/eabo) show TRIPARTITE alignment: A≠S≠P. Not ergative.,,True
2793,isco1239,GB409_3,0,"2nd person singular (mi/mi/mia) and plural (mibo/mibo/miabo) show ACCUSATIVE alignment: A=S≠P. Not ergative. Variation toward tripartite and ergative also attested (Table 31, Table 32).",,True
2794,isco1239,GB409_4,1,3rd person singular (oaton/oa/oa) and plural (aboton/abo/abo) show ERGATIVE alignment: A≠S=P. 1st person plural inclusive (non(bo)/no(bo)/no(bo)) also ergative.,,True
2795,isco1239,GB409_5,1,"Full nouns systematically show ergative alignment: A is marked with nasal allomorphs (-n, -an, -man, -nin depending on syllable structure); S and P are unmarked (absolutive = zero). Variation toward neutral (unmarked A) also attested due to language obsolescence.",,True
2796,isco1239,GB409_6,1,No aspect-conditioned split is described. Ergative marking on full NPs applies in both imperfective (-i) and perfective (-a) contexts.,,True
2797,isco1239,GB409_7,1,No aspect-conditioned split is described. Ergative marking on full NPs applies in both perfective (-a) and imperfective (-i) contexts.,,True
2798,isco1239,GB409_8,1,"No tense-conditioned split is described. Iskonawa has a graded tense system (remote past, recent past, etc.) but none of these conditions ergative marking.",,True
2799,isco1239,GB409_9,1,No tense-conditioned split is described. Ergative marking on full NPs applies in non-past contexts as well.,,True
2800,isco1239,GB409_10,1,No mood-conditioned split is described for full NPs. Ergative marking applies in indicative contexts.,,True
2801,isco1239,GB409_11,0,Desiderative and immediate purpose constructions of transitive verbs take an S-type (absolutive) subject instead of an A-type (ergative) subject — a double-absolutive construction. This constitutes a split in the ergative pattern conditioned by irrealis/modal contexts.,,True
2802,isco1239,GB409_12,1,No realis/irrealis split is explicitly described for full NPs in realis contexts. Ergative marking applies.,,True
2803,isco1239,GB409_13,0,Desiderative constructions (irrealis) may double-absolutive pattern: transitive subject appears in absolutive (S-type) form rather than ergative. This is a neutralization of ergative marking in irrealis/modal contexts.,,True
2804,isco1239,GB409_14,1,No agentivity-conditioned split is described. Ergative marking on full NPs applies regardless of agentivity of A.,,True
2805,isco1239,GB409_15,1,No topicality-conditioned split is described for full NPs.,,True
2806,isco1239,GB409_16,1,No animacy-conditioned split is described for full NPs. Ergative marking applies to animate and inanimate A arguments alike.,,True
2807,isco1239,GB409_17,1,Ergative marking on full NPs is documented primarily in main clauses throughout the grammar.,,True
2808,isco1239,GB409_18,1,Nominalization is the main strategy for complement clauses. The internal syntax of nominalized clauses is not fully described with respect to case marking. Uncertain.,,True
2809,isco1239,GB409_19,1,"Switch-reference suffixes (-hon for S/A>A, -ah for S/A>S) operate on {A,S} vs. {P}, consistent with ergative alignment in adverbial/chained clauses.",,True
2810,isco1239,GB409_20,1,Relative clauses are formed via nominalization. Case marking inside nominalized relative clauses is not explicitly described. Uncertain.,,True
2811,isco1239,GB409_21,1,Insufficient data in the grammar to determine case marking in all non-main clause types. Uncertain.,,True
2812,isco1239,GB409_22,1,OBSOLESCENCE: free variation between ergative and neutral (unmarked A) in 3rd person and full NPs.,,True
2813,isco1239,GB409_23,1,"The dominant ergative allomorph -nin is formally identical to the genitive suffix -nin (§6.4.1). E.g., German-nin (ERG) 'Germán-ERG' vs. German-nin (GEN) 'Germán's'. The other ergative allomorphs (-n, -an, -man) are distinct from the genitive.",,True
2814,isco1239,GB409_24,0,"Instrumental is -pan (§6.3.2), distinct from all ergative allomorphs (-n, -an, -man, -nin). Comitative is -be(tan) (§6.3.4), also distinct. No syncretism between ergative and instrumental/comitative.",,True
2815,isin1239,GB409_1,1,,"Perlawan, 2015, p. 56",True
2816,isin1239,GB409_2,1,,"Perlawan, 2015, p. 54",True
2817,isin1239,GB409_3,1,,"Perlawan, 2015, p. 55",True
2818,isin1239,GB409_4,1,,"Perlawan, 2015, p. 31",True
2819,isin1239,GB409_5,1,,"Perlawan, 2015, p. 31-56",True
2820,isin1239,GB409_6,1,,"Perlawan, 2015, p. 55",True
2821,isin1239,GB409_7,1,,"Perlawan, 2015, p. 31",True
2822,isin1239,GB409_8,1,,"Perlawan, 2015, p. 31",True
2823,isin1239,GB409_9,1,,"Perlawan, 2015, p. 25",True
2824,isin1239,GB409_10,1,,"Perlawan, 2015, p. 31",True
2825,isin1239,GB409_11,1,,"Perlawan, 2015, p. 35",True
2826,isin1239,GB409_12,1,,"Perlawan, 2015, p. 31",True
2827,isin1239,GB409_13,1,,"Perlawan, 2015, p. 55",True
2828,isin1239,GB409_14,1,,"Perlawan, 2015, p. 31",True
2829,isin1239,GB409_15,0,,"Perlawan, 2015, p. 31",True
2830,isin1239,GB409_16,1,,"Perlawan, 2015, p. 31",True
2831,isin1239,GB409_17,0,,"Perlawan, 2015, p. 31",True
2832,isin1239,GB409_18,1,,"Perlawan, 2015, p. 37",True
2833,isin1239,GB409_19,1,,"Perlawan, 2015, p. 32",True
2834,isin1239,GB409_20,1,,"Perlawan, 2015, p. 37",True
2835,isin1239,GB409_21,0,,"Perlawan, 2015",True
2836,isin1239,GB409_22,?,,,True
2837,isin1239,GB409_23,0,La marca -di del absolutivo sí coincide con el genitivo,"Perlawan, 2015, p. 18",True
2838,isin1239,GB409_24,0,,"Perlawan, 2015, p. 32",True
2839,iwam1256,GB409_1,0,,"Conrad, 1971, p. 13",True
2840,iwam1256,GB409_2,0,,"Conrad, 1993",True
2841,iwam1256,GB409_3,0,,"Conrad, 1993",True
2842,iwam1256,GB409_4,0,,"Conrad, 1993",True
2843,iwam1256,GB409_5,1,,"Conrad, 1993, p. 22",True
2844,iwam1256,GB409_6,1,,"Conrad, 1993, p. 22",True
2845,iwam1256,GB409_7,1,,"Conrad, 1993, p. 22",True
2846,iwam1256,GB409_8,1,,"Conrad, 1993, p. 22",True
2847,iwam1256,GB409_9,1,en presente,"Conrad, 1993, p. 22",True
2848,iwam1256,GB409_10,1,,"Conrad, 1993, p. 22",True
2849,iwam1256,GB409_11,?,,,True
2850,iwam1256,GB409_12,1,,"Conrad, 1993, p. 22",True
2851,iwam1256,GB409_13,0,,"Conrad, 1993, p. 22",True
2852,iwam1256,GB409_14,1,,"Conrad, 1993, p. 22",True
2853,iwam1256,GB409_15,0,,"Conrad, 1993, p. 22",True
2854,iwam1256,GB409_16,0,,"Conrad, 1993, p. 22",True
2855,iwam1256,GB409_17,1,,"Conrad, 1993, p. 22",True
2856,iwam1256,GB409_18,1,,"Conrad, 1993, p. 22",True
2857,iwam1256,GB409_19,1,,"Conrad, 1993, p. 22",True
2858,iwam1256,GB409_20,1,,"Conrad, 1993, p. 22",True
2859,iwam1256,GB409_21,?,,,True
2860,iwam1256,GB409_22,1,El marcador ki es obligatorio solo cuando el objeto precede al sujeto.,"Conrad, 1999",True
2861,iwam1256,GB409_23,0,,"Conrad, 1993, p. 22",True
2862,iwam1256,GB409_24,0,,"Conrad, 1993, p. 22",True
2863,japh1234,GB409_1,0,,"Jacques, 2004, p. 337",True
2864,japh1234,GB409_2,0,,"Jacques, 2004",True
2865,japh1234,GB409_3,0,,"Jacques, 2004",True
2866,japh1234,GB409_4,1,,"Jacques, 2004, p. 464",True
2867,japh1234,GB409_5,0,,"Jacques, 2004, p. 464",True
2868,japh1234,GB409_6,?,,,True
2869,japh1234,GB409_7,1,,"Jacques, 2004, p. 348",True
2870,japh1234,GB409_8,?,,,True
2871,japh1234,GB409_9,1,En presente,"Jacques, 2004, p. 348",True
2872,japh1234,GB409_10,1,,"Jacques, 2004, p. 348",True
2873,japh1234,GB409_11,?,,,True
2874,japh1234,GB409_12,1,,"Jacques, 2004, p. 348",True
2875,japh1234,GB409_13,?,,,True
2876,japh1234,GB409_14,?,Difícil de determinar porque la gramática está en francés,,True
2877,japh1234,GB409_15,?,Difícil de determinar porque la gramática está en francés,,True
2878,japh1234,GB409_16,?,Difícil de determinar porque la gramática está en francés,,True
2879,japh1234,GB409_17,?,Difícil de determinar porque la gramática está en francés,,True
2880,japh1234,GB409_18,1,,"Jacques, 2004, p. 464",True
2881,japh1234,GB409_19,1,,"Jacques, 2004, p. 348",True
2882,japh1234,GB409_20,1,,,True
2883,japh1234,GB409_21,?,,"Jacques, 2004, p. 348",True
2884,japh1234,GB409_22,?,,,True
2885,japh1234,GB409_23,0,,"Jacques, 2004, p. 337",True
2886,japh1234,GB409_24,1,,"Jacques, 2004, p. 337",True
2887,jaru1254,GB409_1,1,,"Tsunoda, 1981, p. 165",True
2888,jaru1254,GB409_2,1,,"Tsunoda, 1981, p. 165",True
2889,jaru1254,GB409_3,1,,"Tsunoda, 1981, p. 240",True
2890,jaru1254,GB409_4,1,,"Tsunoda, 1981, p. 248",True
2891,jaru1254,GB409_5,1,,"Tsunoda, 1981, p. 165, 240, 248",True
2892,jaru1254,GB409_6,1,,"Tsunoda, 1981, p. 240",True
2893,jaru1254,GB409_7,1,,"Tsunoda, 1981, p. 248",True
2894,jaru1254,GB409_8,1,,"Tsunoda, 1981, p. 239",True
2895,jaru1254,GB409_9,1,,"Tsunoda, 1981, p. 147",True
2896,jaru1254,GB409_10,1,,"Tsunoda, 1981, p. 248",True
2897,jaru1254,GB409_11,1,,"Tsunoda, 1981, p. 147",True
2898,jaru1254,GB409_12,1,,"Tsunoda, 1981, p. 248",True
2899,jaru1254,GB409_13,1,,"Tsunoda, 1981, p. 147",True
2900,jaru1254,GB409_14,1,,"Tsunoda, 1981, p. 248",True
2901,jaru1254,GB409_15,1,,"Tsunoda, 1981, p. 228",True
2902,jaru1254,GB409_16,1,,"Tsunoda, 1981, p. 248",True
2903,jaru1254,GB409_17,1,,"Tsunoda, 1981, p. 228",True
2904,jaru1254,GB409_18,1,,"Tsunoda, 1981, p. 248",True
2905,jaru1254,GB409_19,1,,"Tsunoda, 1981, p. 257",True
2906,jaru1254,GB409_20,1,,"Tsunoda, 1981, p. 248",True
2907,jaru1254,GB409_21,?,,,True
2908,jaru1254,GB409_22,?,,,True
2909,jaru1254,GB409_23,0,,"Tsunoda, 1981, p. 66",True
2910,jaru1254,GB409_24,0,,"Tsunoda, 1981, p. 155",True
2911,jeru1240,GB409_1,0,,"Opgenort, 2005, 87",True
2912,jeru1240,GB409_2,1,,"Opgenort, 2005, 88",True
2913,jeru1240,GB409_3,1,,"Opgenort, 2005, 210",True
2914,jeru1240,GB409_4,1,,"Opgenort, 2005, 187",True
2915,jeru1240,GB409_5,1,,"Opgenort, 2005, 210",True
2916,jeru1240,GB409_6,1,,"Opgenort, 2005, 210",True
2917,jeru1240,GB409_7,1,,"Opgenort, 2005, 198",True
2918,jeru1240,GB409_8,1,,"Opgenort, 2005, 198",True
2919,jeru1240,GB409_9,1,,"Opgenort, 2005, 210",True
2920,jeru1240,GB409_10,1,,"Opgenort, 2005, 187",True
2921,jeru1240,GB409_11,1,,"Opgenort, 2005, 210",True
2922,jeru1240,GB409_12,1,,"Opgenort, 2005, 187",True
2923,jeru1240,GB409_13,1,,"Opgenort, 2005, 210",True
2924,jeru1240,GB409_14,1,,"Opgenort, 2005, 210",True
2925,jeru1240,GB409_15,?,,,True
2926,jeru1240,GB409_16,1,,"Opgenort, 2005, 210",True
2927,jeru1240,GB409_17,?,,,True
2928,jeru1240,GB409_18,1,,"Opgenort, 2005, 210",True
2929,jeru1240,GB409_19,1,,"Opgenort, 2005, 192",True
2930,jeru1240,GB409_20,1,,"Opgenort, 2005, 210",True
2931,jeru1240,GB409_21,?,,,True
2932,jeru1240,GB409_22,1,"La marcación es opcional, puede usarse para enfatizar.","Opgenort, 2005, 87",True
2933,jeru1240,GB409_23,0,,"Opgenort, 2005, 293",True
2934,jeru1240,GB409_24,0,"""The source marker [(la marca de ergativo)] is often used in relation to instrumental and agent arguments"".","Opgenort, 2005, 88",True
2935,kaba1278,GB409_1,1,solo se marca en 3sg,"Applebaum, 2013, p. 77, 116, 241",True
2936,kaba1278,GB409_2,0,,"Applebaum, 2013, p. 77",True
2937,kaba1278,GB409_3,0,,"Applebaum, 2013, p. 77",True
2938,kaba1278,GB409_4,1,solo en singular,"Applebaum, 2013, p. 113",True
2939,kaba1278,GB409_5,0,,"Applebaum, 2013",True
2940,kaba1278,GB409_6,1,,"Applebaum, 2013, p. 55",True
2941,kaba1278,GB409_7,1,,"Applebaum, 2013, p. 79",True
2942,kaba1278,GB409_8,1,,"Applebaum, 2013, p. 73",True
2943,kaba1278,GB409_9,1,,"Applebaum, 2013, p. 55",True
2944,kaba1278,GB409_10,1,,"Applebaum, 2013, p. 79",True
2945,kaba1278,GB409_11,1,,"Applebaum, 2013, p. 55",True
2946,kaba1278,GB409_12,?,,"Applebaum, 2013, p. 79",True
2947,kaba1278,GB409_13,?,,"Applebaum, 2013, p. 55",True
2948,kaba1278,GB409_14,1,,"Applebaum, 2013, p. 79",True
2949,kaba1278,GB409_15,?,,,True
2950,kaba1278,GB409_16,1,,"Applebaum, 2013, p. 79",True
2951,kaba1278,GB409_17,?,,,True
2952,kaba1278,GB409_18,1,,"Applebaum, 2013, p. 92, 113",True
2953,kaba1278,GB409_20,1,,"Applebaum, 2013, p. 79",True
2954,kaba1278,GB409_21,1,,"Applebaum, 2013, p. 80",True
2955,kaba1278,GB409_22,?,,,True
2956,kaba1278,GB409_23,?,,,True
2957,kaba1278,GB409_24,0,,"Applebaum, 2013, p. 29, 242",True
2958,kaga1256,GB409_1,1,erg:din / abs: kanen,"Pebley y Macgregor, 2024, p. 487",True
2959,kaga1256,GB409_2,1,,"Pebley y Macgregor, 2024, p. 659",True
2960,kaga1256,GB409_3,1,,"Pebley y Macgregor, 2024, p. 669",True
2961,kaga1256,GB409_4,1,,"Pebley y Macgregor, 2024, p. 487",True
2962,kaga1256,GB409_5,1,,"Pebley y Macgregor, 2024",True
2963,kaga1256,GB409_6,1,,"Pebley y Macgregor, 2024, p. 525",True
2964,kaga1256,GB409_7,1,,"Pebley y Macgregor, 2024, p. 487",True
2965,kaga1256,GB409_8,1,,"Pebley y Macgregor, 2024, p. 659",True
2966,kaga1256,GB409_9,1,,"Pebley y Macgregor, 2024, p. 525",True
2967,kaga1256,GB409_10,1,,"Pebley y Macgregor, 2024, p. 487",True
2968,kaga1256,GB409_11,1,,"Pebley y Macgregor, 2024, p. 525",True
2969,kaga1256,GB409_12,1,,"Pebley y Macgregor, 2024, p. 487",True
2970,kaga1256,GB409_13,1,,"Pebley y Macgregor, 2024, p. 525",True
2971,kaga1256,GB409_14,1,,"Pebley y Macgregor, 2024, p. 487",True
2972,kaga1256,GB409_15,0,,"Pebley y Macgregor, 2024, p. 487",True
2973,kaga1256,GB409_16,1,,"Pebley y Macgregor, 2024, p. 487",True
2974,kaga1256,GB409_17,0,,"Pebley y Macgregor, 2024, p. 487",True
2975,kaga1256,GB409_18,1,,"Pebley y Macgregor, 2024, p. 487",True
2976,kaga1256,GB409_19,0,,"Pebley y Macgregor, 2024",True
2977,kaga1256,GB409_20,1,,"Pebley y Macgregor, 2024, p. 487",True
2978,kaga1256,GB409_21,?,,,True
2979,kaga1256,GB409_22,0,,"Pebley y Macgregor, 2024",True
2980,kaga1256,GB409_23,1,,"Pebley y Macgregor, 2024, p. 494-496",True
2981,kaga1256,GB409_24,1,la marca de absolutivo es la misma que la de instrumental,"Pebley y Macgregor, 2024, p. 515",True
2982,kaik1246,GB409_1,0,La marca es ø,"Regmi, 2013, p. 101",True
2983,kaik1246,GB409_2,1,,"Regmi, 2013, p. 121",True
2984,kaik1246,GB409_3,1,,"Regmi, 2013, p. 171",True
2985,kaik1246,GB409_4,1,,"Regmi, 2013, p. 121",True
2986,kaik1246,GB409_5,1,,"Regmi, 2013",True
2987,kaik1246,GB409_6,1,,"Regmi, 2013, p. 89",True
2988,kaik1246,GB409_7,1,,"Regmi, 2013, p. 85",True
2989,kaik1246,GB409_8,1,,"Regmi, 2013, p. 121",True
2990,kaik1246,GB409_9,1,,"Regmi, 2013, p. 89",True
2991,kaik1246,GB409_10,1,,"Regmi, 2013, p. 85",True
2992,kaik1246,GB409_11,1,,"Regmi, 2013, p. 121",True
2993,kaik1246,GB409_12,1,,"Regmi, 2013, p. 85",True
2994,kaik1246,GB409_13,1,,"Regmi, 2013, p. 121",True
2995,kaik1246,GB409_14,1,,"Regmi, 2013, p. 121",True
2996,kaik1246,GB409_15,?,,,True
2997,kaik1246,GB409_16,1,,"Regmi, 2013, p. 121",True
2998,kaik1246,GB409_17,?,,,True
2999,kaik1246,GB409_18,1,,"Regmi, 2013, p. 121",True
3000,kaik1246,GB409_20,1,,"Regmi, 2013, p. 121",True
3001,kaik1246,GB409_21,?,,,True
3002,kaik1246,GB409_22,?,,,True
3003,kaik1246,GB409_23,1,,"Regmi, 2013, p. 182",True
3004,kaik1246,GB409_24,1,,"Regmi, 2013, p. 182",True
3005,kaki1249,GB409_1,?,,,True
3006,kaki1249,GB409_2,1,,"Clifton, 1995, p. 7",True
3007,kaki1249,GB409_3,1,,"Clifton, 1995, p. 80",True
3008,kaki1249,GB409_4,1,,"Clifton, 1995, p. 6",True
3009,kaki1249,GB409_5,1,,"Clifton, 1995",True
3010,kaki1249,GB409_6,1,,"Clifton, 1995, p. 8",True
3011,kaki1249,GB409_7,1,,"Clifton, 1995, p. 6",True
3012,kaki1249,GB409_8,1,,"Clifton, 1995, p. 7",True
3013,kaki1249,GB409_9,?,,,True
3014,kaki1249,GB409_10,1,,"Clifton, 1995, p. 6",True
3015,kaki1249,GB409_11,1,,"Clifton, 1995, p. 8",True
3016,kaki1249,GB409_12,1,,"Clifton, 1995, p. 6",True
3017,kaki1249,GB409_13,?,,,True
3018,kaki1249,GB409_15,?,,,True
3019,kaki1249,GB409_17,?,,,True
3020,kaki1249,GB409_18,1,,"Clifton, 1995, p. 6",True
3021,kaki1249,GB409_19,1,,"Clifton, 1995, p. 8",True
3022,kaki1249,GB409_20,1,,"Clifton, 1995, p. 8",True
3023,kaki1249,GB409_21,?,,,True
3024,kaki1249,GB409_22,?,,,True
3025,kaki1249,GB409_23,?,,,True
3026,kaki1249,GB409_24,?,,,True
3027,kala1399,GB409_1,0,ABS is zero-marked in the singular (bare stem); plural -t is not a dedicated ABS marker (shared with common plural). No overt ABS case marker. Original annotation of 1 was incorrect.,Sadock 2003: 66; Fortescue 1984: §2.1.1.1,True
3028,kala1399,GB409_2,0,1st and 2nd person pronouns have a single 'direct case' (DIR) form for all grammatical roles (Sadock §2.11.1.2: 'The first and second person pronouns have only one form for all the direct cases'). No distinct ERG form. Corrected from 1 to 0.,Sadock 2003: 66 (§2.11.1.2); Fortescue 1984: §2.1.1.2.2,True
3029,kala1399,GB409_3,0,Same as GB409_2: 2nd person pronouns use a single DIR form with no distinct ergative. Corrected from 1 to 0.,Sadock 2003: 66 (§2.11.1.2); Fortescue 1984: §2.1.1.2.2,True
3030,kala1399,GB409_4,1,"No dedicated 3rd person pronouns; demonstratives serve as 3rd person and DO have distinct ERG forms (e.g., matuma = ERG singular of 'this'). Value 1 confirmed.",Sadock 2003: 66; Fortescue 1984: §2.1.1.2.3,True
3031,kala1399,GB409_5,1,Full NPs take ERG/relative suffix -(u)p (singular) or -it (plural) as transitive subjects.,Sadock 2003: 66; Fortescue 1984: §2.1.1.1,True
3032,kala1399,GB409_6,1,ERG applies regardless of aspect; no aspect-based split documented in either source.,Sadock 2003: 54; Fortescue 1984: in passim,True
3033,kala1399,GB409_7,1,ERG applies regardless of aspect; no aspect-based split documented.,Sadock 2003: 54; Fortescue 1984: in passim,True
3034,kala1399,GB409_8,1,ERG marking not conditioned by tense; applies in all temporal contexts.,Sadock 2003: 54; Fortescue 1984: in passim,True
3035,kala1399,GB409_9,1,ERG marking applies in non-past (including future -ssa-) without conditioning.,Sadock 2003: 54; Fortescue 1984: in passim,True
3036,kala1399,GB409_10,1,Indicative is the primary mood; ERG applies throughout.,"Sadock 2003: 54, 41",True
3037,kala1399,GB409_11,1,WG has 9 moods; ERG applies across all of them including conjunctive and participial subordinate moods (Fortescue §1.7-1.9).,Sadock 2003: 54; Fortescue 1984: §1.7-1.9,True
3038,kala1399,GB409_12,1,All declarative/realis contexts show ERG alignment.,"Sadock 2003: 54, 41",True
3039,kala1399,GB409_13,1,"In future/optative (irrealis-like) contexts, ERG still marks transitive subjects.",Sadock 2003: 54; Fortescue 1984: in passim,True
3040,kala1399,GB409_14,1,Sadock §9.2.1.6: 'the ergative marks the more agentive term of transitives.' Value filled in from empty cell.,Sadock 2003: 57 (§9.2.1.6),True
3041,kala1399,GB409_15,1,Fortescue §2.1.1.2.2: 'no distinction between agentive/non-agentive.' Even non-agentive subjects of derived transitives retain ERG marking.,Fortescue 1984: §2.1.1.2.2; Sadock 2003: §9.2.1.6,True
3042,kala1399,GB409_16,1,Topicality does not condition case marking (Fortescue §1.12: WG is not topic-prominent).,Sadock 2003: 54; Fortescue 1984: §1.12,True
3043,kala1399,GB409_17,1,Same: topicality does not condition case marking; non-topical A also takes ERG.,Fortescue 1984: §1.12; Sadock 2003: §9.2.1,True
3044,kala1399,GB409_18,1,Animate transitive subjects consistently take ERG (Fortescue §2.1.1.2.2).,Sadock 2003: 54; Fortescue 1984: §2.1.1.2.2,True
3045,kala1399,GB409_19,1,Animacy does not condition ERG marking; inanimate transitive subjects also take -(u)p.,Fortescue 1984: §2.1.1.2.2; Sadock 2003: §9.2.1,True
3046,kala1399,GB409_20,1,ERG applies in main clauses throughout.,Sadock 2003: 54; Fortescue 1984: §3.1-3.5,True
3047,kala1399,GB409_21,1,"In subordinate clauses (conjunctive, participial, dependent moods), nominal transitive subjects retain ERG -(u)p.",Fortescue 1984: §3.1-3.5; Sadock 2003: §9.3,True
3048,kala1399,GB409_22,0,"No additional conditioning beyond the core transitive subject function. Person-based split (GB409_2=0, GB409_3=0) is already captured in earlier features.",Sadock 2003: in passim; Fortescue 1984: in passim,True
3049,kala1399,GB409_23,1,Possessor phrases take the same ERG/relative case -(u)p (Sadock §5.5.3.1; Fortescue §2.1.1.4.6). Explicit ERG=GEN syncretism.,Sadock 2003: 28 (§5.5.3.1); Fortescue 1984: §2.1.1.4.6,True
3050,kala1399,GB409_24,0,"Instrumental = -mik (Fortescue §2.1.1.4.3), distinct from ERG -(u)p. Comitative expressed derivationally. No ERG=INST/COM syncretism.",Sadock 2003: 57; Fortescue 1984: §2.1.1.4.3,True
3051,kalk1246,GB409_2,1,,"Blake, 1979, 48",True
3052,kalk1246,GB409_3,1,,"Blake, 1979, 156",True
3053,kalk1246,GB409_4,1,,"Blake, 1979, 157",True
3054,kalk1246,GB409_5,1,,"Blake, 1979",True
3055,kalk1246,GB409_6,1,,"Blake, 1979, 86",True
3056,kalk1246,GB409_7,1,,"Blake, 1979, 48",True
3057,kalk1246,GB409_8,1,,"Blake, 1979, 153",True
3058,kalk1246,GB409_9,1,,"Blake, 1979, 66",True
3059,kalk1246,GB409_10,1,,"Blake, 1979, 48",True
3060,kalk1246,GB409_11,1,,"Blake, 1979, 86",True
3061,kalk1246,GB409_12,1,,"Blake, 1979, 48",True
3062,kalk1246,GB409_13,1,,"Blake, 1979, 74",True
3063,kalk1246,GB409_14,1,,"Blake, 1979, 48",True
3064,kalk1246,GB409_15,1,,"Blake, 1979, 48",True
3065,kalk1246,GB409_16,1,,"Blake, 1979, 48",True
3066,kalk1246,GB409_17,1,,"Blake, 1979, 48",True
3067,kalk1246,GB409_18,1,,"Blake, 1979, 48",True
3068,kalk1246,GB409_19,1,,"Blake, 1979, 114",True
3069,kalk1246,GB409_20,1,,"Blake, 1979, 48",True
3070,kalk1246,GB409_21,?,,,True
3071,kalk1246,GB409_22,?,,,True
3072,kalk1246,GB409_23,1,,"Blake, 1979, 23",True
3073,kalk1246,GB409_24,1,,"Blake, 1979, 42",True
3074,kamu1260,GB409_2,1,,"Routamma, 1994, p. 75",True
3075,kamu1260,GB409_3,1,,"Routamma, 1994, p. 67",True
3076,kamu1260,GB409_4,1,,"Routamma, 1994, p. 75",True
3077,kamu1260,GB409_5,1,,"Routamma, 1994, p. 97",True
3078,kamu1260,GB409_6,1,,"Routamma, 1994, p. 97",True
3079,kamu1260,GB409_7,1,,"Routamma, 1994, p. 75",True
3080,kamu1260,GB409_8,1,,"Routamma, 1994, p. 75",True
3081,kamu1260,GB409_9,1,,"Routamma, 1994, p. 85",True
3082,kamu1260,GB409_10,1,,"Routamma, 1994, p. 75",True
3083,kamu1260,GB409_11,1,,"Routamma, 1994, p. 85",True
3084,kamu1260,GB409_12,1,,"Routamma, 1994, p. 75",True
3085,kamu1260,GB409_13,?,,,True
3086,kamu1260,GB409_14,1,,"Routamma, 1994, p. 75",True
3087,kamu1260,GB409_15,?,,,True
3088,kamu1260,GB409_16,1,,"Routamma, 1994, p. 75",True
3089,kamu1260,GB409_17,?,,,True
3090,kamu1260,GB409_18,1,,"Routamma, 1994, p. 75",True
3091,kamu1260,GB409_19,1,,"Routamma, 1994, p. 96",True
3092,kamu1260,GB409_20,1,,"Routamma, 1994, p. 97",True
3093,kamu1260,GB409_21,?,,,True
3094,kamu1260,GB409_22,1,"""On one hand, the system has similarities to an ergative system, but on the other, cannot be described as one, mainly because -ta tata ta is commonly affixed to the subject of both transitive and intransitive clauses, secondly because its use is optional and thirdly because it can be affixed to other elements in the clause other than the subject, eg. conjunctions, medial verb suffixes"".","Routamma, 1994, p. 75",True
3095,kamu1260,GB409_23,?,,,True
3096,kamu1260,GB409_24,0,,"Routamma, 1994, p. 96",True
3097,kank1243,GB409_1,1,,"Allen, 2011, p. 7",True
3098,kank1243,GB409_2,0,,"Allen, 2011, p. 11",True
3099,kank1243,GB409_3,0,,"Allen, 2011, p. 11",True
3100,kank1243,GB409_4,1,la única manifestación de ergatividad se ve en  tercera persona singular.,"Allen, 2011, p. 11",True
3101,kank1243,GB409_5,1,,"Allen, 2011, p. 265",True
3102,kank1243,GB409_6,1,,"Allen, 2011, p. 214",True
3103,kank1243,GB409_7,1,,"Allen, 2011, p. 181",True
3104,kank1243,GB409_8,1,,"Allen, 2011, p. 181",True
3105,kank1243,GB409_9,?,,,True
3106,kank1243,GB409_10,1,,"Allen, 2011, p. 181",True
3107,kank1243,GB409_11,1,,"Allen, 2011, p. 214",True
3108,kank1243,GB409_12,1,,"Allen, 2011, p. 214",True
3109,kank1243,GB409_13,?,,,True
3110,kank1243,GB409_14,1,,"Allen, 2011, p. 231",True
3111,kank1243,GB409_15,0,,"Allen, 2011, p. 231",True
3112,kank1243,GB409_16,1,,"Allen, 2011, p. 231",True
3113,kank1243,GB409_17,0,,"Allen, 2011, p. 231",True
3114,kank1243,GB409_18,1,,"Allen, 2011, p. 265",True
3115,kank1243,GB409_19,?,,,True
3116,kank1243,GB409_20,1,,"Allen, 2011, p. 265",True
3117,kank1243,GB409_21,1,,,True
3118,kank1243,GB409_22,?,,,True
3119,kank1243,GB409_23,1,,"Allen, 2011, p. 9",True
3120,kank1243,GB409_24,0,,"Allen, 2011, p. 112",True
3121,kara1476,GB409_1,0,ABS is zero-marked; ERG suffix -lu/-ju is the only core case marker. Confirmed by McKelson Lesson 39-40.,McKelson 2004: 39,True
3122,kara1476,GB409_2,1,1SG takes ERG suffix -lu when transitive subject (ngajulu); bare ngaju for intransitive S.,"McKelson 2004: 11, 39",True
3123,kara1476,GB409_3,1,"2SG nyuntu takes -lu as transitive subject: nyuntulu kawa mayi walipikarti 'You take the tucker' (Lesson 5, p.6).","McKelson 2004: 6, 39",True
3124,kara1476,GB409_4,1,"3rd person full NPs take -lu/-ju as transitive subjects: wakalalu jinkanu jurru 'the woman hit the snake' (Lesson 39, p.39). Demonstrative pronouns also take -lu in A role.",McKelson 2004: 39,True
3125,kara1476,GB409_5,1,"Full NPs take ERG suffix -lu (after vowels) / -ju (after consonants): wakalalu (woman-ERG), wilarrju (turtle-ERG). McKelson p.39-40 explicitly explains the rule.",McKelson 2004: 39-40,True
3126,kara1476,GB409_6,?,Aspect (perfective/imperfective) is not a grammaticalized binary morphological category in this grammar; tense distinctions (present/past/future) are present but not aspect. Category absent.,,True
3127,kara1476,GB409_7,?,Same as GB409_6: perfective/imperfective aspect not grammaticalized. Category absent.,,True
3128,kara1476,GB409_8,1,Past tense examples in Lesson 39-40 show ERG -lu/-ju on transitive subjects (jinkanu = past hit).,McKelson 2004: 39,True
3129,kara1476,GB409_9,1,No tense-based conditioning of ERG marking documented; -lu/-ju applies across tenses.,McKelson 2004: 39-40,True
3130,kara1476,GB409_10,1,All declarative/indicative examples show ERG marking on transitive A.,McKelson 2004: 39,True
3131,kara1476,GB409_11,?,"Imperative forms do not show -lu/-ju on A, but this appears to be a structural property of 2nd-person commands (not a mood-based split). Insufficient data for other moods.",,True
3132,kara1476,GB409_12,?,Realis/irrealis distinction is not a grammatical category in this grammar. Category absent.,,True
3133,kara1476,GB409_13,?,Realis/irrealis distinction absent. Category absent.,,True
3134,kara1476,GB409_14,1,"All documented A arguments (woman, turtle, person) are agentive and take ERG -lu/-ju.","McKelson 2004: 5-6, 39",True
3135,kara1476,GB409_15,?,No examples of non-agentive A in source; insufficient data.,,True
3136,kara1476,GB409_16,?,No discussion of topicality conditioning in source; insufficient data.,,True
3137,kara1476,GB409_17,?,No discussion of topicality conditioning; insufficient data.,,True
3138,kara1476,GB409_18,1,"All ERG-marked A arguments in examples are animate (woman, turtle, people).",McKelson 2004: 39,True
3139,kara1476,GB409_19,?,No examples of inanimate A in transitive clauses in this source.,,True
3140,kara1476,GB409_20,1,All ergative examples occur in main clauses; ERG -lu/-ju consistently applies.,McKelson 2004: 39,True
3141,kara1476,GB409_21,?,Source does not present subordinate clauses; insufficient data.,,True
3142,kara1476,GB409_22,0,McKelson (p.39) states: 'lu and ju indicate an object-affecting subject' — a simple categorical rule with no additional conditioning mentioned.,McKelson 2004: 39,True
3143,kara1476,GB409_23,0,"Genitive/possessive = -kura (Lesson 7, p.8: japulukura 'father's'). Entirely distinct from ERG -lu/-ju.",McKelson 2004: 8,True
3144,kara1476,GB409_24,0,"Comitative = pari 'with' (Lesson 14, p.15: warnku pari 'with money'). Entirely distinct from ERG -lu/-ju.",McKelson 2004: 14-15,True
3145,kara1487,GB409_1,1,ABS: -'i,"Brainard, 1993, p. 132",True
3146,kara1487,GB409_3,1,,"Brainard, 1993, p. 405",True
3147,kara1487,GB409_4,1,,"Brainard, 1993, p. 173",True
3148,kara1487,GB409_5,1,,"Brainard, 1993, p. 173",True
3149,kara1487,GB409_6,1,,"Brainard, 1993, p. 354",True
3150,kara1487,GB409_7,1,,"Brainard, 1993, p. 410",True
3151,kara1487,GB409_8,1,,"Brainard, 1993, p. 395",True
3152,kara1487,GB409_9,1,futuro,"Brainard, 1993, p. 173",True
3153,kara1487,GB409_10,1,,"Brainard, 1993, p. 173, 440",True
3154,kara1487,GB409_11,1,,"Brainard, 1993, p. 374",True
3155,kara1487,GB409_12,1,,"Brainard, 1993, p. 173",True
3156,kara1487,GB409_13,1,,"Brainard, 1993, p. 374",True
3157,kara1487,GB409_14,1,,"Brainard, 1993, p. 173, 440",True
3158,kara1487,GB409_15,0,,"Brainard, 1993, p. 173, 440",True
3159,kara1487,GB409_16,1,,"Brainard, 1993, p. 173, 440",True
3160,kara1487,GB409_17,0,,"Brainard, 1993, p. 173, 440",True
3161,kara1487,GB409_18,1,,"Brainard, 1993, p. 173",True
3162,kara1487,GB409_19,1,,"Brainard, 1993, p. 172",True
3163,kara1487,GB409_20,1,,"Brainard, 1993, p. 172",True
3164,kara1487,GB409_21,?,,,True
3165,kara1487,GB409_22,?,,,True
3166,kara1487,GB409_23,1,,"Brainard, 1993, p. 132",True
3167,kara1487,GB409_24,1,misma marca que ABS,"Brainard, 1993, p. 271",True
3168,kara1500,GB409_1,1,S: -wa P: -bə̃,"Ribeiro, 2012, p. 257",True
3169,kara1500,GB409_2,0,,,True
3170,kara1500,GB409_3,0,,,True
3171,kara1500,GB409_4,0,,,True
3172,kara1500,GB409_5,0,,,True
3173,kara1500,GB409_6,0,,,True
3174,kara1500,GB409_7,0,,,True
3175,kara1500,GB409_8,0,,,True
3176,kara1500,GB409_9,0,,,True
3177,kara1500,GB409_10,0,,,True
3178,kara1500,GB409_11,0,,,True
3179,kara1500,GB409_12,0,,,True
3180,kara1500,GB409_13,0,,,True
3181,kara1500,GB409_14,0,,,True
3182,kara1500,GB409_15,0,,,True
3183,kara1500,GB409_16,0,,,True
3184,kara1500,GB409_17,0,,,True
3185,kara1500,GB409_18,0,,,True
3186,kara1500,GB409_19,0,,,True
3187,kara1500,GB409_20,0,,,True
3188,kara1500,GB409_21,0,,,True
3189,kara1500,GB409_22,0,,,True
3190,kara1500,GB409_23,0,,,True
3191,kara1500,GB409_24,0,,,True
3192,kari1254,GB409_1,0,,"De Queiroz, 2012, p. 337-341",True
3193,kari1254,GB409_2,1,,"De Queiroz, 2012, p. 343",True
3194,kari1254,GB409_3,1,marca -na,"De Queiroz, 2012, p. 339",True
3195,kari1254,GB409_4,1,,"De Queiroz, 2012, p. 341",True
3196,kari1254,GB409_5,1,,"De Queiroz, 2012, p. 196",True
3197,kari1254,GB409_6,?,,,True
3198,kari1254,GB409_7,1,,"De Queiroz, 2012, p. 339",True
3199,kari1254,GB409_8,1,,"De Queiroz, 2012, p. 340",True
3200,kari1254,GB409_9,0,,"De Queiroz, 2012, p. 336",True
3201,kari1254,GB409_10,1,,"De Queiroz, 2012, p. 339",True
3202,kari1254,GB409_12,1,,"De Queiroz, 2012, p. 341",True
3203,kari1254,GB409_13,?,,,True
3204,kari1254,GB409_14,1,,"De Queiroz, 2012, p. 339",True
3205,kari1254,GB409_15,0,,"De Queiroz, 2012, p. 337-341",True
3206,kari1254,GB409_16,1,,"De Queiroz, 2012, p. 339",True
3207,kari1254,GB409_17,0,,"De Queiroz, 2012, p. 337-341",True
3208,kari1254,GB409_18,1,,"De Queiroz, 2012, p. 337-341",True
3209,kari1254,GB409_19,?,,,True
3210,kari1254,GB409_20,1,,"De Queiroz, 2012, p. 341",True
3211,kari1254,GB409_21,?,,,True
3212,kari1254,GB409_22,?,"""A diferencia del nominativo-acusativo, el ergativo-absolutivo ocurre en cláusulas causativas, con sujeto libre en imperativos afirmativos, está presente en construcciones reflexivas de predicados existenciales y en construcciones reflexivas y recíprocas de predicados intransitivos"".","De Queiroz, 2012, p. 380",True
3213,kari1254,GB409_23,0,,"De Queiroz, 2012, p. 338",True
3214,kari1254,GB409_24,1,,"De Queiroz, 2012, p. 228",True
3215,kari1311,GB409_1,1,"""These consist of an absolutive agreement marker suffixed with the reflexive marker -/ʔasoːta""","Everett, 2006, p. 449",True
3216,kari1311,GB409_2,1,erg es unmarked pero lo ponen dentro de 1sg,"Everett, 2006, p. 434",True
3217,kari1311,GB409_3,0,erg es unmarked,"Everett, 2006, p. 339",True
3218,kari1311,GB409_4,0,erg es unmarked,"Everett, 2006, p. 339",True
3219,kari1311,GB409_5,0,erg es unmarked,"Everett, 2006, p. 339",True
3220,kari1311,GB409_6,1,erg es unmarked pero lo ponen dentro de 1sg,"Everett, 2006, p. 434",True
3221,kari1311,GB409_7,0,erg es unmarked,"Everett, 2006, p. 339",True
3222,kari1311,GB409_8,1,erg es unmarked pero lo ponen dentro de 1sg,"Everett, 2006, p. 434",True
3223,kari1311,GB409_9,0,erg es unmarked,"Everett, 2006, p. 339",True
3224,kari1311,GB409_10,1,erg es unmarked pero lo ponen dentro de 1sg,"Everett, 2006, p. 434",True
3225,kari1311,GB409_11,0,erg es unmarked,"Everett, 2006, p. 339",True
3226,kari1311,GB409_12,1,erg es unmarked pero lo ponen dentro de 1sg,"Everett, 2006, p. 434",True
3227,kari1311,GB409_13,0,erg es unmarked,"Everett, 2006, p. 339",True
3228,kari1311,GB409_14,1,erg es unmarked pero lo ponen dentro de 1sg,"Everett, 2006, p. 434",True
3229,kari1311,GB409_15,0,erg es unmarked,"Everett, 2006, p. 339",True
3230,kari1311,GB409_16,1,erg es unmarked pero lo ponen dentro de 1sg,"Everett, 2006, p. 434",True
3231,kari1311,GB409_17,0,erg es unmarked,"Everett, 2006, p. 339",True
3232,kari1311,GB409_18,0,erg es unmarked,"Everett, 2006, p. 339",True
3233,kari1311,GB409_19,0,erg es unmarked,"Everett, 2006, p. 339",True
3234,kari1311,GB409_20,0,erg es unmarked,"Everett, 2006, p. 339",True
3235,kari1311,GB409_21,0,erg es unmarked,"Everett, 2006, p. 339",True
3236,kari1311,GB409_22,0,erg es unmarked,"Everett, 2006, p. 339",True
3237,kari1311,GB409_23,0,erg es unmarked,"Everett, 2006, p. 339",True
3238,kari1311,GB409_24,0,erg es unmarked,"Everett, 2006, p. 339",True
3239,katu1276,GB409_1,0,,"Dos anjos, 2011, p. 379",True
3240,katu1276,GB409_2,0,,"Dos anjos, 2011, p. 374",True
3241,katu1276,GB409_3,0,,"Dos anjos, 2011, p. 368",True
3242,katu1276,GB409_4,1,,"Dos anjos, 2011, p. 421",True
3243,katu1276,GB409_5,1,,"Dos anjos, 2011, p. 421",True
3244,katu1276,GB409_6,?,,,True
3245,katu1276,GB409_7,1,,"Dos anjos, 2011, p. 421",True
3246,katu1276,GB409_8,1,,"Dos anjos, 2011, p. 421",True
3247,katu1276,GB409_9,?,,,True
3248,katu1276,GB409_10,1,,"Dos anjos, 2011, p. 421",True
3249,katu1276,GB409_11,?,,,True
3250,katu1276,GB409_12,1,,"Dos anjos, 2011, p. 421",True
3251,katu1276,GB409_13,?,,,True
3252,katu1276,GB409_14,1,,"Dos anjos, 2011, p. 421",True
3253,katu1276,GB409_15,?,,,True
3254,katu1276,GB409_16,1,,"Dos anjos, 2011, p. 421",True
3255,katu1276,GB409_17,?,,,True
3256,katu1276,GB409_18,1,,"Dos anjos, 2011, p. 421",True
3257,katu1276,GB409_19,?,,,True
3258,katu1276,GB409_20,1,,"Dos anjos, 2011, p. 421",True
3259,katu1276,GB409_21,?,,,True
3260,katu1276,GB409_22,?,,,True
3261,katu1276,GB409_23,0,,"Dos anjos, 2011, p. 363",True
3262,katu1276,GB409_24,0,,"Dos anjos, 2011, p. 324",True
3263,lamj1247,GB409_1,0,,Gawne 2016:65,True
3264,lamj1247,GB409_2,1,Example 62,Gawne 2016:66,True
3265,lamj1247,GB409_3,1,Example 86,Gawne 2016:70,True
3266,lamj1247,GB409_4,1,Example 16,Gawne 2016:87,True
3267,lamj1247,GB409_5,1,Example 61,Gawne 2016:65,True
3268,lamj1247,GB409_6,1,Example 76,Gawne 2016:102,True
3269,lamj1247,GB409_7,1,Example 69,Gawne 2016:67,True
3270,lamj1247,GB409_8,1,Example 69,Gawne 2016:67,True
3271,lamj1247,GB409_9,1,Example 61,Gawne 2016:65,True
3272,lamj1247,GB409_10,1,Example 61,Gawne 2016:65,True
3273,lamj1247,GB409_11,1,Example 82,Gawne 2016:137,True
3274,lamj1247,GB409_12,1,Example 61,Gawne 2016:65,True
3275,lamj1247,GB409_13,1,Example 82,Gawne 2016:137,True
3276,lamj1247,GB409_14,1,Example 61,Gawne 2016:65,True
3277,lamj1247,GB409_15,1,Example 74; Example 31,"Gawne 2016:68, 90",True
3278,lamj1247,GB409_16,1,Example 110; Example 120,"Gawne 2016:78, 80",True
3279,lamj1247,GB409_17,1,,,True
3280,lamj1247,GB409_18,1,Example 61,Gawne 2016:65,True
3281,lamj1247,GB409_19,?,,,True
3282,lamj1247,GB409_20,1,Example 61,Gawne 2016:65,True
3283,lamj1247,GB409_21,?,,,True
3284,lamj1247,GB409_22,0,,,True
3285,lamj1247,GB409_23,1,,Gawne 2016:64,True
3286,lamj1247,GB409_24,1,,Gawne 2016:64,True
3287,lemb1266,GB409_1,0,,Heineman 1998:86,True
3288,lemb1266,GB409_2,1,Example 101,Heineman 1998:51,True
3289,lemb1266,GB409_3,1,Example 217,Heineman 1998:77,True
3290,lemb1266,GB409_4,1,Example 96,Heineman 1998:50,True
3291,lemb1266,GB409_5,1,Example 82,Heineman 1998:44,True
3292,lemb1266,GB409_6,1,Example 82,Heineman 1998:44,True
3293,lemb1266,GB409_7,1,Example 101,Heineman 1998:51,True
3294,lemb1266,GB409_8,1,Example 83,Heineman 1998:44,True
3295,lemb1266,GB409_9,1,Example 82,Heineman 1998:44,True
3296,lemb1266,GB409_10,1,Example 82,Heineman 1998:44,True
3297,lemb1266,GB409_11,1,Example 274,Heineman 1998:93,True
3298,lemb1266,GB409_12,1,Example 82,Heineman 1998:44,True
3299,lemb1266,GB409_13,1,Example 212,Heineman 1998:75,True
3300,lemb1266,GB409_14,1,Example 82,Heineman 1998:44,True
3301,lemb1266,GB409_15,1,Example 143,Heineman 1998:62,True
3302,lemb1266,GB409_16,1,,,True
3303,lemb1266,GB409_17,1,,,True
3304,lemb1266,GB409_18,1,Example 82,Heineman 1998:44,True
3305,lemb1266,GB409_19,1,Example 119,Heineman 1998:55,True
3306,lemb1266,GB409_20,1,Example 82,Heineman 1998:44,True
3307,lemb1266,GB409_21,1,Example 263,Heineman 1998:91,True
3308,lemb1266,GB409_22,0,,,True
3309,lemb1266,GB409_23,0,,,True
3310,lemb1266,GB409_24,1,Example 82,Heineman 1998:44,True
3311,lepc1244,GB409_1,0,,Plaisier 2007:127-129,True
3312,lepc1244,GB409_2,1,,Plaisier 2007:127-129,True
3313,lepc1244,GB409_3,1,,Plaisier 2007:127-129,True
3314,lepc1244,GB409_4,1,,Plaisier 2007:127-129,True
3315,lepc1244,GB409_5,1,,Plaisier 2007:127-129,True
3316,lepc1244,GB409_6,1,,Plaisier 2007:127-129,True
3317,lepc1244,GB409_7,1,,Plaisier 2007:127-129,True
3318,lepc1244,GB409_8,1,,Plaisier 2007:127-129,True
3319,lepc1244,GB409_9,1,,Plaisier 2007:127-129,True
3320,lepc1244,GB409_10,1,,Plaisier 2007:127-129,True
3321,lepc1244,GB409_11,1,,Plaisier 2007:127-129,True
3322,lepc1244,GB409_12,1,,Plaisier 2007:127-129,True
3323,lepc1244,GB409_13,1,,Plaisier 2007:127-129,True
3324,lepc1244,GB409_14,1,,Plaisier 2007:127-129,True
3325,lepc1244,GB409_15,1,,Plaisier 2007:127-129,True
3326,lepc1244,GB409_16,1,,Plaisier 2007:127-129,True
3327,lepc1244,GB409_17,1,,Plaisier 2007:127-129,True
3328,lepc1244,GB409_18,1,,Plaisier 2007:127-129,True
3329,lepc1244,GB409_19,1,,,True
3330,lepc1244,GB409_20,1,,Plaisier 2007:127-129,True
3331,lepc1244,GB409_21,1,,Plaisier 2007:127-129,True
3332,lepc1244,GB409_22,1,"There is marking of A in a construction with a transitive verb wtih two animate arguments (one agent, one patient), which, if compared to a prototypical intranstivie construction, creates an ergative-absolutive alignment. However, there is marking of the agent regardless of the transitivity of the verb, i.e. there is marking of A and S (when it is more prototypically agentive); in this case, it would not form an ergative-absolutive alignment.",Plaisier 2007:127-129,True
3333,lepc1244,GB409_23,0,,,True
3334,lepc1244,GB409_24,1,,Plaisier 2007:127-129,True
3335,lezg1247,GB409_1,0,,Haspelmath 1993:74,True
3336,lezg1247,GB409_2,1,Example 8,Haspelmath 1993:7,True
3337,lezg1247,GB409_3,1,§ 1.3.5.1(ii),Haspelmath 1993:13,True
3338,lezg1247,GB409_4,1,,Haspelmath 1993:14,True
3339,lezg1247,GB409_5,1,Example 2b,Haspelmath 1993:6,True
3340,lezg1247,GB409_6,1,Example 185c,Haspelmath 1993:94,True
3341,lezg1247,GB409_7,1,Example 2b,Haspelmath 1993:6,True
3342,lezg1247,GB409_8,1,Example 2b,Haspelmath 1993:6,True
3343,lezg1247,GB409_9,1,Example 8,Haspelmath 1993:7,True
3344,lezg1247,GB409_10,1,Example 2b,Haspelmath 1993:6,True
3345,lezg1247,GB409_11,1,Example 163a,Haspelmath 1993:88,True
3346,lezg1247,GB409_12,1,Example 2b,Haspelmath 1993:6,True
3347,lezg1247,GB409_13,1,Example 8,Haspelmath 1993:7,True
3348,lezg1247,GB409_14,1,Example 2b,Haspelmath 1993:6,True
3349,lezg1247,GB409_15,1,Example 270b,Haspelmath 1993:115,True
3350,lezg1247,GB409_16,1,,,True
3351,lezg1247,GB409_17,1,,,True
3352,lezg1247,GB409_18,1,Example 2b,Haspelmath 1993:6,True
3353,lezg1247,GB409_19,1,Example 8,Haspelmath 1993:7,True
3354,lezg1247,GB409_20,1,Example 2b,Haspelmath 1993:6,True
3355,lezg1247,GB409_21,1,Example 5b,Haspelmath 1993:6,True
3356,lezg1247,GB409_22,0,,Haspelmath 1993:74,True
3357,lezg1247,GB409_23,0,,Haspelmath 1993:74,True
3358,lezg1247,GB409_24,0,It seems this is now obsolete and the instrumental case is expressed by another morpheme.,Haspelmath 1993:84,True
3359,lihi1237,GB409_1,0,"The grammar says that Lihir evolved together with a language with ""ergative alignment"", but it does not specify how it has influence Lihir.",,False
3360,lihi1237,GB409_2,0,,,False
3361,lihi1237,GB409_3,0,,,False
3362,lihi1237,GB409_4,0,,,False
3363,lihi1237,GB409_5,0,,,False
3364,lihi1237,GB409_6,0,,,False
3365,lihi1237,GB409_7,0,,,False
3366,lihi1237,GB409_8,0,,,False
3367,lihi1237,GB409_9,0,,,False
3368,lihi1237,GB409_10,0,,,False
3369,lihi1237,GB409_11,0,,,False
3370,lihi1237,GB409_12,0,,,False
3371,lihi1237,GB409_13,0,,,False
3372,lihi1237,GB409_14,0,,,False
3373,lihi1237,GB409_15,0,,,False
3374,lihi1237,GB409_16,0,,,False
3375,lihi1237,GB409_17,0,,,False
3376,lihi1237,GB409_18,0,,,False
3377,lihi1237,GB409_19,0,,,False
3378,lihi1237,GB409_20,0,,,False
3379,lihi1237,GB409_21,0,,,False
3380,lihi1237,GB409_22,0,,,False
3381,lihi1237,GB409_23,0,,,False
3382,lihi1237,GB409_24,0,,,False
3383,liji1238,GB409_1,0,,,False
3384,liji1238,GB409_2,0,,,False
3385,liji1238,GB409_3,0,,,False
3386,liji1238,GB409_4,0,,,False
3387,liji1238,GB409_5,0,,,False
3388,liji1238,GB409_6,0,,,False
3389,liji1238,GB409_7,0,,,False
3390,liji1238,GB409_8,0,,,False
3391,liji1238,GB409_9,0,,,False
3392,liji1238,GB409_10,0,,,False
3393,liji1238,GB409_11,0,,,False
3394,liji1238,GB409_12,0,,,False
3395,liji1238,GB409_13,0,,,False
3396,liji1238,GB409_14,0,,,False
3397,liji1238,GB409_15,0,,,False
3398,liji1238,GB409_16,0,,,False
3399,liji1238,GB409_17,0,,,False
3400,liji1238,GB409_18,0,,,False
3401,liji1238,GB409_19,0,,,False
3402,liji1238,GB409_20,0,,,False
3403,liji1238,GB409_21,0,,,False
3404,liji1238,GB409_22,0,,,False
3405,liji1238,GB409_23,0,,,False
3406,liji1238,GB409_24,0,,,False
3407,limb1266,GB409_1,1,Only when the NP is definite.,Van Driem 1987:34,True
3408,limb1266,GB409_2,0,,Van Driem 1987:26,True
3409,limb1266,GB409_3,0,,Van Driem 1987:26,True
3410,limb1266,GB409_4,0,,Van Driem 1987:26,True
3411,limb1266,GB409_5,1,"Example ""The bull messed up the clay"".",Van Driem 1987:40,True
3412,limb1266,GB409_6,1,"Example ""The goat is eating"".",Van Driem 1987:39,True
3413,limb1266,GB409_7,1,"Example ""The bull messed up the clay"".",Van Driem 1987:40,True
3414,limb1266,GB409_8,1,"Example ""The bull messed up the clay"".",Van Driem 1987:40,True
3415,limb1266,GB409_9,1,"Example ""The chickens'll eat it"".",Direm 1987:40,True
3416,limb1266,GB409_10,1,"Example ""The bull messed up the clay"".",Van Driem 1987:40,True
3417,limb1266,GB409_11,1,Example 36,Van Driem 1987:37,True
3418,limb1266,GB409_12,1,"Example ""The bull messed up the clay"".",Van Driem 1987:40,True
3419,limb1266,GB409_13,1,"Example ""The chickens'll eat it"".",Direm 1987:40,True
3420,limb1266,GB409_14,1,"Example ""The bull messed up the clay"".",Van Driem 1987:40,True
3421,limb1266,GB409_15,1,"Example ""The cold has got to me"".",Van Driem 1987:40,True
3422,limb1266,GB409_16,1,,,True
3423,limb1266,GB409_17,1,,,True
3424,limb1266,GB409_18,1,"Example ""The bull messed up the clay"".",Van Driem 1987:40,True
3425,limb1266,GB409_19,1,"Example ""The clothes suited you"".",Van Driem 1987:40,True
3426,limb1266,GB409_20,1,"Example ""The bull messed up the clay"".",Van Driem 1987:40,True
3427,limb1266,GB409_21,1,"Example ""So when the man saw it […]""",Van Driem 1987:40,True
3428,limb1266,GB409_22,0,,,True
3429,limb1266,GB409_23,0,,,True
3430,limb1266,GB409_24,0,,,True
3431,limo1248,GB409_1,0,,,False
3432,limo1248,GB409_2,0,,,False
3433,limo1248,GB409_3,0,,,False
3434,limo1248,GB409_4,0,,,False
3435,limo1248,GB409_5,0,,,False
3436,limo1248,GB409_6,0,,,False
3437,limo1248,GB409_7,0,,,False
3438,limo1248,GB409_8,0,,,False
3439,limo1248,GB409_9,0,,,False
3440,limo1248,GB409_10,0,,,False
3441,limo1248,GB409_11,0,,,False
3442,limo1248,GB409_12,0,,,False
3443,limo1248,GB409_13,0,,,False
3444,limo1248,GB409_14,0,,,False
3445,limo1248,GB409_15,0,,,False
3446,limo1248,GB409_16,0,,,False
3447,limo1248,GB409_17,0,,,False
3448,limo1248,GB409_18,0,,,False
3449,limo1248,GB409_19,0,,,False
3450,limo1248,GB409_20,0,,,False
3451,limo1248,GB409_21,0,,,False
3452,limo1248,GB409_22,0,,,False
3453,limo1248,GB409_23,0,,,False
3454,limo1248,GB409_24,0,,,False
3455,lipo1242,GB409_1,1,It is optionally marked.,Yu 2007:178,True
3456,lipo1242,GB409_2,1,,Yu 2007:178,True
3457,lipo1242,GB409_3,1,,Yu 2007:178,True
3458,lipo1242,GB409_4,1,,Yu 2007:178,True
3459,lipo1242,GB409_5,1,,Yu 2007:178,True
3460,lipo1242,GB409_6,1,,Yu 2007:178,True
3461,lipo1242,GB409_7,1,,Yu 2007:178,True
3462,lipo1242,GB409_8,1,,Yu 2007:178,True
3463,lipo1242,GB409_9,1,,Yu 2007:178,True
3464,lipo1242,GB409_10,1,,Yu 2007:178,True
3465,lipo1242,GB409_11,1,,Yu 2007:178,True
3466,lipo1242,GB409_12,1,,Yu 2007:178,True
3467,lipo1242,GB409_13,1,,Yu 2007:178,True
3468,lipo1242,GB409_14,1,,Yu 2007:178,True
3469,lipo1242,GB409_15,1,,Yu 2007:178,True
3470,lipo1242,GB409_16,1,,Yu 2007:178,True
3471,lipo1242,GB409_17,1,,Yu 2007:178,True
3472,lipo1242,GB409_18,1,,Yu 2007:178,True
3473,lipo1242,GB409_19,1,,Yu 2007:178,True
3474,lipo1242,GB409_20,1,,Yu 2007:178,True
3475,lipo1242,GB409_21,1,,Yu 2007:178,True
3476,lipo1242,GB409_22,0,,,True
3477,lipo1242,GB409_23,0,,,True
3478,lipo1242,GB409_24,0,,,True
3479,lush1249,GB409_1,0,,Chhangte 1986:158-159,True
3480,lush1249,GB409_2,1,,Chhangte 1986:158-159,True
3481,lush1249,GB409_3,1,,Chhangte 1986:158-159,True
3482,lush1249,GB409_4,1,,Chhangte 1986:158-159,True
3483,lush1249,GB409_5,1,,Chhangte 1986:158-159,True
3484,lush1249,GB409_6,1,,Chhangte 1986:158-159,True
3485,lush1249,GB409_7,1,,Chhangte 1986:158-159,True
3486,lush1249,GB409_8,1,,Chhangte 1986:158-159,True
3487,lush1249,GB409_9,1,,Chhangte 1986:158-159,True
3488,lush1249,GB409_10,1,,Chhangte 1986:158-159,True
3489,lush1249,GB409_11,1,,Chhangte 1986:158-159,True
3490,lush1249,GB409_12,1,,Chhangte 1986:158-159,True
3491,lush1249,GB409_13,1,,Chhangte 1986:158-159,True
3492,lush1249,GB409_14,1,,Chhangte 1986:158-159,True
3493,lush1249,GB409_15,1,,Chhangte 1986:158-159,True
3494,lush1249,GB409_16,1,,Chhangte 1986:158-159,True
3495,lush1249,GB409_17,1,,Chhangte 1986:158-159,True
3496,lush1249,GB409_18,1,,Chhangte 1986:158-159,True
3497,lush1249,GB409_19,1,,Chhangte 1986:158-159,True
3498,lush1249,GB409_20,1,,Chhangte 1986:158-159,True
3499,lush1249,GB409_21,1,,Chhangte 1986:158-159,True
3500,lush1249,GB409_22,0,,,True
3501,lush1249,GB409_23,0,,,True
3502,lush1249,GB409_24,0,,,True
3503,lush1252,GB409_1,0,,,False
3504,lush1252,GB409_2,0,,,False
3505,lush1252,GB409_3,0,,,False
3506,lush1252,GB409_4,0,,,False
3507,lush1252,GB409_5,0,,,False
3508,lush1252,GB409_6,0,,,False
3509,lush1252,GB409_7,0,,,False
3510,lush1252,GB409_8,0,,,False
3511,lush1252,GB409_9,0,,,False
3512,lush1252,GB409_10,0,,,False
3513,lush1252,GB409_11,0,,,False
3514,lush1252,GB409_12,0,,,False
3515,lush1252,GB409_13,0,,,False
3516,lush1252,GB409_14,0,,,False
3517,lush1252,GB409_15,0,,,False
3518,lush1252,GB409_16,0,,,False
3519,lush1252,GB409_17,0,,,False
3520,lush1252,GB409_18,0,,,False
3521,lush1252,GB409_19,0,,,False
3522,lush1252,GB409_20,0,,,False
3523,lush1252,GB409_21,0,,,False
3524,lush1252,GB409_22,0,,,False
3525,lush1252,GB409_23,0,,,False
3526,lush1252,GB409_24,0,,,False
3527,macu1259,GB409_1,0,,,True
3528,macu1259,GB409_2,1,,Carson 1982:80,True
3529,macu1259,GB409_3,1,,Carson 1982:80,True
3530,macu1259,GB409_4,1,,Carson 1982:80,True
3531,macu1259,GB409_5,1,,Carson 1982:79,True
3532,macu1259,GB409_6,1,,Carson 1982:79,True
3533,macu1259,GB409_7,1,,Carson 1982:79,True
3534,macu1259,GB409_8,1,,Carson 1982:79,True
3535,macu1259,GB409_9,1,,Carson 1982:79,True
3536,macu1259,GB409_10,1,,Carson 1982:79,True
3537,macu1259,GB409_11,1,,Carson 1982:79,True
3538,macu1259,GB409_12,1,,Carson 1982:79,True
3539,macu1259,GB409_13,1,,Carson 1982:79,True
3540,macu1259,GB409_14,1,,Carson 1982:79,True
3541,macu1259,GB409_15,1,,Carson 1982:79,True
3542,macu1259,GB409_16,1,,Carson 1982:79,True
3543,macu1259,GB409_17,1,,Carson 1982:79,True
3544,macu1259,GB409_18,1,,Carson 1982:79,True
3545,macu1259,GB409_19,1,,Carson 1982:79,True
3546,macu1259,GB409_20,1,,Carson 1982:79,True
3547,macu1259,GB409_21,1,,Carson 1982:79,True
3548,macu1259,GB409_22,0,,,True
3549,macu1259,GB409_23,0,,,True
3550,macu1259,GB409_24,0,,,True
3551,madn1237,GB409_1,0,Example 23,Zandvoort 1999:42-43,True
3552,madn1237,GB409_2,?,,,True
3553,madn1237,GB409_3,?,,,True
3554,madn1237,GB409_4,?,,,True
3555,madn1237,GB409_5,1,Example 23,Zandvoort 1999:42-43,True
3556,madn1237,GB409_6,?,,,True
3557,madn1237,GB409_7,1,Example 23,Zandvoort 1999:42-43,True
3558,madn1237,GB409_8,1,Example 23,Zandvoort 1999:42-43,True
3559,madn1237,GB409_9,?,,,True
3560,madn1237,GB409_10,1,Example 23,Zandvoort 1999:42-43,True
3561,madn1237,GB409_11,?,,,True
3562,madn1237,GB409_12,1,Example 23,Zandvoort 1999:42-43,True
3563,madn1237,GB409_13,?,,,True
3564,madn1237,GB409_14,1,Example 23,Zandvoort 1999:42-43,True
3565,madn1237,GB409_15,?,,,True
3566,madn1237,GB409_16,?,,,True
3567,madn1237,GB409_17,?,,,True
3568,madn1237,GB409_18,1,Example 23,Zandvoort 1999:42-43,True
3569,madn1237,GB409_19,1,Example 23,Zandvoort 1999:42-43,True
3570,madn1237,GB409_20,1,Example 23,Zandvoort 1999:42-43,True
3571,madn1237,GB409_21,?,,,True
3572,madn1237,GB409_22,0,,,True
3573,madn1237,GB409_23,0,,,True
3574,madn1237,GB409_24,1,Zandvoort 1999:42,1,True
3575,maga1263,GB409_1,1,"Only pronouns are marked, so there is a different set of pronouns for ergative and another one for absolutive.",Kitano & Pangilinan 2003:172-174,True
3576,maga1263,GB409_2,1,"There is a set of possible forms for the absolutive first person pronoun, and one of them overlaps with one of the two ergative forms for the first person",Kitano & Pangilinan 2003:172-174,True
3577,maga1263,GB409_3,1,,Kitano & Pangilinan 2003:172-174,True
3578,maga1263,GB409_4,1,,Kitano & Pangilinan 2003:172-174,True
3579,maga1263,GB409_5,0,Example 174,Kitano & Pangilinan 2003:219,True
3580,maga1263,GB409_6,1,Example 144,Kitano & Pangilinan 2003:214,True
3581,maga1263,GB409_7,1,Example 6,Kitano & Pangilinan 2003:174,True
3582,maga1263,GB409_8,1,Example 18,Kitano & Pangilinan 2003:179,True
3583,maga1263,GB409_9,1,Example 6,Kitano & Pangilinan 2003:174,True
3584,maga1263,GB409_10,1,Example 6,Kitano & Pangilinan 2003:174,True
3585,maga1263,GB409_11,1,Example 140,Kitano & Pangilinan 2003:213,True
3586,maga1263,GB409_12,1,Example 6,Kitano & Pangilinan 2003:174,True
3587,maga1263,GB409_13,1,Example 132,Kitano & Pangilinan 2003:211,True
3588,maga1263,GB409_14,1,Example 128,Kitano & Pangilinan 2003:211,True
3589,maga1263,GB409_15,1,Example 6,Kitano & Pangilinan 2003:174,True
3590,maga1263,GB409_16,?,,,True
3591,maga1263,GB409_17,1,Example 6,Kitano & Pangilinan 2003:174,True
3592,maga1263,GB409_18,1,Example 6,Kitano & Pangilinan 2003:174,True
3593,maga1263,GB409_19,1,Example 132,Kitano & Pangilinan 2003:211,True
3594,maga1263,GB409_20,1,Example 6,Kitano & Pangilinan 2003:174,True
3595,maga1263,GB409_21,?,,,True
3596,maga1263,GB409_22,0,,,True
3597,maga1263,GB409_23,1,,Kitano & Pangilinan 2003:172,True
3598,maga1263,GB409_24,0,,,True
3599,mail1248,GB409_1,0,,Thomson 1975:610,True
3600,mail1248,GB409_2,1,,Thomson 1975:610,True
3601,mail1248,GB409_3,1,,Thomson 1975:610,True
3602,mail1248,GB409_4,1,,Thomson 1975:610,True
3603,mail1248,GB409_5,1,,Thomson 1975:610,True
3604,mail1248,GB409_6,1,,Thomson 1975:610,True
3605,mail1248,GB409_7,1,,Thomson 1975:610,True
3606,mail1248,GB409_8,1,,Thomson 1975:610,True
3607,mail1248,GB409_9,1,,Thomson 1975:610,True
3608,mail1248,GB409_10,1,,Thomson 1975:610,True
3609,mail1248,GB409_11,1,,Thomson 1975:610,True
3610,mail1248,GB409_12,1,,Thomson 1975:610,True
3611,mail1248,GB409_13,1,,Thomson 1975:610,True
3612,mail1248,GB409_14,1,,Thomson 1975:610,True
3613,mail1248,GB409_15,1,,Thomson 1975:610,True
3614,mail1248,GB409_16,1,,Thomson 1975:610,True
3615,mail1248,GB409_17,1,,Thomson 1975:610,True
3616,mail1248,GB409_18,1,,Thomson 1975:610,True
3617,mail1248,GB409_19,1,,Thomson 1975:610,True
3618,mail1248,GB409_20,1,,Thomson 1975:610,True
3619,mail1248,GB409_21,1,,Thomson 1975:610,True
3620,mail1248,GB409_22,0,,,True
3621,mail1248,GB409_23,0,,,True
3622,mail1248,GB409_24,0,,,True
3623,mais1250,GB409_1,1,,"Frampton 2020:12,37",True
3624,mais1250,GB409_2,1,,Frampton 2020:59-60,True
3625,mais1250,GB409_3,1,,Frampton 2020:59,True
3626,mais1250,GB409_4,1,,Frampton 2020:42,True
3627,mais1250,GB409_5,1,,"Frampton 2020:56,59",True
3628,mais1250,GB409_6,1,,"Frampton 2020:12,37,59-60",True
3629,mais1250,GB409_7,1,,"Frampton 2020:12,37,59-60",True
3630,mais1250,GB409_8,1,,"Frampton 2020:12,37,59-60",True
3631,mais1250,GB409_9,1,,"Frampton 2020:12,37,59-60",True
3632,mais1250,GB409_10,1,,"Frampton 2020:12,37,59-60",True
3633,mais1250,GB409_11,1,,Frampton 2020:59,True
3634,mais1250,GB409_12,1,,"Frampton 2020:12,37,59-60",True
3635,mais1250,GB409_13,1,,"Frampton 2020:12,37,59-60",True
3636,mais1250,GB409_14,1,,"Frampton 2020:12,37,59-60",True
3637,mais1250,GB409_15,1,,Frampton 2020:59,True
3638,mais1250,GB409_16,1,The morpheme =na marks a topicalised S/P; the morpheme =en marks the agent of a topicalised A or the agent in general,"Frampton 2020:12, 37, 59-60",True
3639,mais1250,GB409_17,1,The morpheme =na marks a topicalised S/P; the morpheme =en marks the agent of a topicalised A or the agent in general,"Frampton 2020:12, 37, 59-60",True
3640,mais1250,GB409_18,1,,Frampton 2020:59,True
3641,mais1250,GB409_19,1,,Frampton 2020:59,True
3642,mais1250,GB409_20,1,,"Frampton 2020:12,37,59-60",True
3643,mais1250,GB409_21,1,,"Frampton 2020:14,56",True
3644,mais1250,GB409_22,0,,Frampton 2020:59,True
3645,mais1250,GB409_23,0,,"Frampton 2020:35,59",True
3646,mais1250,GB409_24,1,"Only valid for the =en morpheme, the marker of A.",Frampton 2020:59-60,True
3647,mana1288,GB409_1,0,,Hildebrandt 2004:67,True
3648,mana1288,GB409_2,1,,,True
3649,mana1288,GB409_3,1,,,True
3650,mana1288,GB409_4,1,,,True
3651,mana1288,GB409_5,1,,,True
3652,mana1288,GB409_6,1,,Hildebrandt 2004:67-68,True
3653,mana1288,GB409_7,1,,Hildebrandt 2004:67,True
3654,mana1288,GB409_8,1,,,True
3655,mana1288,GB409_9,0,,Hildebrandt 2004:68,True
3656,mana1288,GB409_10,1,,,True
3657,mana1288,GB409_11,0,,Hildebrandt 2004:69-70,True
3658,mana1288,GB409_12,1,,,True
3659,mana1288,GB409_13,0,,Hildebrandt 2004:68,True
3660,mana1288,GB409_14,1,,,True
3661,mana1288,GB409_15,1,,,True
3662,mana1288,GB409_16,1,,,True
3663,mana1288,GB409_17,1,,,True
3664,mana1288,GB409_18,1,,,True
3665,mana1288,GB409_19,1,,,True
3666,mana1288,GB409_20,1,,,True
3667,mana1288,GB409_21,1,,,True
3668,mana1288,GB409_22,0,,,True
3669,mana1288,GB409_23,0,,,True
3670,mana1288,GB409_24,1,,Hildebrandt 2004:66,True
3671,mang1381,GB409_1,0,This is only valid for neuter nouns,Merlan 1989:57,True
3672,mang1381,GB409_2,0,,Merlan 1989:xii,True
3673,mang1381,GB409_3,0,,Merlan 1989:xii,True
3674,mang1381,GB409_4,0,,Merlan 1989:xii,True
3675,mang1381,GB409_5,1,"Only neuter nouns have ergative alignment; however, optionally S can have the same mark as A, making the system nominative-accusative",Merlan 1989:56-57,True
3676,mang1381,GB409_6,1,,,True
3677,mang1381,GB409_7,1,,,True
3678,mang1381,GB409_8,1,,,True
3679,mang1381,GB409_9,1,,,True
3680,mang1381,GB409_10,1,,,True
3681,mang1381,GB409_11,1,,,True
3682,mang1381,GB409_12,1,,,True
3683,mang1381,GB409_13,1,,,True
3684,mang1381,GB409_14,1,,,True
3685,mang1381,GB409_15,1,,,True
3686,mang1381,GB409_16,1,,,True
3687,mang1381,GB409_17,1,,,True
3688,mang1381,GB409_18,0,The neuter class of nouns groups all inanimate-like entities.,Merlan 1989:58,True
3689,mang1381,GB409_19,1,The neuter class of nouns groups all inanimate-like entities.,Merlan 1989:58,True
3690,mang1381,GB409_20,1,,,True
3691,mang1381,GB409_21,1,,,True
3692,mang1381,GB409_22,0,,,True
3693,mang1381,GB409_23,0,,,True
3694,mang1381,GB409_24,1,,Merlan 1989:57,True
3695,mang1405,GB409_1,0,,,True
3696,mang1405,GB409_2,0,,Semiun 1993:2-3,True
3697,mang1405,GB409_3,0,,Semiun 1993:2-3,True
3698,mang1405,GB409_4,0,,Semiun 1993:2-3,True
3699,mang1405,GB409_5,1,,Semiun 1993:2-3,True
3700,mang1405,GB409_6,1,,,True
3701,mang1405,GB409_7,1,,Semiun 1993:39,True
3702,mang1405,GB409_8,1,Example 190,Semiun 1993:54,True
3703,mang1405,GB409_9,1,Example 135,Semiun 1993:39,True
3704,mang1405,GB409_10,1,,Semiun 1993:2-3,True
3705,mang1405,GB409_11,1,Example 83,Semiun 1993:25,True
3706,mang1405,GB409_12,1,,Semiun 1993:2-3,True
3707,mang1405,GB409_13,1,Example 83,Semiun 1993:25,True
3708,mang1405,GB409_14,1,,Semiun 1993:2-3,True
3709,mang1405,GB409_15,1,"Example 192; although it is marked by the morpheme ""de"", and not ""le"", as has been the case for the rest of these.",Semiun 1993:56,True
3710,mang1405,GB409_16,1,,,True
3711,mang1405,GB409_17,1,,,True
3712,mang1405,GB409_18,1,Example 83,Semiun 1993:25,True
3713,mang1405,GB409_19,?,,,True
3714,mang1405,GB409_20,1,,Semiun 1993:2-3,True
3715,mang1405,GB409_21,1,,Semiun 1993:2-3,True
3716,mang1405,GB409_22,1,"It seems to be motivated by a passive construction, rather than true agent marking, as it competes with a parallel nominatve-accusative construction.",Semiun 1993:2-3,True
3717,mang1405,GB409_23,0,,,True
3718,mang1405,GB409_24,1,,Semiun 1993:6,True
3719,maor1246,GB409_1,0,"The patient in the contexts mentioned (1-7) is always marked as ""nominative"", and thus with a zero morpheme.",Harlow 2007:26-28,True
3720,maor1246,GB409_2,1,"Example ""So this is the man on account of whom we have come"".",Harlow 2007:119,True
3721,maor1246,GB409_3,?,,,True
3722,maor1246,GB409_4,?,,,True
3723,maor1246,GB409_5,1,Examples from all contexts (1-7),Harlow 2007:26-28,True
3724,maor1246,GB409_6,1,"Example ""Hēmi’s being killed by the enemy""",Harlow 2007:105,True
3725,maor1246,GB409_7,1,Examples from all contexts (1-7),Harlow 2007:26-28,True
3726,maor1246,GB409_8,1,Examples from all contexts (1-7),Harlow 2007:26-28,True
3727,maor1246,GB409_9,?,,,True
3728,maor1246,GB409_10,1,Examples from mosts contexts (1-7),Harlow 2007:26-28,True
3729,maor1246,GB409_11,1,Example from context (6),Harlow 2007:26-28,True
3730,maor1246,GB409_12,1,Examples from mosts contexts (1-7),Harlow 2007:26-28,True
3731,maor1246,GB409_13,1,Example from context (1),Harlow 2007:26-28,True
3732,maor1246,GB409_14,1,Examples from mosts contexts (1-7),Harlow 2007:26-28,True
3733,maor1246,GB409_15,?,,,True
3734,maor1246,GB409_16,1,Example from context (3),Harlow 2007:26-28,True
3735,maor1246,GB409_17,1,Examples from mosts contexts (1-7),Harlow 2007:26-28,True
3736,maor1246,GB409_18,1,Examples from all contexts (1-7),Harlow 2007:26-28,True
3737,maor1246,GB409_19,?,,,True
3738,maor1246,GB409_20,1,Examples from all contexts (1-7),Harlow 2007:26-28,True
3739,maor1246,GB409_21,1,"Example ""So this is the man on account of whom we have come"".",Harlow 2007:119,True
3740,maor1246,GB409_22,1,"There are seven contexts where Maori has ergative alingment in its marking: ""weak imperatives"", ""clefting with 'he mea'"", ""actor emphatic"", ""neuter verbs"" (aka statives), marking of subject in nominalizations, the question ""Ko wai e?"" and passive or ""transitive 2"" constructions.",Harlow 2007:26-28,True
3741,maor1246,GB409_23,1,"Context (3): ""Actor Emphasis"".",Harlow 2007:27,True
3742,maor1246,GB409_24,0,,,True
3743,mara1378,GB409_1,0,Animate P gets marked with the dative case.,Dhongde & Wali 2009:183-184,True
3744,mara1378,GB409_2,0,"First person pronouns ""act"" as if they were marked for ergativity, but they have the same form in the transitive and intransitive constructions. Also, there is a question as to what is the ""ERG"" form in p. 48.","Dhongde & Wali 2009:48, 182-183",True
3745,mara1378,GB409_3,0,"Second person pronouns ""act"" as if they were marked for ergativity, but they have the same form in the transitive and intransitive constructions. Also, there is a question as to what is the ""ERG"" form in p. 48.","Dhongde & Wali 2009:48, 182-183",True
3746,mara1378,GB409_4,1,,Dhongde & Wali 2009:49-50,True
3747,mara1378,GB409_5,1,Examples (9-10),Dhongde & Wali 2009:181,True
3748,mara1378,GB409_6,0,Examples (5-8),Dhongde & Wali 2009:180-181,True
3749,mara1378,GB409_7,1,"Examples (9-10), except when P is animate, as in (12).",Dhongde & Wali 2009:181,True
3750,mara1378,GB409_8,1,"Examples (9-10), except when P is animate, as in (12).",Dhongde & Wali 2009:181,True
3751,mara1378,GB409_9,0,Examples (5-8),Dhongde & Wali 2009:180-181,True
3752,mara1378,GB409_10,1,"Examples (9-10), except when P is animate, as in (12).",Dhongde & Wali 2009:181,True
3753,mara1378,GB409_11,?,,,True
3754,mara1378,GB409_12,1,"Examples (9-10), except when P is animate, as in (12).",Dhongde & Wali 2009:181,True
3755,mara1378,GB409_13,1,"Examples (13-14), except when P is animate, as in (15).",Dhongde & Wali 2009:181-182,True
3756,mara1378,GB409_14,1,"Examples (9-10), except when P is animate, as in (12).",Dhongde & Wali 2009:181,True
3757,mara1378,GB409_15,?,,,True
3758,mara1378,GB409_16,1,,,True
3759,mara1378,GB409_17,1,,,True
3760,mara1378,GB409_18,1,"Examples (9-10), except when P is animate, as in (12).",Dhongde & Wali 2009:181,True
3761,mara1378,GB409_19,1,"A gets flagged, but verb is intransitive.",Dhongde & Wali 2009:183-184,True
3762,mara1378,GB409_20,1,"Examples (9-10), except when P is animate, as in (12).",Dhongde & Wali 2009:181,True
3763,mara1378,GB409_21,?,,,True
3764,mara1378,GB409_22,0,,,True
3765,mara1378,GB409_23,0,,,True
3766,mara1378,GB409_24,1,,,True
3767,mara1379,GB409_1,0,,,False
3768,mara1379,GB409_2,0,,,False
3769,mara1379,GB409_3,0,,,False
3770,mara1379,GB409_4,0,,,False
3771,mara1379,GB409_5,0,,,False
3772,mara1379,GB409_6,0,,,False
3773,mara1379,GB409_7,0,,,False
3774,mara1379,GB409_8,0,,,False
3775,mara1379,GB409_9,0,,,False
3776,mara1379,GB409_10,0,,,False
3777,mara1379,GB409_11,0,,,False
3778,mara1379,GB409_12,0,,,False
3779,mara1379,GB409_13,0,,,False
3780,mara1379,GB409_14,0,,,False
3781,mara1379,GB409_15,0,,,False
3782,mara1379,GB409_16,0,,,False
3783,mara1379,GB409_17,0,,,False
3784,mara1379,GB409_18,0,,,False
3785,mara1379,GB409_19,0,,,False
3786,mara1379,GB409_20,0,,,False
3787,mara1379,GB409_21,0,,,False
3788,mara1379,GB409_22,0,,,False
3789,mara1379,GB409_23,0,,,False
3790,mara1379,GB409_24,0,,,False
3791,mara1404,GB409_1,0,,,False
3792,mara1404,GB409_2,0,,,False
3793,mara1404,GB409_3,0,,,False
3794,mara1404,GB409_4,0,,,False
3795,mara1404,GB409_5,0,,,False
3796,mara1404,GB409_6,0,,,False
3797,mara1404,GB409_7,0,,,False
3798,mara1404,GB409_8,0,,,False
3799,mara1404,GB409_9,0,,,False
3800,mara1404,GB409_10,0,,,False
3801,mara1404,GB409_11,0,,,False
3802,mara1404,GB409_12,0,,,False
3803,mara1404,GB409_13,0,,,False
3804,mara1404,GB409_14,0,,,False
3805,mara1404,GB409_15,0,,,False
3806,mara1404,GB409_16,0,,,False
3807,mara1404,GB409_17,0,,,False
3808,mara1404,GB409_18,0,,,False
3809,mara1404,GB409_19,0,,,False
3810,mara1404,GB409_20,0,,,False
3811,mara1404,GB409_21,0,,,False
3812,mara1404,GB409_22,0,,,False
3813,mara1404,GB409_23,0,,,False
3814,mara1404,GB409_24,0,,,False
3815,marg1253,GB409_1,0,,Breen 1981:306,True
3816,marg1253,GB409_2,0,,Breen 1981:307,True
3817,marg1253,GB409_3,0,,Breen 1981:307,True
3818,marg1253,GB409_4,0,,Breen 1981:307,True
3819,marg1253,GB409_5,1,,Breen 1981:307,True
3820,marg1253,GB409_6,1,Example 60,Breen 1981:316,True
3821,marg1253,GB409_7,1,Example 10M,Breen 1981:307,True
3822,marg1253,GB409_8,1,Example 10M,Breen 1981:307,True
3823,marg1253,GB409_9,1,Example 60,Breen 1981:316,True
3824,marg1253,GB409_10,1,Example 10M,Breen 1981:307,True
3825,marg1253,GB409_11,1,Example 23M,Breen 1981:308,True
3826,marg1253,GB409_12,1,Example 10M,Breen 1981:307,True
3827,marg1253,GB409_13,1,Example 23M,Breen 1981:308,True
3828,marg1253,GB409_14,1,Example 10M,Breen 1981:307,True
3829,marg1253,GB409_15,1,Example 217,Breen 1981:337,True
3830,marg1253,GB409_16,1,,,True
3831,marg1253,GB409_17,1,,,True
3832,marg1253,GB409_18,1,Example 10M,Breen 1981:307,True
3833,marg1253,GB409_19,?,,,True
3834,marg1253,GB409_20,1,Example 10M,Breen 1981:307,True
3835,marg1253,GB409_21,?,,,True
3836,marg1253,GB409_22,0,,,True
3837,marg1253,GB409_23,0,,,True
3838,marg1253,GB409_24,1,,Breen 1981:307,True
3839,mari1416,GB409_1,1,,Kanshouwa 2016:100-101,True
3840,mari1416,GB409_2,1,Example 54,Kanshouwa 2016:100,True
3841,mari1416,GB409_3,1,Example 101,Kanshouwa 2016:317,True
3842,mari1416,GB409_4,1,Example 75,Kanshouwa 2016:104,True
3843,mari1416,GB409_5,1,Example 55,Kanshouwa 2016:100,True
3844,mari1416,GB409_6,1,Example 65,Kanshouwa 2016:102,True
3845,mari1416,GB409_7,1,Example 59,Kanshouwa 2016:101,True
3846,mari1416,GB409_8,1,Example 59,Kanshouwa 2016:101,True
3847,mari1416,GB409_9,1,Example 65,Kanshouwa 2016:102,True
3848,mari1416,GB409_10,1,Example 59,Kanshouwa 2016:101,True
3849,mari1416,GB409_11,1,Example 250,Kanshouwa 2016:145,True
3850,mari1416,GB409_12,1,Example 59,Kanshouwa 2016:101,True
3851,mari1416,GB409_13,1,"Example 170, 172",Kanshouwa 2016:254,True
3852,mari1416,GB409_14,1,Example 59,Kanshouwa 2016:101,True
3853,mari1416,GB409_15,0,"Example 58; this is but one example, check Example 65 in p. 102 for a non-agentive A which is marked with the ergative case.",Kanshouwa 2016:101,True
3854,mari1416,GB409_16,0,Example 62,Kanshouwa 2016:309-319,True
3855,mari1416,GB409_17,1,,,True
3856,mari1416,GB409_18,1,Example 59,Kanshouwa 2016:101,True
3857,mari1416,GB409_19,?,Example 29,Kanshouwa 2016:181,True
3858,mari1416,GB409_20,1,Example 59,Kanshouwa 2016:101,True
3859,mari1416,GB409_21,1,,Kanshouwa 2016:272-75,True
3860,mari1416,GB409_22,0,,,True
3861,mari1416,GB409_23,0,,,True
3862,mari1416,GB409_24,1,,Kanshouwa 2016:101,True
3863,mari1424,GB409_1,0,,,True
3864,mari1424,GB409_2,1,Example 2-137,Green 1989:57,True
3865,mari1424,GB409_3,1,,,True
3866,mari1424,GB409_4,1,Example 2-107,Green 1989:50,True
3867,mari1424,GB409_5,1,Example 2-106,Green 1989:50,True
3868,mari1424,GB409_6,1,Example 3-56a,Green 1989:90,True
3869,mari1424,GB409_7,1,Example 2-106,Green 1989:50,True
3870,mari1424,GB409_8,1,Example 2-107,Green 1989:50,True
3871,mari1424,GB409_9,1,Example 2-124,Green 1989:54,True
3872,mari1424,GB409_10,1,Example 2-107,Green 1989:50,True
3873,mari1424,GB409_11,1,Example 4-148b,Green 1989:201,True
3874,mari1424,GB409_12,1,Example 2-106,Green 1989:50,True
3875,mari1424,GB409_13,1,Example 2-124,Green 1989:54,True
3876,mari1424,GB409_14,1,Example 2-107,Green 1989:50,True
3877,mari1424,GB409_15,1,Example 2-106,Green 1989:50,True
3878,mari1424,GB409_16,1,Example 2-108,Green 1989:50,True
3879,mari1424,GB409_17,1,,,True
3880,mari1424,GB409_18,1,Example 2-107,Green 1989:50,True
3881,mari1424,GB409_19,1,Example 2-106,Green 1989:50,True
3882,mari1424,GB409_20,1,Example 2-107,Green 1989:50,True
3883,mari1424,GB409_21,1,,,True
3884,mari1424,GB409_22,1,"There are three ergative-case markers: -gin, -wurri and -nganan. The first one marks a ""pragmatically marked"" A, that is, an unsual or unexpected A. The second one marks an A in the context of a verb than involves some kind of transfer from A to P; sometimes, it marks the ""culprit"" of the action. The last marks that A performed the action under their own volition.",Green 1989:49-53,True
3885,mari1424,GB409_23,0,,,True
3886,mari1424,GB409_24,1,,Green 1989:48,True
3887,masb1238,GB409_1,1,,"Rosero 2014:43-44, 74",True
3888,masb1238,GB409_2,1,,Rosero 2014:69,True
3889,masb1238,GB409_3,1,,Rosero 2014:69,True
3890,masb1238,GB409_4,1,,Rosero 2014:69,True
3891,masb1238,GB409_5,1,Examples (15-16),Rosero 2014:44,True
3892,masb1238,GB409_6,1,Example 49,Rosero 2014:56,True
3893,masb1238,GB409_7,1,Examples (15-16),Rosero 2014:44,True
3894,masb1238,GB409_8,1,Examples (15-16),Rosero 2014:44,True
3895,masb1238,GB409_9,1,Example (125a),Rosero 2014:69,True
3896,masb1238,GB409_10,1,Examples (15-16),Rosero 2014:44,True
3897,masb1238,GB409_11,1,Example 62,Rosero 2014:106,True
3898,masb1238,GB409_12,1,Examples (15-16),Rosero 2014:44,True
3899,masb1238,GB409_13,1,Example (125a),Rosero 2014:69,True
3900,masb1238,GB409_14,1,Examples (15-16),Rosero 2014:44,True
3901,masb1238,GB409_15,1,Example 90,Rosero 2014:564,True
3902,masb1238,GB409_16,1,,,True
3903,masb1238,GB409_17,1,,,True
3904,masb1238,GB409_18,1,Examples (15-16),Rosero 2014:44,True
3905,masb1238,GB409_19,1,Example 115,Rosero 2014:66,True
3906,masb1238,GB409_20,1,Examples (15-16),Rosero 2014:44,True
3907,masb1238,GB409_21,1,Example 181,Rosero 2014:85,True
3908,masb1238,GB409_22,0,,,True
3909,masb1238,GB409_23,1,Examples (127-128),Rosero 2014:69-70,True
3910,masb1238,GB409_24,0,,,True
3911,mati1255,GB409_1,0,Absolutive is unmarked (-Ø) in Matis. Both S and O bear no case marker. Ergative A is marked with -n.,,True
3912,mati1255,GB409_2,1,"Matis 1st person singular pronouns follow ergative alignment: A=embi, S/O=ebi. The 1+2 inclusive nuki/muki is neutral (invariant).",,True
3913,mati1255,GB409_3,0,"Matis 2nd person singular follows ergative alignment (A=mimbi, S/O=mibi), but 2nd person plural follows ACCUSATIVE alignment: mikui in A/S position, mitso in O position. So there is a singular/plural split: singular=ergative, plural=accusative.",,True
3914,mati1255,GB409_4,0,"Matis 3rd person singular non-emphatic is Ø (neutral). 3rd person plural non-emphatic: Ø in A/S, ato in O — accusative alignment. 4th person (emphatic/coreferential): akui in A/S, ato in O — accusative alignment. Overall, 3rd person pronouns do NOT follow ergative alignment.",,True
3915,mati1255,GB409_5,1,"Full NPs in Matis follow strict ergative-absolutive case marking: A marked with -n (ERG), S and O unmarked (-Ø, ABS). See ex. (1a,b): dëndu-n 'electric.eel-ERG', tumi-Ø 'man's.name-ABS'.",,True
3916,mati1255,GB409_6,1,"No aspect-based split documented. Fleck explicitly states: 'there are no typical split alignment systems in Mayoruna languages, such as splits conditioned by tense/aspect/mood' (p. 35). Ergative alignment applies regardless of aspect.",,True
3917,mati1255,GB409_7,1,No aspect-based split documented. Ergative alignment applies in perfective contexts. Ex. (1a) uses immediate past inflection with ergative A.,,True
3918,mati1255,GB409_8,1,No tense-based split documented. Ergative alignment applies in past tense. Ex. (1a): dëndu-n tumi-Ø pëdka-a-sh 'electric.eel-ERG man's.name-ABS shock-IMM.PAST-3'.,,True
3919,mati1255,GB409_9,1,No tense-based split documented. Ergative alignment applies in non-past. Ex. (25a): ëmbi du-Ø pe-e-k '1ERG howler.monkey-ABS eat-NPAST-INDIC'.,,True
3920,mati1255,GB409_10,1,No mood-based split documented. Ergative alignment applies in indicative mood.,,True
3921,mati1255,GB409_11,1,No mood-based split documented. Ergative alignment applies in non-indicative moods.,,True
3922,mati1255,GB409_12,1,No realis/irrealis split documented. Ergative alignment applies in realis contexts.,,True
3923,mati1255,GB409_13,1,No realis/irrealis split documented. Ergative alignment applies in irrealis contexts.,,True
3924,mati1255,GB409_14,1,"No agentivity-based split documented. Ergative alignment applies with agentive A. Extended intransitive verbs (§4) are an exception at the verb-class level, not agentivity-based.",,True
3925,mati1255,GB409_15,1,"Psych-verbs and experiencer verbs in Matis are treated as transitive with the Experiencer in ergative case (p. 48). E.g. dais 'desire, covet' takes ERG Experiencer. Ergative applies with non-agentive A.",,True
3926,mati1255,GB409_16,1,No topicality-based split documented. Ergative alignment applies regardless of topicality of A.,,True
3927,mati1255,GB409_17,1,No topicality-based split documented. Ergative alignment applies regardless of topicality of A.,,True
3928,mati1255,GB409_18,1,No animacy-based split documented. Ergative alignment applies with animate A.,,True
3929,mati1255,GB409_19,1,No animacy-based split documented. Ergative alignment applies with inanimate A.,,True
3930,mati1255,GB409_20,1,Ergative alignment is documented in main clauses. This is the primary context described.,,True
3931,mati1255,GB409_21,1,Ergative alignment has been extended to reanalyzed negative constructions (§6.1) AND abilitative constructions (§6.2) in Matis. Ex. (25b): ëmbi du-Ø pe-emen(-pa) ik-e-k '1ERG howler.monkey-ABS eat-NEG AUX-NPAST-INDIC'. Ex. (31b): dabi-n du-Ø pe-tepad 'David-ERG howler.monkey-ABS eat-ABIL'. Matis is further along in ergativizing these constructions than Matses.,,True
3932,mati1255,GB409_22,1,"Yes, two conditioning factors: (1) VERB CLASS: extended intransitive verbs (bëama 'forget', cho 'have') take two ABS arguments. (2) NOMINAL CLASS/NUMBER: singular pronouns (1sg, 2sg, 3sg emphatic) are ergative; 1+2 inclusive nuki/muki is neutral; 2pl and 3pl pronouns follow ACCUSATIVE alignment (mikui/miki in A/S, mitso in O; akui in A/S, ato in O). This is a three-way ergative-neutral-accusative split in the pronoun system.",,True
3933,mati1255,GB409_23,1,"Yes. On full nouns, ergative case is marked identically to genitive and instrumental: -n (with allomorph -ën after consonants). Note: on pronouns, ergative and genitive differ in form (e.g. 1sg ERG=embi, GEN=nukun).",,True
3934,mati1255,GB409_24,1,"Yes for instrumental: on full nouns, ergative and instrumental are both marked with -n. Comitative is expressed by a distinct postposition: -bëd 'Comitative' (p. 37). So: ergative = instrumental (same marker -n), but ergative ≠ comitative.",,True
3935,mats1244,GB409_1,0,Absolutive is unmarked (-Ø) in Matses. Both S and O bear no case marker. Ergative A is marked with -n.,,True
3936,mats1244,GB409_2,1,"Matses 1st person singular pronouns follow ergative alignment: A=umbi/embi, S/O=ubi/ebi. The 1+2 inclusive nuki is neutral (invariant). Archaic 2pl forms are also neutral. Overall, singular pronouns are ergative.",,True
3937,mats1244,GB409_3,1,"Matses 2nd person singular (and plural, which has merged with singular) follows ergative alignment: A=mimbi, S/O=mibi. Archaic 2pl forms (miki, mitso) are neutral. The productive 2nd person form is ergative.",,True
3938,mats1244,GB409_4,1,Matses 3rd person anaphora is Ø (zero) in all positions — effectively neutral/ergative since there is no distinct accusative form. The archaic 3pl ato is reported by some speakers but its alignment is uncertain. The 4th person (coreferential) ambi/abi follows ergative alignment.,,True
3939,mats1244,GB409_5,1,"Full NPs in Matses follow strict ergative-absolutive case marking: A marked with -n (ERG), S and O unmarked (-Ø, ABS). See ex. (2a,b): [dada iksa]-n 'bad man-ERG'.",,True
3940,mats1244,GB409_6,1,"No aspect-based split is documented for Matses. Fleck explicitly states: 'there are no typical split alignment systems in Mayoruna languages, such as splits conditioned by tense/aspect/mood' (p. 35). Ergative alignment applies regardless of aspect.",,True
3941,mats1244,GB409_7,1,No aspect-based split documented. Ergative alignment on full NPs applies in perfective contexts. See ex. (2a): kues-o-sh 'hit-REC.PAST-3' with ergative A.,,True
3942,mats1244,GB409_8,1,No tense-based split documented. Ergative alignment applies in past tense. Ex. (2a) uses recent past inflection with ergative A.,,True
3943,mats1244,GB409_9,1,No tense-based split documented. Ergative alignment applies in non-past. Ex. (14b): debi-n mibi bun-e-k 'Davy-ERG 2ABS like-NPAST-INDIC'.,,True
3944,mats1244,GB409_10,1,No mood-based split documented. Ergative alignment applies in indicative mood.,,True
3945,mats1244,GB409_11,1,No mood-based split documented. Ergative alignment applies in non-indicative moods.,,True
3946,mats1244,GB409_12,1,No realis/irrealis split documented. Ergative alignment applies in realis contexts.,,True
3947,mats1244,GB409_13,1,No realis/irrealis split documented. Ergative alignment applies in irrealis contexts.,,True
3948,mats1244,GB409_14,1,"No agentivity-based split documented. Ergative alignment applies with agentive A. Note: extended intransitive verbs (§4) are an exception where both arguments are ABS, but this is a verb-class-based phenomenon, not agentivity-based.",,True
3949,mats1244,GB409_15,1,No agentivity-based split documented. Psych-verbs and experiencer verbs in Matses are treated as transitive with the Experiencer in ergative case (p. 48). Ergative applies with non-agentive A.,,True
3950,mats1244,GB409_16,1,No topicality-based split documented. Ergative alignment applies regardless of topicality of A.,,True
3951,mats1244,GB409_17,1,No topicality-based split documented. Ergative alignment applies regardless of topicality of A.,,True
3952,mats1244,GB409_18,1,No animacy-based split documented. Ergative alignment applies with animate A.,,True
3953,mats1244,GB409_19,1,"No animacy-based split documented for basic transitive clauses. Note: ex. (14d) shows that the ergative marker CANNOT be used with inanimate A in extended intransitive (bun) clauses, but this is specific to that verb class, not a general split.",,True
3954,mats1244,GB409_20,1,Ergative alignment is documented in main clauses. This is the primary context described.,,True
3955,mats1244,GB409_21,1,Ergative alignment has been extended to reanalyzed negative constructions (§6.1). Ex. (27b): tumi-n pe-enkio ik-o-sh 'man's.name-ERG eat-NEG AUX-PAST-3'. Ergative applies in non-main/subordinate clauses.,,True
3956,mats1244,GB409_22,1,"Yes, two conditioning factors: (1) VERB CLASS: extended intransitive verbs (bun 'want/like', bëshun 'forget', kudas 'not share') take two ABS arguments instead of ERG+ABS. (2) NOMINAL CLASS: singular pronouns are ergative; 1+2 inclusive nuki is neutral (invariant); archaic 2pl forms are neutral. Full NPs are consistently ergative.",,True
3957,mats1244,GB409_23,1,"Yes. On full nouns, ergative case is marked identically to genitive and instrumental: -n (with allomorph -ën after consonants). See ex. (2a): tumi-n opa 'Tumi-GEN dog' vs. dada iksa-n 'bad man-ERG'. Note: on pronouns, ergative and genitive differ in form.",,True
3958,mats1244,GB409_24,1,"Yes for instrumental: on full nouns, ergative and instrumental are both marked with -n. See ex. (2a): kueste-n 'stick-INST'. Comitative is expressed by a distinct postposition: -bëd 'Comitative' (p. 37). So: ergative = instrumental (same marker -n), but ergative ≠ comitative.",,True
3959,maxa1247,GB409_1,0,,Campos 2009:158-167,True
3960,maxa1247,GB409_2,1,,Campos 2009:158-167,True
3961,maxa1247,GB409_3,1,,Campos 2009:158-167,True
3962,maxa1247,GB409_4,1,,Campos 2009:158-167,True
3963,maxa1247,GB409_5,1,,Campos 2009:158-167,True
3964,maxa1247,GB409_6,1,,Campos 2009:158-167,True
3965,maxa1247,GB409_7,1,,Campos 2009:158-167,True
3966,maxa1247,GB409_8,1,,Campos 2009:158-167,True
3967,maxa1247,GB409_9,1,,Campos 2009:158-167,True
3968,maxa1247,GB409_10,1,,Campos 2009:158-167,True
3969,maxa1247,GB409_11,1,,Campos 2009:158-167,True
3970,maxa1247,GB409_12,1,,Campos 2009:158-167,True
3971,maxa1247,GB409_13,1,,Campos 2009:158-167,True
3972,maxa1247,GB409_14,1,,Campos 2009:158-167,True
3973,maxa1247,GB409_15,0,,Campos 2009:158-167,True
3974,maxa1247,GB409_16,0,,Campos 2009:158-167,True
3975,maxa1247,GB409_17,0,,Campos 2009:158-167,True
3976,maxa1247,GB409_18,1,,Campos 2009:158-167,True
3977,maxa1247,GB409_19,1,,Campos 2009:158-167,True
3978,maxa1247,GB409_20,1,,Campos 2009:158-167,True
3979,maxa1247,GB409_21,0,,Campos 2009:158-167,True
3980,maxa1247,GB409_22,0,,Campos 2009:158-167,True
3981,maxa1247,GB409_23,0,,Campos 2009:158-167,True
3982,maxa1247,GB409_24,0,,Campos 2009:158-167,True
3983,mayk1239,GB409_1,0,,Breen 1981:39-40,True
3984,mayk1239,GB409_2,0,,Breen 1981:46,True
3985,mayk1239,GB409_3,0,,Breen 1981:46,True
3986,mayk1239,GB409_4,0,,Breen 1981:46,True
3987,mayk1239,GB409_5,1,Example 22,Breen 1981:38,True
3988,mayk1239,GB409_6,1,Example 22,Breen 1981:38,True
3989,mayk1239,GB409_7,1,Example 25,Breen 1981:39,True
3990,mayk1239,GB409_8,1,Example 25,Breen 1981:39,True
3991,mayk1239,GB409_9,1,Example 22,Breen 1981:38,True
3992,mayk1239,GB409_10,1,Example 22,Breen 1981:38,True
3993,mayk1239,GB409_11,?,,,True
3994,mayk1239,GB409_12,1,Example 22,Breen 1981:38,True
3995,mayk1239,GB409_13,1,Example 23,Breen 1981:38,True
3996,mayk1239,GB409_14,1,Example 22,Breen 1981:38,True
3997,mayk1239,GB409_15,1,Example 34,Breen 1981:42,True
3998,mayk1239,GB409_16,1,,,True
3999,mayk1239,GB409_17,1,,,True
4000,mayk1239,GB409_18,1,Example 22,Breen 1981:38,True
4001,mayk1239,GB409_19,1,Example 34,Breen 1981:42,True
4002,mayk1239,GB409_20,1,Example 22,Breen 1981:38,True
4003,mayk1239,GB409_21,?,,,True
4004,mayk1239,GB409_22,0,,,True
4005,mayk1239,GB409_23,0,,,True
4006,mayk1239,GB409_24,1,,Breen 1981:40,True
4007,melp1238,GB409_1,0,"S and P are marked null, A is marked by -(e)nt",,True
4008,melp1238,GB409_2,1,Person pronuns in general can be marked by A,,True
4009,melp1238,GB409_3,1,Person pronuns in general can be marked by A.,,True
4010,melp1238,GB409_4,1,Person pronuns in general can be marked by A,,True
4011,melp1238,GB409_5,1,"It is not said, but can be found in the example 13 (a) and (b).",,True
4012,melp1238,GB409_6,1,"It is not said, but can be found in the example 13 (a).",,True
4013,melp1238,GB409_7,1,"It is not said, but can be found in the example 13 (b).",,True
4014,melp1238,GB409_8,1,"It is not said, but can be found in the example 12.",,True
4015,melp1238,GB409_9,1,"As ""proximal temporal relation also encode events
that take place exactly at the moment of speaking"" see in 41(c) a example of non-past tense.",,True
4016,melp1238,GB409_10,1,,,True
4017,melp1238,GB409_11,1,,,True
4018,melp1238,GB409_12,1,Realis is the unmarked option,,True
4019,melp1238,GB409_13,?,No examples founds.,,True
4020,melp1238,GB409_14,1,The mark for A was most often found in sentences with an unusual order of A and P.,,True
4021,melp1238,GB409_15,?,No examples founds.,,True
4022,melp1238,GB409_16,?,"The author suggests that the marking of agenthood is possible due to topic considerations, but there is no further information related to this.",,True
4023,melp1238,GB409_17,?,"The author suggests that the marking of agenthood is possible due to topic considerations, but there is no further information related to this.",,True
4024,melp1238,GB409_18,1,,,True
4025,melp1238,GB409_19,1,,,True
4026,melp1238,GB409_20,1,,,True
4027,melp1238,GB409_21,?,No explicit information found.,,True
4028,melp1238,GB409_22,1,"""This was most often found in sentences with an unusual order of agent and
patient.""",,True
4029,melp1238,GB409_23,?,,,True
4030,melp1238,GB409_24,1,"Instrumental is marked by (e)nt, commitative by ken",,True
4031,mono1273,GB409_1,1,If the patient precedes the verb the ga particle do not appear.,,True
4032,mono1273,GB409_2,1,"It is possible in bound personal pronouns: 1EXCL SG, 1EXCL PL and 1INCL PL,but no in 1INCL SG. It can also appear in independent pronouns when the absolutive argument is in focus.",,True
4033,mono1273,GB409_3,1,It is possible in bound personal pronouns. It can also appear in independent pronouns when the absolutive argument is in focus.,,True
4034,mono1273,GB409_4,1,"There is not personal pronuons of third person, but the language use demostrative forms instead and they do accept the ergative marking ga.",,True
4035,mono1273,GB409_5,1,,,True
4036,mono1273,GB409_6,1,"Found in examples (1634), (1649), (1659) and others.",,True
4037,mono1273,GB409_7,?,Only imperfective is marked.,,True
4038,mono1273,GB409_8,0,Tense is not marked.,,True
4039,mono1273,GB409_9,0,Tense is not marked.,,True
4040,mono1273,GB409_10,?,"There is not indicative mood in the language, the mood is described as realis, irrealis and counterfactual.",,True
4041,mono1273,GB409_11,?,"There is not indicative mood in the language, the mood is described as realis, irrealis and counterfactual.",,True
4042,mono1273,GB409_12,1,"Found in examples (1624), (1635), (1640) and others.",,True
4043,mono1273,GB409_13,1,"Found in examples (1647), (1685) and others.",,True
4044,mono1273,GB409_14,1,"Found in examples (914), (928), (954) and others.",,True
4045,mono1273,GB409_15,?,,,True
4046,mono1273,GB409_16,?,,,True
4047,mono1273,GB409_17,?,,,True
4048,mono1273,GB409_18,1,"Found in examples (914), (928), (954) and others.",,True
4049,mono1273,GB409_19,?,,,True
4050,mono1273,GB409_20,1,,,True
4051,mono1273,GB409_21,1,Complements of ga coreferent with a transitive subject are ungrammatical but cleft sentences and relative clauses can include ga.,,True
4052,mono1273,GB409_22,1,The ga particle can not precede the predicate.,,True
4053,mono1273,GB409_23,0,There is not reference to genitive but to possesion.,,True
4054,mono1273,GB409_24,0,Instrumental is marked by ena,,True
4055,moro1289,GB409_1,1,The absolutive mark is =i,,True
4056,moro1289,GB409_2,1,"Found in examples 3(a), 5(b), 6(c).",,True
4057,moro1289,GB409_3,1,,,True
4058,moro1289,GB409_4,1,,,True
4059,moro1289,GB409_5,1,"Found in examples 1(a), 5(a), 6.",,True
4060,moro1289,GB409_6,1,,,True
4061,moro1289,GB409_7,1,,,True
4062,moro1289,GB409_8,1,"Found in examples 1, 3, 5 and others.",,True
4063,moro1289,GB409_9,1,,,True
4064,moro1289,GB409_10,1,,,True
4065,moro1289,GB409_11,?,,,True
4066,moro1289,GB409_12,1,,,True
4067,moro1289,GB409_13,?,,,True
4068,moro1289,GB409_14,1,,,True
4069,moro1289,GB409_15,?,,,True
4070,moro1289,GB409_16,?,,,True
4071,moro1289,GB409_17,?,,,True
4072,moro1289,GB409_18,?,,,True
4073,moro1289,GB409_19,?,,,True
4074,moro1289,GB409_20,1,Found in examples.,,True
4075,moro1289,GB409_21,?,,,True
4076,moro1289,GB409_22,1,"The patientive S of motion predicate do not receives =i, instead, receives suffix agreement.",,True
4077,moro1289,GB409_23,0,,,True
4078,moro1289,GB409_24,0,,,True
4079,munc1235,GB409_1,0,,,True
4080,munc1235,GB409_2,1,"The source says: ""the K’Chò 1st and 2nd person verbal indexations, show nominative-accusative."" but in flagging is ergative alignment.",,True
4081,munc1235,GB409_3,1,,,True
4082,munc1235,GB409_4,?,"It is possible to assume that due the previous note, but it is not stated in the source, nor can any examples be found.",,True
4083,munc1235,GB409_5,1,,,True
4084,munc1235,GB409_6,?,"There is no mention in the source of “imperfective aspect,” only the distinction of No-Future.",,True
4085,munc1235,GB409_7,?,"There is no mention in the source of “perfective aspect,” only the distinction of No-Future.",,True
4086,munc1235,GB409_8,1,"Found in examples (5), (6), (8) and others.",,True
4087,munc1235,GB409_9,1,Found in examples (101) and others.,,True
4088,munc1235,GB409_10,?,"There is no explicit mention or examples found, but can me assumed.",,True
4089,munc1235,GB409_11,?,There is no explicit mention or examples found.,,True
4090,munc1235,GB409_12,?,There is no explicit mention or examples found.,,True
4091,munc1235,GB409_13,1,Found in examples (101) and others.,,True
4092,munc1235,GB409_14,1,,,True
4093,munc1235,GB409_15,1,Found in example (67)b.,,True
4094,munc1235,GB409_16,0,Found in example (113)c.,,True
4095,munc1235,GB409_17,1,Found in example (113).,,True
4096,munc1235,GB409_18,1,,,True
4097,munc1235,GB409_19,1,Found in example (67)b.,,True
4098,munc1235,GB409_20,1,,,True
4099,munc1235,GB409_21,1,,,True
4100,munc1235,GB409_22,?,,,True
4101,munc1235,GB409_23,0,,,True
4102,munc1235,GB409_24,0,,,True
4103,muru1266,GB409_1,0,,,True
4104,muru1266,GB409_2,1,"The pronominal system is nominative-accusative, but the first, second and third person singular free pronouns and the first and third person singular bound pronouns follow the ergative-absolutive pattern as well as the nominative-accusative.",,True
4105,muru1266,GB409_3,1,"The pronominal system is nominative-accusative, but the first, second and third person singular free pronouns and the first and third person singular bound pronouns follow the ergative-absolutive pattern as well as the nominative-accusative.",,True
4106,muru1266,GB409_4,1,"The pronominal system is nominative-accusative, but the first, second and third person singular free pronouns and the first and third person singular bound pronouns follow the ergative-absolutive pattern as well as the nominative-accusative.",,True
4107,muru1266,GB409_5,1,,,True
4108,muru1266,GB409_6,?,,,True
4109,muru1266,GB409_7,1,Found in example 29 and others.,,True
4110,muru1266,GB409_8,1,Found in example 3.8. and others.,,True
4111,muru1266,GB409_9,1,Found in example 3.12. and others.,,True
4112,muru1266,GB409_10,?,"It is possible to assume, but it is not stated in the source, nor can any examples be found.",,True
4113,muru1266,GB409_11,1,Found in example 4.7. an others.,,True
4114,muru1266,GB409_12,1,Found in example 29 and others.,,True
4115,muru1266,GB409_13,?,"It is possible to assume, but it is not stated in the source, nor can any examples be found.",,True
4116,muru1266,GB409_14,1,Found in example 3.8. and others.,,True
4117,muru1266,GB409_15,?,It is discussed in the grammar that the author says the ergative marker in cases with a non-agentive A can be analyzed either as ERG or as INSTR.,,True
4118,muru1266,GB409_16,?,,,True
4119,muru1266,GB409_17,?,,,True
4120,muru1266,GB409_18,1,"Found in example 3.6, 3.7, 3.8.",,True
4121,muru1266,GB409_19,0,"If A is inanimate, the ergative marker is analyzed as an instrument.",,True
4122,muru1266,GB409_20,1,"Found in example 3.6, 3.7, 3.8.",,True
4123,muru1266,GB409_21,1,Found in lines 30-31-,,True
4124,muru1266,GB409_22,1,The language has a split system in the singular number pronouns.,,True
4125,muru1266,GB409_23,0,,,True
4126,muru1266,GB409_24,1,,,True
4127,nalc1240,GB409_1,1,,,True
4128,nalc1240,GB409_2,0,The pronouns seem to exhibit a nominative-accusative alignment.,,True
4129,nalc1240,GB409_3,0,The pronouns seem to exhibit a nominative-accusative alignment.,,True
4130,nalc1240,GB409_4,0,The pronouns seem to exhibit a nominative-accusative alignment.,,True
4131,nalc1240,GB409_5,1,,,True
4132,nalc1240,GB409_6,1,Found in example (13)a.,,True
4133,nalc1240,GB409_7,1,Found in example (17)d.,,True
4134,nalc1240,GB409_8,1,Found in example (29)a.,,True
4135,nalc1240,GB409_9,1,Found in example (13)a.,,True
4136,nalc1240,GB409_10,?,There is no explicit mention or examples found.,,True
4137,nalc1240,GB409_11,?,There is no explicit mention or examples found.,,True
4138,nalc1240,GB409_12,?,There is no explicit mention or examples found.,,True
4139,nalc1240,GB409_13,?,There is no explicit mention or examples found.,,True
4140,nalc1240,GB409_14,1,Found in example (29)b.,,True
4141,nalc1240,GB409_15,?,There is no explicit mention or examples found.,,True
4142,nalc1240,GB409_16,1,Found in example (17)d.,,True
4143,nalc1240,GB409_17,1,,,True
4144,nalc1240,GB409_18,1,,,True
4145,nalc1240,GB409_19,?,There is no explicit mention or examples found.,,True
4146,nalc1240,GB409_20,1,,,True
4147,nalc1240,GB409_21,?,,,True
4148,nalc1240,GB409_22,1,In pronouns there is not ergative-absolutive alignment,,True
4149,nalc1240,GB409_23,1,,,True
4150,nalc1240,GB409_24,?,,,True
4151,namb1293,GB409_1,0,,,True
4152,namb1293,GB409_2,1,,,True
4153,namb1293,GB409_3,1,,,True
4154,namb1293,GB409_4,1,,,True
4155,namb1293,GB409_5,1,Found in example (12).,,True
4156,namb1293,GB409_6,1,Found in example (12).,,True
4157,namb1293,GB409_7,1,Found in example (9).,,True
4158,namb1293,GB409_8,1,Found in example (13) an others.,,True
4159,namb1293,GB409_9,1,"Found in example (14), (16), (18), (22) and others.",,True
4160,namb1293,GB409_10,?,"There is no explicit mention or examples found, but it can be assumed from pages 244 and 245.",,True
4161,namb1293,GB409_11,1,,,True
4162,namb1293,GB409_12,?,,,True
4163,namb1293,GB409_13,?,,,True
4164,namb1293,GB409_14,1,Found in example (8).,,True
4165,namb1293,GB409_15,1,Found in example (76).,,True
4166,namb1293,GB409_16,1,Found in example (188).,,True
4167,namb1293,GB409_17,1,Found in example (12).,,True
4168,namb1293,GB409_18,1,Found in example (8). Non-humannouns cannot take the plural form of the ergative case marker.,,True
4169,namb1293,GB409_19,1,,,True
4170,namb1293,GB409_20,1,,,True
4171,namb1293,GB409_21,1,Found in example (22).,,True
4172,namb1293,GB409_22,?,,,True
4173,namb1293,GB409_23,?,,,True
4174,namb1293,GB409_24,0,,,True
4175,naru1238,GB409_1,1,"There is no ABS marker for nouns, but the language has absolutive pronouns.",,True
4176,naru1238,GB409_2,1,Found in example (4.2).,,True
4177,naru1238,GB409_3,1,Found in example (4.2).,,True
4178,naru1238,GB409_4,1,,,True
4179,naru1238,GB409_5,0,Found in example (4.2).,,True
4180,naru1238,GB409_6,?,There is no explicit mention or examples found.,,True
4181,naru1238,GB409_7,?,There is no explicit mention or examples found.,,True
4182,naru1238,GB409_8,?,"The grammar says: only the present tense is overtly indicated in the collections, but is possible to found in example (6.22).",,True
4183,naru1238,GB409_9,1,Found in example (4.2).,,True
4184,naru1238,GB409_10,?,There is no explicit mention or examples found.,,True
4185,naru1238,GB409_11,?,,,True
4186,naru1238,GB409_12,?,There is no explicit mention or examples found.,,True
4187,naru1238,GB409_13,?,There is no explicit mention or examples found.,,True
4188,naru1238,GB409_14,1,Found in example (4.2).,,True
4189,naru1238,GB409_15,?,,,True
4190,naru1238,GB409_16,?,,,True
4191,naru1238,GB409_17,?,,,True
4192,naru1238,GB409_18,1,Found in example (4.2).,,True
4193,naru1238,GB409_19,?,,,True
4194,naru1238,GB409_20,1,Found in example (4.2).,,True
4195,naru1238,GB409_21,?,,,True
4196,naru1238,GB409_22,?,,,True
4197,naru1238,GB409_23,?,,,True
4198,naru1238,GB409_24,?,,,True
4199,natc1249,GB409_1,1,It has two forms: -Ø and -n; the latter is rarer and can only be found with nouns with an article.,,True
4200,natc1249,GB409_2,?,There is no explicit mention or examples found.,,True
4201,natc1249,GB409_3,?,There is no explicit mention or examples found.,,True
4202,natc1249,GB409_4,?,There is no explicit mention or examples found.,,True
4203,natc1249,GB409_5,1,Found in example (182).,,True
4204,natc1249,GB409_6,1,Found in example (140).,,True
4205,natc1249,GB409_7,?,There is no explicit mention or examples found.,,True
4206,natc1249,GB409_8,1,Found in example (184).,,True
4207,natc1249,GB409_9,?,There is no explicit mention or examples found.,,True
4208,natc1249,GB409_10,?,There is no explicit mention or examples found.,,True
4209,natc1249,GB409_11,?,There is no explicit mention or examples found.,,True
4210,natc1249,GB409_12,?,,,True
4211,natc1249,GB409_13,?,,,True
4212,natc1249,GB409_14,1,,,True
4213,natc1249,GB409_15,0,,,True
4214,natc1249,GB409_16,1,Found in example (201).,,True
4215,natc1249,GB409_17,1,Found in example (202).,,True
4216,natc1249,GB409_18,1,,,True
4217,natc1249,GB409_19,0,,,True
4218,natc1249,GB409_20,1,,,True
4219,natc1249,GB409_21,1,Found in example (195).,,True
4220,natc1249,GB409_22,1,"There are several factors; for more details, see the reference.",,True
4221,natc1249,GB409_23,0,,,True
4222,natc1249,GB409_24,1,,,True
4223,nhan1238,GB409_1,1,"No se marca cuando son frases intransitivas nominales. Se marca en los demostrativos flexionados, en los interrogativos y en los indefinidos",,True
4224,nhan1238,GB409_2,1,"intransitivo, marcas ABS",,True
4225,nhan1238,GB409_3,1,en frase transitiva solo se marca ABS y no la marca de ergativo,,True
4226,nhan1238,GB409_4,1,,,True
4227,nhan1238,GB409_5,1,,,True
4228,nhan1238,GB409_6,1,,,True
4229,nhan1238,GB409_7,1,,,True
4230,nhan1238,GB409_8,1,,,True
4231,nhan1238,GB409_9,1,,,True
4232,nhan1238,GB409_10,1,,,True
4233,nhan1238,GB409_11,1,,,True
4234,nhan1238,GB409_12,1,,,True
4235,nhan1238,GB409_13,1,,,True
4236,nhan1238,GB409_14,1,,,True
4237,nhan1238,GB409_15,?,,,True
4238,nhan1238,GB409_16,1,,,True
4239,nhan1238,GB409_17,?,,,True
4240,nhan1238,GB409_18,1,,,True
4241,nhan1238,GB409_19,1,,,True
4242,nhan1238,GB409_20,1,,,True
4243,nhan1238,GB409_21,?,,,True
4244,nhan1238,GB409_22,?,,,True
4245,nhan1238,GB409_23,1,,,True
4246,nhan1238,GB409_24,1,,,True
4247,nina1238,GB409_1,0,It is the ergative which is marked by the nominal suffix -n on an agent or an instrument.,,True
4248,nina1238,GB409_2,0,,,True
4249,nina1238,GB409_3,0,,,True
4250,nina1238,GB409_4,1,A subject in 3 person singular is not needed to be explicitly marked.,,True
4251,nina1238,GB409_5,1,"There might be a coexistance of ergative and accusative. However, purely accusative sentences do not occur.",,True
4252,nina1238,GB409_6,1,,,True
4253,nina1238,GB409_7,1,,,True
4254,nina1238,GB409_8,1,,,True
4255,nina1238,GB409_9,1,,,True
4256,nina1238,GB409_10,1,,,True
4257,nina1238,GB409_11,0,,,True
4258,nina1238,GB409_12,1,,,True
4259,nina1238,GB409_13,0,,,True
4260,nina1238,GB409_14,?,,,True
4261,nina1238,GB409_15,?,,,True
4262,nina1238,GB409_16,0,,,True
4263,nina1238,GB409_17,0,,,True
4264,nina1238,GB409_18,1,,,True
4265,nina1238,GB409_19,0,,,True
4266,nina1238,GB409_20,0,,,True
4267,nina1238,GB409_21,1,,,True
4268,nina1238,GB409_22,0,,,True
4269,nina1238,GB409_23,0,,,True
4270,nina1238,GB409_24,1,"The instrumental case of a noun is marked by -n. The predating subordinator is composed by ""ha… -n"", and it is frequently suppressed and only -n is expressed.",,True
4271,ning1281,GB409_1,1,Case marking for agent-like (le) and object-like (tɛ) NPs are optional,,True
4272,ning1281,GB409_2,1,"Copulative clause described as intransitive: ""ŋa tɛ katɕhi ʂʅ o"" - I am really happy",,True
4273,ning1281,GB409_3,?,No examples or descriptions of ergative alignment with second person pronouns were found,,True
4274,ning1281,GB409_4,?,No examples or descriptions of ergative alignment with third person pronouns were found,,True
4275,ning1281,GB409_5,1,"Copulative clause described as intransitive: ""ja ʐa tɛ na tia ma"" - His/her grandmother is ill",,True
4276,ning1281,GB409_6,1,"Copulative clause described as intransitive: ""ja ʐa tɛ na tia ma"" - His/her grandmother is ill (durative: tia)",,True
4277,ning1281,GB409_7,1,"Copulative clause described as intransitive: ""ŋa tɛ katɕhi ʂʅ o"" - I am really happy",,True
4278,ning1281,GB409_8,?,No examples or descriptions of ergative alignment of flagging in the past tense were found,,True
4279,ning1281,GB409_9,1,"Copulative clause described as intransitive: ""ŋa tɛ katɕhi ʂʅ o"" - I am really happy",,True
4280,ning1281,GB409_10,1,"Copulative clause described as intransitive: ""ŋa tɛ katɕhi ʂʅ o"" - I am really happy",,True
4281,ning1281,GB409_11,?,No examples or descriptions of ergative alignment of flagging in non-indicative moods were found,,True
4282,ning1281,GB409_12,1,"Copulative clause described as intransitive: ""ŋa tɛ katɕhi ʂʅ o"" - I am really happy",,True
4283,ning1281,GB409_13,?,No examples or descriptions of ergative alignment of flagging in irrealis status were found,,True
4284,ning1281,GB409_14,0,"""Agent or subject marker le follows a noun or a noun phrase which is the agent-like subject, i.e. it marks the agentive subject """,,True
4285,ning1281,GB409_15,1,"""Object or patient marker tɛ also follows a noun or noun phrase which is the object or the patient-like subject""",,True
4286,ning1281,GB409_16,1,"""ŋa nu ma le ŋa tɛ ti la o"" - My mother has beaten me",,True
4287,ning1281,GB409_17,0,"""ŋa tɛ ŋa nu ma le ti la o"" - I was beaten by my mother",,True
4288,ning1281,GB409_18,1,"Copulative clause described as intransitive: ""ŋa tɛ katɕhi ʂʅ o"" - I am really happy",,True
4289,ning1281,GB409_19,0,"""A can be marked by le while O can be marked by tɛ  when it is animate...""",,True
4290,ning1281,GB409_20,1,"Copulative clause described as intransitive: ""ŋa tɛ katɕhi ʂʅ o"" - I am really happy",,True
4291,ning1281,GB409_21,?,No examples or descriptions of ergative alignment of flagging in non-main clauses were found,,True
4292,ning1281,GB409_22,?,No examples or descriptions of ergative alignment by other factors were found,,True
4293,ning1281,GB409_23,0,There's a specialized genitive marker (gɯ),,True
4294,ning1281,GB409_24,0,There's an instrumental nominalizer (-du),,True
4295,niue1239,GB409_1,1,"""Indefinite NPs which are nonspecific may also be marked with taha (indefinite pronoun). Nonspecific absolutive NPs may or may not bear the absolutive marker e.""(Seiter 1979: 40)",,True
4296,niue1239,GB409_2,1,,,True
4297,niue1239,GB409_3,1,,,True
4298,niue1239,GB409_4,1,,,True
4299,niue1239,GB409_5,1,See Table 4 in page 37,,True
4300,niue1239,GB409_6,1,"See examples 127e, 130c-d",,True
4301,niue1239,GB409_7,1,"See examples 127a, 127c, 130a-b",,True
4302,niue1239,GB409_8,1,,,True
4303,niue1239,GB409_9,1,“Niuean … is a strict VSO language with an ergative system of case marking.” (Seiter 1979: 1),,True
4304,niue1239,GB409_10,1,See example 73a,,True
4305,niue1239,GB409_11,1,See example 7b,,True
4306,niue1239,GB409_12,1,See example 73a,,True
4307,niue1239,GB409_13,1,See example 73c,,True
4308,niue1239,GB409_14,1,See example 5d,,True
4309,niue1239,GB409_15,1,See example 5b,,True
4310,niue1239,GB409_16,1,,,True
4311,niue1239,GB409_17,1,,,True
4312,niue1239,GB409_18,1,,,True
4313,niue1239,GB409_19,1,"Inanimate pronouns are absent, but when inanimate full NPs occur, they follow the same ergative-absolutive pattern.",,True
4314,niue1239,GB409_20,1,See example 3b,,True
4315,niue1239,GB409_21,1,See example 4c,,True
4316,niue1239,GB409_22,1,Absolutive marking can drop before au or with nonspecific NPs.,,True
4317,niue1239,GB409_23,1,he marks both ergative and possessive; distinction via context.,,True
4318,niue1239,GB409_24,0,"Instruments and comitatives use aki e and mo e (absolutive), not ergative he.",,True
4319,noct1238,GB409_1,0,,,True
4320,noct1238,GB409_2,0,"Ergative alignment of flagging on first person plural pronoun.
""However, this split is being neutralized in the speech of the young generation, where we see only the Ergative-Absolutive alignment"". (257-258)",,True
4321,noct1238,GB409_3,0,"Ergative alignment of flagging on second person plural pronoun.
""However, this split is being neutralized in the speech of the young generation, where we see only the Ergative-Absolutive alignment"". (257-258)",,True
4322,noct1238,GB409_4,1,"""However, this split is being neutralized in the speech of the young generation, where we see only the Ergative-Absolutive alignment"". (257-258)",,True
4323,noct1238,GB409_5,1,"""Examples (1064) through (1066) illustrate transitive clauses in which the A arguments are headed by nouns"". (470)",,True
4324,noct1238,GB409_6,1,,,True
4325,noct1238,GB409_7,1,"La lengua tiene la particula ná, glosada como PFV (perfectivo) (p. 349). Solo encontré un ejemplo de ergativo con esa particula (example 352, p. 219)

""Examples (656) and (657) illustrate the negative particle in the non-past proximal/inverse paradigm with the operator ra. These sentences also have the sense of perfectivity"". (329)",,True
4326,noct1238,GB409_8,1,"Examples (1056), (1099) and (1100)",,True
4327,noct1238,GB409_9,1,"Ejemplos del erg marcado en oraciones con ""The Non-Past Proximal/Inverse Operator"" (p. 341): (656–657) y (440).",,True
4328,noct1238,GB409_10,1,,,True
4329,noct1238,GB409_11,?,No he identificado ejemplos suficientes en la gramática para responder.,,True
4330,noct1238,GB409_12,0,No hay referencia (directa o en la glosa de los ejemplos) a alguna marca de estatus de realidad (realis o irrealis),,True
4331,noct1238,GB409_13,0,No hay referencia (directa o en la glosa de los ejemplos) a alguna marca de estatus de realidad (realis o irrealis),,True
4332,noct1238,GB409_14,1,Example (1099),,True
4333,noct1238,GB409_15,?,No he identificado ejemplos suficientes en la gramática para responder.,,True
4334,noct1238,GB409_16,?,No he identificado ejemplos suficientes en la gramática para responder.,,True
4335,noct1238,GB409_17,?,No he identificado ejemplos suficientes en la gramática para responder.,,True
4336,noct1238,GB409_18,1,La mayoría o todos los ejemplos son A animados,,True
4337,noct1238,GB409_19,?,"No he identifiado ejemplos con marca de erg en un A inanimado, pero no creo que sea suficiente evidencia para poner 0. 

Es interesante considerar que la marca de erg es la misma que de instrumental (GB409_24) y, en  esa segunda función, ocurre con N inanimados.",,True
4338,noct1238,GB409_20,1,,,True
4339,noct1238,GB409_21,1,Ocurre en clausulas relativas (ejemplos 439-441) y subordinadas (ejemplos 1182-1183),,True
4340,noct1238,GB409_22,?,"Creería que es 0, pero en la sección sobre los pronombres demostrativos se menciona que:

""Since the demonstrative pronouns are bound forms, they must take the definite marker. However, the long distal demonstrative pronoun can take the ergative marker kama instead of the definite marker [también considerado marca marca de caso nominativo (p. 480-481)] when referring to human beings"". (p. 227)",,True
4341,noct1238,GB409_23,0,"No hay referencia explícita a una marca de genitivo.
Las relaciones de posesión se marcan con prefijos o orden de palabras (440-445)",,True
4342,noct1238,GB409_24,1,"The case postposition kámá is found on both A and Instrument participants. (257) 
However, this split is being neutralized in the speech of the young generation, where we see only the Ergative-Absolutive alignment. (257-258)",,True
4343,nort2722,GB409_1,0,,,False
4344,nort2722,GB409_2,0,,,False
4345,nort2722,GB409_3,0,,,False
4346,nort2722,GB409_4,0,,,False
4347,nort2722,GB409_5,0,,,False
4348,nort2722,GB409_6,0,,,False
4349,nort2722,GB409_7,0,,,False
4350,nort2722,GB409_8,0,,,False
4351,nort2722,GB409_9,0,,,False
4352,nort2722,GB409_10,0,,,False
4353,nort2722,GB409_11,0,,,False
4354,nort2722,GB409_12,0,,,False
4355,nort2722,GB409_13,0,,,False
4356,nort2722,GB409_14,0,,,False
4357,nort2722,GB409_15,0,,,False
4358,nort2722,GB409_16,0,,,False
4359,nort2722,GB409_17,0,,,False
4360,nort2722,GB409_18,0,,,False
4361,nort2722,GB409_19,0,,,False
4362,nort2722,GB409_20,0,,,False
4363,nort2722,GB409_21,0,,,False
4364,nort2722,GB409_22,0,,,False
4365,nort2722,GB409_23,0,,,False
4366,nort2722,GB409_24,0,,,False
4367,nort2745,GB409_1,1,Absolutive marker gets blocked by the possessive -gi/-da suffix.,,True
4368,nort2745,GB409_2,1,Example 524a.,,True
4369,nort2745,GB409_3,1,Example 405.,,True
4370,nort2745,GB409_4,1,,,True
4371,nort2745,GB409_5,1,,,True
4372,nort2745,GB409_6,1,Example 138c,,True
4373,nort2745,GB409_7,1,Example 206.,,True
4374,nort2745,GB409_8,1,Example 129.,,True
4375,nort2745,GB409_9,1,Example 130.,,True
4376,nort2745,GB409_10,1,Example 10.,,True
4377,nort2745,GB409_11,1,Example 314.,,True
4378,nort2745,GB409_12,1,Example 129.,,True
4379,nort2745,GB409_13,1,Example 289.,,True
4380,nort2745,GB409_14,1,Example 336a.,,True
4381,nort2745,GB409_15,1,Example 346b.,,True
4382,nort2745,GB409_16,1,Example 10.,,True
4383,nort2745,GB409_17,0,,,True
4384,nort2745,GB409_18,1,Example 346b.,,True
4385,nort2745,GB409_19,1,Example 370.,,True
4386,nort2745,GB409_20,1,Example 360.,,True
4387,nort2745,GB409_21,0,,,True
4388,nort2745,GB409_22,0,,,True
4389,nort2745,GB409_23,0,,,True
4390,nort2745,GB409_24,0,,,True
4391,nort2885,GB409_1,1,There is an explicit marker for the absolutive case.,,True
4392,nort2885,GB409_2,1,First-person pronouns show ergative alignment.,,True
4393,nort2885,GB409_3,1,Second-person pronouns show ergative alignment.,,True
4394,nort2885,GB409_4,1,Third-person pronouns show ergative alignment.,,True
4395,nort2885,GB409_5,1,Full NP's exhibit ergative-absolutive alignment.,,True
4396,nort2885,GB409_6,1,Clauses with imperfective aspect exhibit ergative alignment.,,True
4397,nort2885,GB409_7,1,Clauses with perfective aspect exhibit ergative alignment.,,True
4398,nort2885,GB409_8,1,Past-tense clauses exhibit ergative alignment.,,True
4399,nort2885,GB409_9,1,Clauses in non-past tense exhibit ergative alignment.,,True
4400,nort2885,GB409_10,1,Clauses in indicative mode show an ergative alignment.,,True
4401,nort2885,GB409_11,1,Clauses in non-indicative mode show an ergative alignment.,,True
4402,nort2885,GB409_12,1,Clauses with realis status show ergative alignment.,,True
4403,nort2885,GB409_13,1,Clauses with irrealis status show ergative alignment.,,True
4404,nort2885,GB409_14,1,"In the context of an agentive A argument, ergative alignment is observed.",,True
4405,nort2885,GB409_15,1,"In the context of a non-agentive argument A, ergative alignment is observed.",,True
4406,nort2885,GB409_16,1,"In the context of a topical A, ergative alignment is shown.",,True
4407,nort2885,GB409_17,1,"In the context of a non-topical A, ergative alignment is shown.",,True
4408,nort2885,GB409_18,1,Clauses with animated A arguments exhibit ergative alignment.,,True
4409,nort2885,GB409_19,1,Clauses with non-animated A arguments exhibit ergative alignment.,,True
4410,nort2885,GB409_20,1,Main clauses exhibit ergative alignment.,,True
4411,nort2885,GB409_21,1,Non-main clauses exhibit ergative alignment.,,True
4412,nort2885,GB409_22,1,Ergative marking is conditioned by the nature of the noun and by restrictions on the use of demonstratives.,,True
4413,nort2885,GB409_23,1,The ergative case has the same mark as the genitive marker.,,True
4414,nort2885,GB409_24,1,The ergative case has the same mark as the instrumental and comitative marker.,,True
4415,nucl1302,GB409_1,0,,"Hewitt:1990, 33-45",True
4416,nucl1302,GB409_2,0,Se menciona que la primera y segunda persona en singular y plural no cambian,"Hewitt:1990, 76-77",True
4417,nucl1302,GB409_3,0,Se menciona que la primera y segunda persona en singular y plural no cambian,"Hewitt:1990, 76-77",True
4418,nucl1302,GB409_4,1,,"Hewitt:1990, 76-77",True
4419,nucl1302,GB409_5,1,,"Hewitt:1990, 45-68",True
4420,nucl1302,GB409_6,0,,"Hewitt:1990, 145-146",True
4421,nucl1302,GB409_7,1,,"Hewitt:1990, 145-146",True
4422,nucl1302,GB409_8,1,"Se menciona que el pasado corresponde a la Serie II, que es ergativo","Hewitt:1990, 143-144",True
4423,nucl1302,GB409_9,0,"Se menciona que el presente y futuro corresponde a la Serie I, que es nominativo","Hewitt:1990, 143-144",True
4424,nucl1302,GB409_10,1,Se tiene marca de ergatividad en indicativo siempre y cuando corresponda a la serie II,"Hewitt:1990, 527",True
4425,nucl1302,GB409_11,1,Se tiene marca de ergatividad en no indicativo siempre y cuando corresponda a la serie II,"Hewitt:1990, 527",True
4426,nucl1302,GB409_12,1,"Se menciona que el estado real corresponde a la Serie II, que es ergativo",,True
4427,nucl1302,GB409_13,0,"Se menciona que el estado irreal corresponde a la Serie I, que es nominativo","Hewitt:1990, 240",True
4428,nucl1302,GB409_14,1,"Se marca los sujetos agentivos dentro de la Serie II. Sin embargo, la agentividad no necesariamente activa la ergatividad, por ejemplo, en la serie III (Hewitt:1990, 338)","Hewitt:1990, 170-200,
Hewitt:1990, 338",True
4429,nucl1302,GB409_15,1,"Non-agentive A takes ergative marking in Series II. Hewitt (1990, pp.187-189) provides multiple examples of inanimate/abstract agents with no volitional control taking the ergative case: sun-ERG (dried the field), sweat-ERG (penetrated the shirt), pleasure-ERG (made me dizzy), God-ERG (let you grow old), illness-ERG (weakened the man’s knees). These are Series II constructions and therefore take the ergative. Original annotation (value=0) was a coding error directly contradicted by the examples cited in the same comment.","Hewitt:1990, 187-189",True
4430,nucl1302,GB409_16,1,"No hay evidencia que la topicalidad afecte la marca de caso, se tiene en ambos escenarios","Hewitt:1990, 81-83",True
4431,nucl1302,GB409_17,1,"No hay evidencia que la topicalidad afecte la marca de caso, se tiene en ambos escenarios","Hewitt:1990, 81-83",True
4432,nucl1302,GB409_18,1,No se menciona la existencia de un split de ergatividad basado en si A es animado o no,"Hewitt:1990, 151",True
4433,nucl1302,GB409_19,1,"No se menciona la existencia de un split de ergatividad basado en si A es animado o no, igualmente aplican los ejemplos de GB409_15","Hewitt:1990, 170-200",True
4434,nucl1302,GB409_20,1,,"Hewitt:1990, 170-200",True
4435,nucl1302,GB409_21,1,"No se menciona una exclusion del marcado en clausulas no principales:
Factual (Hewitt:1990, 614), Speech reporting (614), Direct quotation (615)","Hewitt:1990, 613-618",True
4436,nucl1302,GB409_22,0,"No se menciona algun otro factor que condicione la marca de caso de ergatividad. Sin embargo en Hewitt:1990, 446-490 se muestran algunos verbos irregulares. Donde se destaca el caso de ""know"", que historicamente pertenece a la serie II. Y del cual se extrajo un ejemplo de otro fragmento

gmrot-mav (0-)i-c-i-s God-ERG (3rd.PER-)SV-know--PRS.INDIC-he ‘God knows

En el cual, se usa know asociado al sujeto (gmrot) con marca ergativa (mav) pero en presente tercera persona, fuera de la Serie II",Hewitt:1990,True
4437,nucl1302,GB409_23,0,En general se usa -ma/-n como marca de Ergativo mientras que se usa -s e -is para genitivo.,Hewitt:1990 523,True
4438,nucl1302,GB409_24,0,En general se usa -ma/-n como marca de Ergativo mientras que se usa -it para instrumental. Tampoco se menciona otra marca que sea igual a la de ergativo.,Hewitt:1990 523,True
4439,panj1256,GB409_1,1,The direct case marks S and P in the imperfective aspect and operates as the absolutive. The oblique case marks the ergative in that context. There are different forms of the pronoun for the direct and oblique cases.,,True
4440,panj1256,GB409_2,0,,,True
4441,panj1256,GB409_3,0,,,True
4442,panj1256,GB409_4,1,,,True
4443,panj1256,GB409_5,1,See example (9.80).,,True
4444,panj1256,GB409_6,0,,,True
4445,panj1256,GB409_7,1,"See example (9.51), (9.71).",,True
4446,panj1256,GB409_8,1,See example (9.51).,,True
4447,panj1256,GB409_9,1,See example  (9.71).,,True
4448,panj1256,GB409_10,1,"See example (9.51), (9.71).",,True
4449,panj1256,GB409_11,1,See example (6.32).,,True
4450,panj1256,GB409_12,1,"See example (9.51), (9.71).",,True
4451,panj1256,GB409_13,?,There is no mention nor evidence of a split based on realis-irrealis status.,,True
4452,panj1256,GB409_14,1,"See example (9.51), (9.71).",,True
4453,panj1256,GB409_15,1,"See example (9.272), (9.292).",,True
4454,panj1256,GB409_16,1,The grammar describes case marking and alingments in the language but there is no mention nor evidence of a split based on the topicality of the A argument.,,True
4455,panj1256,GB409_17,1,The grammar describes case marking and alingments in the language but there is no mention nor evidence of a split based on the topicality of the A argument.,,True
4456,panj1256,GB409_18,1,"See example (9.51), (9.71).",,True
4457,panj1256,GB409_19,?,There is no mention nor evidence of a split based on animate-inanimate A.,,True
4458,panj1256,GB409_20,1,"See example (9.51), (9.71).",,True
4459,panj1256,GB409_21,1,"See example (9.268), (9.272).",,True
4460,panj1256,GB409_22,?,There are no additional splits in flagging.,,True
4461,panj1256,GB409_23,0,,,True
4462,panj1256,GB409_24,0,,,True
4463,patt1248,GB409_1,1,,,True
4464,patt1248,GB409_2,1,See table 10.0,,True
4465,patt1248,GB409_3,1,See table 10.0,,True
4466,patt1248,GB409_4,1,See table 10.0,,True
4467,patt1248,GB409_5,1,,,True
4468,patt1248,GB409_6,?,,,True
4469,patt1248,GB409_7,?,,,True
4470,patt1248,GB409_8,?,,,True
4471,patt1248,GB409_9,?,,,True
4472,patt1248,GB409_10,1,,,True
4473,patt1248,GB409_11,?,,,True
4474,patt1248,GB409_12,?,,,True
4475,patt1248,GB409_13,?,,,True
4476,patt1248,GB409_14,?,,,True
4477,patt1248,GB409_15,?,,,True
4478,patt1248,GB409_16,?,,,True
4479,patt1248,GB409_17,?,,,True
4480,patt1248,GB409_18,?,,,True
4481,patt1248,GB409_19,?,,,True
4482,patt1248,GB409_20,1,,,True
4483,patt1248,GB409_21,?,,,True
4484,patt1248,GB409_22,0,,,True
4485,patt1248,GB409_23,1,,,True
4486,patt1248,GB409_24,?,,,True
4487,pemo1248,GB409_1,0,,,True
4488,pemo1248,GB409_2,0,,,True
4489,pemo1248,GB409_3,0,,,True
4490,pemo1248,GB409_4,0,,,True
4491,pemo1248,GB409_5,1,"See examples (46), (47)",,True
4492,pemo1248,GB409_6,1,See examples (268),,True
4493,pemo1248,GB409_7,1,See example (161),,True
4494,pemo1248,GB409_8,1,"See examples (46), (47). The ergative is marked in the general past tense. The near past, distant past, and immediate future tenses follow the accusative pattern. See examples (138-140)",,True
4495,pemo1248,GB409_9,1,See example (156a),,True
4496,pemo1248,GB409_10,1,"See examples (46), (47)",,True
4497,pemo1248,GB409_11,1,See example (148),,True
4498,pemo1248,GB409_12,1,"See examples (46), (47)",,True
4499,pemo1248,GB409_13,?,The grammar describes case marking and alingments in the language but there is no mention nor evidence of a split based on realis-irrealis status of the A argument.,,True
4500,pemo1248,GB409_14,1,"See examples (46), (47)",,True
4501,pemo1248,GB409_15,?,The grammar describes case marking and alingments in the language but there is no mention nor evidence of a split based on the agentivity of the A argument.,,True
4502,pemo1248,GB409_16,?,The grammar describes case marking and alingments in the language but there is no mention nor evidence of a split based on the topicality of the A argument.,,True
4503,pemo1248,GB409_17,?,The grammar describes case marking and alingments in the language but there is no mention nor evidence of a split based on the topicality of the A argument.,,True
4504,pemo1248,GB409_18,1,"See examples (46), (47)",,True
4505,pemo1248,GB409_19,1,See examples (129),,True
4506,pemo1248,GB409_20,0,"See examples (46), (47)",,True
4507,pemo1248,GB409_21,1,See examples (267-268),,True
4508,pemo1248,GB409_22,0,,,True
4509,pemo1248,GB409_23,0,,,True
4510,pemo1248,GB409_24,0,,,True
4511,pend1242,GB409_1,0,,,True
4512,pend1242,GB409_2,0,The ergative alignment does not occur in pronouns but in common and proper nouns.,,True
4513,pend1242,GB409_3,0,The ergative alignment does not occur in pronouns but in common and proper nouns.,,True
4514,pend1242,GB409_4,0,The ergative alignment does not occur in pronouns but in common and proper nouns.,,True
4515,pend1242,GB409_5,1,See example (2),,True
4516,pend1242,GB409_6,1,See example (6),,True
4517,pend1242,GB409_7,?,There is no mention nor evidence of a split based aspect.,,True
4518,pend1242,GB409_8,1,See example (2),,True
4519,pend1242,GB409_9,?,There are no examples in the source in order to corroborate this feature.,,True
4520,pend1242,GB409_10,1,See example (2),,True
4521,pend1242,GB409_11,?,There are no examples in the source in order to corroborate this feature.,,True
4522,pend1242,GB409_12,1,See example (2),,True
4523,pend1242,GB409_13,1,There are no examples in the source in order to corroborate this feature.,,True
4524,pend1242,GB409_14,1,See example (2),,True
4525,pend1242,GB409_15,1,See example (208),,True
4526,pend1242,GB409_16,?,There is no mention nor evidence of a split based on topicality.,,True
4527,pend1242,GB409_17,?,There is no mention nor evidence of a split based on topicality.,,True
4528,pend1242,GB409_18,1,See example (2),,True
4529,pend1242,GB409_19,1,See example (98),,True
4530,pend1242,GB409_20,1,See example (2),,True
4531,pend1242,GB409_21,?,There are no examples in the source in order to corroborate this feature.,,True
4532,pend1242,GB409_22,1,An ergative alignment is created when the genitive case marks the agent in an inverted sentence.,,True
4533,pend1242,GB409_23,1,See figure 5.1.,,True
4534,pend1242,GB409_24,1,See figure 5.1. See example (69),,True
4535,ship1254,GB409_1,1,"allomorph -a appears on 1sg, 2sg, 1pl pronouns and interrogative tso-. Ergative is overtly marked with -n (rich allomorphy).",,True
4536,ship1254,GB409_2,1,1sg: ERG e-n vs. ABS e-a; 1pl: ERG no-n vs. ABS no-a. All persons follow ergative-absolutive alignment. SK is the only Panoan language where ALL personal pronouns follow ergative-absolutive distribution (p.93).,,True
4537,ship1254,GB409_3,1,2sg: ERG mi-n vs. ABS mi-a; 2pl: ERG mato-n vs. ABS mato. All second person pronouns follow ergative-absolutive alignment.,,True
4538,ship1254,GB409_4,1,3sg: ERG ja-n vs. ABS ja; 3pl: ERG jato-n~jabaon vs. ABS jato~jabo. All third person pronouns follow ergative-absolutive alignment.,,True
4539,ship1254,GB409_5,1,"Full NPs marked with -n (ergative) vs. zero (absolutive). System is highly consistent and syntactically based, applying regardless of agentivity, volitionality, or animacy of A argument.",,True
4540,ship1254,GB409_6,1,"Ergative-absolutive alignment applies in imperfective (incompletive -ai) clauses. The only exception is the dedicated progressive construction (VERB-i ik-), which is neutral (see GB409_22).",,True
4541,ship1254,GB409_7,1,Ergative-absolutive alignment applies in perfective (completive -ke) clauses without exception.,,True
4542,ship1254,GB409_8,1,Ergative-absolutive alignment applies in past tense clauses. No tense-based split reported.,,True
4543,ship1254,GB409_9,1,Ergative-absolutive alignment applies in non-past clauses. No tense-based split reported.,,True
4544,ship1254,GB409_10,1,Ergative-absolutive alignment applies in indicative clauses. No mood-based split reported for indicative.,,True
4545,ship1254,GB409_11,1,"Ergative-absolutive alignment maintained in non-indicative moods. The desiderative -kas creates an intransitive construction with both arguments in absolutive, but this is a valency-reducing operation, not a mood-based split per se.",,True
4546,ship1254,GB409_12,1,Ergative-absolutive alignment applies in realis clauses. No realis/irrealis split reported.,,True
4547,ship1254,GB409_13,1,Ergative-absolutive alignment applies in irrealis clauses. No realis/irrealis split reported.,,True
4548,ship1254,GB409_14,1,Ergative marking applies to agentive A arguments.,,True
4549,ship1254,GB409_15,1,"Crucially, ergative marking is maintained even with non-volitional, non-controller, non-initiator agents (exx. 18-20) and inanimate agents (exx. 21-22). The system is syntactically based, not semantically based.",,True
4550,ship1254,GB409_16,1,Ergative marking applies regardless of topicality of A. No discourse-pragmatic split reported for case marking on core arguments.,,True
4551,ship1254,GB409_17,1,Ergative marking applies regardless of topicality. No discourse-pragmatic split reported.,,True
4552,ship1254,GB409_18,1,Ergative marking applies to animate A arguments.,,True
4553,ship1254,GB409_19,1,"Ergative marking applies even to inanimate A arguments (e.g. 'rice sack', 'vomit', 'flowing water' as A). This is explicitly highlighted as a notable feature of SK.",,True
4554,ship1254,GB409_20,1,Ergative-absolutive alignment applies in main clauses.,,True
4555,ship1254,GB409_21,1,"Ergative-absolutive alignment applies in subordinate/relative clauses. Internally-headed relative clauses exhibit an absolutive pivot (syntactic ergativity), but case marking on NPs within the relative clause remains ergative-absolutive.",,True
4556,ship1254,GB409_22,1,SPLIT: The dedicated progressive construction (VERB-i ik-) triggers neutral case marking (both A and O in absolutive) for most speakers. This is analyzed as a recent reanalysis of a biclausal structure. Some speakers still allow ergative in this construction. This is the only instance of a case-marking split in SK.,,True
4557,ship1254,GB409_23,1,"Yes. The marker -n (with rich allomorphy) expresses both ergative and genitive functions. For most nouns and pronouns (except 1sg), the ergative and genitive forms are identical (Table 1). The abstract marker -n covers ergative, genitive, instrumental, and other oblique functions.",,True
4558,ship1254,GB409_24,1,"Yes. The marker -n expresses ergative, genitive, instrumental, and other oblique functions (p.68). Instrumental is expressed by the same -n marker (e.g. jiwi-n 'with a stick', exx. 18, 23-24). Comitative is expressed by a distinct marker -be (e.g. mi-bé 'with you', ex. 46).",,True
4559,yami1256,GB409_1,0,Absolutive = zero (unmarked); nouns in absolutive case bear no overt suffix,,True
4560,yami1256,GB409_2,0,1st person pronouns follow NOM/ACC alignment: ẽ (NOM=A/S) vs. ea (ACC=P); no ergative marking,,True
4561,yami1256,GB409_3,0,2nd person pronouns follow NOM/ACC alignment: mĩ (NOM=A/S) vs. bia (ACC=P); no ergative marking,,True
4562,yami1256,GB409_4,0,"3rd person pronouns: a (3SG, unmarked), atu (3PL.ABS); no distinct ergative pronoun form attested",,True
4563,yami1256,GB409_5,1,"Full NPs take ergative suffix -N (syncretic with instrumental) on A argument; e.g. tsua-N 'who-ERG', wede-N 'husband-ERG'",,True
4564,yami1256,GB409_6,1,Ergative marking on full NPs attested in imperfective contexts throughout corpus,,True
4565,yami1256,GB409_7,1,Ergative marking on full NPs attested in perfective contexts throughout corpus,,True
4566,yami1256,GB409_8,1,Ergative marking on full NPs attested in past tense contexts (PST1–PST6 all attested with -N),,True
4567,yami1256,GB409_9,1,Ergative marking on full NPs attested in non-past (future imperfective) contexts,,True
4568,yami1256,GB409_10,1,Ergative marking on full NPs attested in indicative mood contexts,,True
4569,yami1256,GB409_11,1,"Non-indicative moods (imperative, optative, hortative) not described for NP case alternations; unclear",,True
4570,yami1256,GB409_12,1,Ergative marking on full NPs attested in realis contexts,,True
4571,yami1256,GB409_13,1,Irrealis/desiderative contexts: no explicit description of NP case alternation; unclear,,True
4572,yami1256,GB409_14,1,No evidence of agentivity-based split; ergative marking applies to A of transitive regardless of agentivity,,True
4573,yami1256,GB409_15,1,No evidence of topicality-based split in NP flagging,,True
4574,yami1256,GB409_16,1,No evidence of animacy-based split in NP flagging,,True
4575,yami1256,GB409_17,1,Ergative marking on full NPs attested in main clauses,,True
4576,yami1256,GB409_18,1,Complement clauses: switch-reference system described but NP case in complements not explicitly discussed,,True
4577,yami1256,GB409_19,1,Ergative marking on full NPs attested in adverbial/switch-reference clauses (e.g. DS clauses),,True
4578,yami1256,GB409_20,1,Relative clauses: not explicitly described in available sections,,True
4579,yami1256,GB409_21,1,Other non-main clause types: insufficient data,,True
4580,yami1256,GB409_22,0,,,True
4581,yami1256,GB409_23,1,ERG = INS: the ergative suffix -N is explicitly described as syncretic with the instrumental (Appendix C),,True
4582,yami1256,GB409_24,0,No evidence of ERG = comitative syncretism; comitative has its own suffix (COM),,True
