Glottocode,Language,Feature,Original_value,Curated_value,Type,Comment
lezg1247,Lezgian,GB409_24,1,0,VALUE_CORRECTED,"Haspelmath (1993:84) explicitly states the instrumental use of ERG is never used in modern standard Lezgian; instrumental is expressed by Superelative/Superessive. Corrected to 0."
lezg1247,Lezgian,GB409_16,1,,MISSING_SOURCE,"No source reference. Value 1 consistent with uniform ergativity statement (Haspelmath 1993:5); recommend citing."
lezg1247,Lezgian,GB409_17,1,,MISSING_SOURCE,"No source reference. Same as GB409_16; recommend citing Haspelmath 1993:5."
lamj1247,Lamjung Yolmo,GB409_22,0,1,VALUE_CORRECTED,"Gawne (2016:67-68) explicitly states ergativity is conditioned by agentivity and tense/habitual mood. Corrected to 1."
lamj1247,Lamjung Yolmo,GB409_13,1,,EXAMPLE_CONCERN,"Cited Example 82 (p.137) is interrogative not prototypically irrealis; value retained but better example needed."
lamj1247,Lamjung Yolmo,GB409_17,1,,MISSING_SOURCE,"No source reference; value consistent with grammar description (Gawne 2016:67-68)."
lamj1247,Lamjung Yolmo,GB409_19,?,,MISSING_VALUE,"Value not filled; ergativity is agentivity-dependent, no clear inanimate-A example found. Researcher to verify."
lamj1247,Lamjung Yolmo,GB409_21,?,,MISSING_VALUE,"Value not filled; ERG in nominalized clauses attested (p.87 Ex.16); tentative value 1."
lemb1266,Lembena,GB409_13,1,,EXAMPLE_CONCERN,"Cited Example 212 (p.75) is negative declarative not irrealis; PDF has digit encoding shift (-1 per digit)."
lemb1266,Lembena,GB409_15,1,,UNVERIFIABLE,"PDF custom font encoding garbles text; Example 143 at p.62 could not be independently verified."
lemb1266,Lembena,GB409_16,1,,MISSING_SOURCE,"No source reference provided."
lemb1266,Lembena,GB409_17,1,,MISSING_SOURCE,"No source reference provided."
lemb1266,Lembena,GB409_22,0,,MISSING_SOURCE,"No source; value 0 (no conditioning) plausible but unverified due to PDF encoding issues."
lemb1266,Lembena,GB409_23,0,,MISSING_SOURCE,"No source; value 0 (ERG≠GEN) plausible; ERG clitic =l` visible throughout grammar."
lepc1244,Lepcha,GB409_1,0,,MISSING_SOURCE,"No source reference provided. Recommend citing Plaisier 2010:127-129 (the grammar's ergativity secti"
lepc1244,Lepcha,GB409_2,1,,MISSING_SOURCE,"No source reference provided. Recommend citing Plaisier 2010:127-129 (the grammar's ergativity secti"
lepc1244,Lepcha,GB409_3,1,,MISSING_SOURCE,"No source reference provided. Recommend citing Plaisier 2010:127-129 (the grammar's ergativity secti"
lepc1244,Lepcha,GB409_4,1,,MISSING_SOURCE,"No source reference provided. Recommend citing Plaisier 2010:127-129 (the grammar's ergativity secti"
lepc1244,Lepcha,GB409_5,1,,MISSING_SOURCE,"No source reference provided. Recommend citing Plaisier 2010:127-129 (the grammar's ergativity secti"
lepc1244,Lepcha,GB409_6,1,,MISSING_SOURCE,"No source reference provided. Recommend citing Plaisier 2010:127-129 (the grammar's ergativity secti"
lepc1244,Lepcha,GB409_7,1,,MISSING_SOURCE,"No source reference provided. Recommend citing Plaisier 2010:127-129 (the grammar's ergativity secti"
lepc1244,Lepcha,GB409_8,1,,MISSING_SOURCE,"No source reference provided. Recommend citing Plaisier 2010:127-129 (the grammar's ergativity secti"
lepc1244,Lepcha,GB409_9,1,,VALUE_FLAGGED,'Value 1 retained but flagged. No source reference. Plaisier (2010:128-129) explicitly states -nun~-n'
lepc1244,Lepcha,GB409_10,1,,MISSING_SOURCE,"No source reference provided. Recommend citing Plaisier 2010:127-129 (the grammar's ergativity secti"
lepc1244,Lepcha,GB409_11,1,,MISSING_SOURCE,"No source reference provided. Recommend citing Plaisier 2010:127-129 (the grammar's ergativity secti"
lepc1244,Lepcha,GB409_12,1,,MISSING_SOURCE,"No source reference provided. Recommend citing Plaisier 2010:127-129 (the grammar's ergativity secti"
lepc1244,Lepcha,GB409_13,1,,VALUE_FLAGGED,'Value 1 retained but flagged. No source reference. Plaisier (2010:128-129) states -nun~-nu "is more '
lepc1244,Lepcha,GB409_14,1,,MISSING_SOURCE,"No source reference provided. Recommend citing Plaisier 2010:127-129 (the grammar's ergativity secti"
lepc1244,Lepcha,GB409_15,1,,VALUE_FLAGGED,'Value 1 retained but flagged. Plaisier (2010:129) states that factors conditioning -nun~-nu include '
lepc1244,Lepcha,GB409_16,1,,MISSING_SOURCE,"No source reference provided. Recommend citing Plaisier 2010:127-129 (the grammar's ergativity secti"
lepc1244,Lepcha,GB409_17,1,,MISSING_SOURCE,"No source reference provided. Recommend citing Plaisier 2010:127-129 (the grammar's ergativity secti"
lepc1244,Lepcha,GB409_18,1,,MISSING_SOURCE,"No source reference provided. Recommend citing Plaisier 2010:127-129 (the grammar's ergativity secti"
lepc1244,Lepcha,GB409_19,1,0,VALUE_CORRECTED,'Original value 1 is incorrect. Plaisier (2010:127-129) explicitly states that animacy of the subject'
lepc1244,Lepcha,GB409_20,1,,MISSING_SOURCE,"No source reference provided. Recommend citing Plaisier 2010:127-129 (the grammar's ergativity secti"
lepc1244,Lepcha,GB409_21,1,,MISSING_SOURCE,"No source reference provided. Recommend citing Plaisier 2010:127-129 (the grammar's ergativity secti"
lepc1244,Lepcha,GB409_23,,0,VALUE_CORRECTED,'Original value was empty. Based on Plaisier (2010:127-129): the ergative marker is -nun~-nu (ABL suf'
lihi1237,Lihir,ALL,0,,SOURCE_NOTE,"All 24 features=0 (non-ergative Austronesian). Source p.86 shows phonetics; ergativity note may be on different subsection or page."
limb1266,Limbu,GB409_2,0,,COMMENT,'Value 0 confirmed: Van Driem (1987:26) explicitly states personal pronouns "take neither ergative nor absoluti'
limb1266,Limbu,GB409_3,0,,MISSING_SOURCE,'Value 0 confirmed. Same as GB409_2. Source: Van Driem 1987:26.'
limb1266,Limbu,GB409_4,0,,MISSING_SOURCE,'Value 0 confirmed. Same as GB409_2. Source: Van Driem 1987:26.'
limb1266,Limbu,GB409_16,1,,MISSING_SOURCE,'No source reference. Value 1 consistent with Limbu ergative system: ERG case -le/-re marks all full NP agents '
limb1266,Limbu,GB409_17,1,,MISSING_SOURCE,'No source reference. See GB409_16 comment. Recommend citing Van Driem 1987:39-40.'
limb1266,Limbu,GB409_22,0,,MISSING_SOURCE,'No source reference. Value 0 (no conditioning) may be debatable: personal pronouns do NOT take ERG or ABS in L'
limb1266,Limbu,GB409_23,0,1,VALUE_CORRECTED,'Original value 0 is incorrect. Van Driem (1987:34) explicitly lists ergative <-?ille; -le>; instrumental <-?il'
limb1266,Limbu,GB409_24,0,1,VALUE_CORRECTED,'Original value 0 is incorrect. Van Driem (1987:34) explicitly lists ergative <-?ille; -le> and instrumental <-'
lush1249,Mizo,GB409_22,0,,MISSING_SOURCE,'No source reference. Value 0 retained pending verification. Chhangte (1986:158) describes Mizo as "partially e'
lush1249,Mizo,GB409_23,0,,MISSING_SOURCE,'No source reference. Value 0 (ERG ≠ GEN) is expected for Mizo/Lushai (Chhangte 1986); a Tibeto-Burman language'
lush1249,Mizo,GB409_24,0,,MISSING_SOURCE,'No source reference. Value 0 (ERG ≠ INSTR) retained. The Mizo ergative clitic =in is functionally distinct fro'
maga1263,Mag-anchi Agta,GB409_5,0,,COMMENT,'Value 0 confirmed. Per GB409_1 comment: ergativity in Mag-anchi Agta is expressed through pronoun morphology o'
maga1263,Mag-anchi Agta,GB409_16,?,,COMMENT,'Value "?" not resolved. In Philippine-type systems; topicality is expressed through the focus/voice system (to'
maga1263,Mag-anchi Agta,GB409_21,?,,COMMENT,'Value "?" not resolved. Philippine-type subordinate clauses often have different voice/focus patterns. PDF tex'
maga1263,Mag-anchi Agta,GB409_22,0,,MISSING_SOURCE,'No source reference. Value 0 (no conditioning) plausible if pronoun-based ergativity is consistent across tens'
maga1263,Mag-anchi Agta,GB409_24,0,,MISSING_SOURCE,'No source reference. Value 0 (ERG≠INSTR) plausible for Philippine-type language. Add citation from Kitano & Pa'
mail1248,Magi,GB409_22,0,,MISSING_SOURCE,'No source reference. Thomson 1975:610 cited for other features; researcher should verify conditioning factors '
mail1248,Magi,GB409_23,0,,MISSING_SOURCE,'No source reference. Researcher should verify ERG vs GEN markers in Thomson 1975.'
mail1248,Magi,GB409_24,0,,MISSING_SOURCE,'No source reference. Researcher should verify ERG vs INSTR markers in Thomson 1975.'
macu1259,Macushi,GB409_22,0,,MISSING_SOURCE,'No source reference. Value 0 (no conditioning) plausible for Macushi (Cariban). Recommend citing Carson 1982.'
macu1259,Macushi,GB409_23,0,,MISSING_SOURCE,'No source reference. Recommend citing Carson 1982 for ERG vs GEN marker distinction.'
macu1259,Macushi,GB409_24,0,,MISSING_SOURCE,'No source reference. Recommend citing Carson 1982 for ERG vs INSTR marker distinction.'
mais1250,Maisin,GB409_22,0,,MISSING_SOURCE,'No source reference. Value 0 retained. Frampton 2020 cited for other features; add specific page for condition'
mais1250,Maisin,GB409_23,0,,MISSING_SOURCE,'No source reference. Recommend citing Frampton 2020.'
madn1237,Matngele,GB409_2,?,,MISSING_SOURCE,'Value "?" unresolved. No source. PDF/source must be checked (Zandvoort 1999) for 1st person pronoun ERG markin'
madn1237,Matngele,GB409_3,?,,MISSING_SOURCE,'Value "?" unresolved. No source. Verify in Zandvoort 1999.'
madn1237,Matngele,GB409_4,?,,MISSING_SOURCE,'Value "?" unresolved. No source. Verify in Zandvoort 1999.'
madn1237,Matngele,GB409_6,?,,MISSING_SOURCE,'Value "?" unresolved. No source. Verify imperfective aspect ergativity in Zandvoort 1999.'
madn1237,Matngele,GB409_9,?,,MISSING_SOURCE,'Value "?" unresolved. No source. Verify non-past ergativity in Zandvoort 1999.'
madn1237,Matngele,GB409_11,?,,MISSING_SOURCE,'Value "?" unresolved. No source. Verify non-indicative mood ergativity in Zandvoort 1999.'
madn1237,Matngele,GB409_13,?,,MISSING_SOURCE,'Value "?" unresolved. No source. Verify irrealis ergativity in Zandvoort 1999.'
madn1237,Matngele,GB409_15,?,,MISSING_SOURCE,'Value "?" unresolved. No source. Verify non-agentive A ergativity in Zandvoort 1999.'
madn1237,Matngele,GB409_16,?,,MISSING_SOURCE,'Value "?" unresolved. No source. Verify topical A ergativity in Zandvoort 1999.'
madn1237,Matngele,GB409_17,?,,MISSING_SOURCE,'Value "?" unresolved. No source. Verify non-topical A ergativity in Zandvoort 1999.'
madn1237,Matngele,GB409_21,?,,MISSING_SOURCE,'Value "?" unresolved. No source. Verify non-main clause ergativity in Zandvoort 1999.'
madn1237,Matngele,GB409_22,0,,MISSING_SOURCE,'Source listed as "1" — likely a data-entry error. Correct source is Zandvoort 1999. Researcher must verify con'
mana1288,Manange,GB409_9,0,,COMMENT,'Value 0 (no ERG in non-past) is consistent with tense-based split ergativity typical of Himalayan Tibeto-Burma'
mana1288,Manange,GB409_11,0,,MISSING_SOURCE,'Value 0 (no ERG in non-indicative) consistent with tense/aspect split. No source. Verify in Hildebrandt 2004.'
mana1288,Manange,GB409_13,0,,MISSING_SOURCE,'Value 0 (no ERG in irrealis) consistent with realis/irrealis split typical of Trans-Himalayan. No source. Veri'
mana1288,Manange,GB409_22,0,,MISSING_SOURCE,'No source. Value 0 may be incorrect if ERG is conditioned by tense/aspect (which the 0-values for GB409_9;11;1'
mana1288,Manange,GB409_23,0,,MISSING_SOURCE,'No source. Verify ERG vs GEN marker distinction in Hildebrandt 2004:67-68.'
adny1235,BATCH,GB409_1,0,,MISSING_SOURCE,'No source reference provided. Recommend citing the grammar for this feature.'
adny1235,BATCH,GB409_2,1,,MISSING_SOURCE,'No source reference provided. Recommend citing the grammar for this feature.'
adny1235,BATCH,GB409_3,1,,MISSING_SOURCE,'No source reference provided. Recommend citing the grammar for this feature.'
adny1235,BATCH,GB409_4,1,,MISSING_SOURCE,'No source reference provided. Recommend citing the grammar for this feature.'
adny1235,BATCH,GB409_5,1,,MISSING_SOURCE,'No source reference provided. Recommend citing the grammar for this feature.'
adny1235,BATCH,GB409_6,1,,MISSING_SOURCE,'No source reference provided. Recommend citing the grammar for this feature.'
adny1235,BATCH,GB409_7,1,,MISSING_SOURCE,'No source reference provided. Recommend citing the grammar for this feature.'
adny1235,BATCH,GB409_8,1,,MISSING_SOURCE,'No source reference provided. Recommend citing the grammar for this feature.'
adny1235,BATCH,GB409_9,1,,MISSING_SOURCE,'No source reference provided. Recommend citing the grammar for this feature.'
adny1235,BATCH,GB409_10,1,,MISSING_SOURCE,'No source reference provided. Recommend citing the grammar for this feature.'
adny1235,BATCH,GB409_11,1,,MISSING_SOURCE,'No source reference provided. Recommend citing the grammar for this feature.'
adny1235,BATCH,GB409_12,1,,MISSING_SOURCE,'No source reference provided. Recommend citing the grammar for this feature.'
adny1235,BATCH,GB409_13,1,,MISSING_SOURCE,'No source reference provided. Recommend citing the grammar for this feature.'
adny1235,BATCH,GB409_14,1,,MISSING_SOURCE,'No source reference provided. Recommend citing the grammar for this feature.'
adny1235,BATCH,GB409_15,1,,MISSING_SOURCE,'No source reference provided. Recommend citing the grammar for this feature.'
adny1235,BATCH,GB409_16,1,,MISSING_SOURCE,'No source reference provided. Recommend citing the grammar for this feature.'
adny1235,BATCH,GB409_17,1,,MISSING_SOURCE,'No source reference provided. Recommend citing the grammar for this feature.'
adny1235,BATCH,GB409_18,1,,MISSING_SOURCE,'No source reference provided. Recommend citing the grammar for this feature.'
adny1235,BATCH,GB409_19,1,,MISSING_SOURCE,'No source reference provided. Recommend citing the grammar for this feature.'
adny1235,BATCH,GB409_20,1,,MISSING_SOURCE,'No source reference provided. Recommend citing the grammar for this feature.'
adny1235,BATCH,GB409_21,1,,MISSING_SOURCE,'No source reference provided. Recommend citing the grammar for this feature.'
adny1235,BATCH,GB409_22,1,,MISSING_SOURCE,'No source reference provided. Recommend citing the grammar for this feature.'
adny1235,BATCH,GB409_23,0,,MISSING_SOURCE,'No source reference provided. Recommend citing the grammar for this feature.'
adny1235,BATCH,GB409_24,1,,MISSING_SOURCE,'No source reference provided. Recommend citing the grammar for this feature.'
aghu1254,BATCH,GB409_1,0,,MISSING_SOURCE,'No source reference provided. Recommend citing the grammar for this feature.'
aghu1254,BATCH,GB409_2,0,,MISSING_SOURCE,'No source reference provided. Recommend citing the grammar for this feature.'
aghu1254,BATCH,GB409_3,0,,MISSING_SOURCE,'No source reference provided. Recommend citing the grammar for this feature.'
aghu1254,BATCH,GB409_4,0,,MISSING_SOURCE,'No source reference provided. Recommend citing the grammar for this feature.'
aghu1254,BATCH,GB409_5,1,,MISSING_SOURCE,'No source reference provided. Recommend citing the grammar for this feature.'
aghu1254,BATCH,GB409_6,1,,MISSING_SOURCE,'No source reference provided. Recommend citing the grammar for this feature.'
aghu1254,BATCH,GB409_7,1,,MISSING_SOURCE,'No source reference provided. Recommend citing the grammar for this feature.'
aghu1254,BATCH,GB409_8,1,,MISSING_SOURCE,'No source reference provided. Recommend citing the grammar for this feature.'
aghu1254,BATCH,GB409_9,1,,MISSING_SOURCE,'No source reference provided. Recommend citing the grammar for this feature.'
aghu1254,BATCH,GB409_10,1,,MISSING_SOURCE,'No source reference provided. Recommend citing the grammar for this feature.'
aghu1254,BATCH,GB409_11,?,,MISSING_VALUE,'Value not resolved ("?"). Researcher must determine correct coding from the grammar source.'
aghu1254,BATCH,GB409_12,1,,MISSING_SOURCE,'No source reference provided. Recommend citing the grammar for this feature.'
aghu1254,BATCH,GB409_13,1,,MISSING_SOURCE,'No source reference provided. Recommend citing the grammar for this feature.'
aghu1254,BATCH,GB409_14,1,,MISSING_SOURCE,'No source reference provided. Recommend citing the grammar for this feature.'
aghu1254,BATCH,GB409_15,0,,MISSING_SOURCE,'No source reference provided. Recommend citing the grammar for this feature.'
aghu1254,BATCH,GB409_16,?,,MISSING_VALUE,'Value not resolved ("?"). Researcher must determine correct coding from the grammar source.'
aghu1254,BATCH,GB409_17,?,,MISSING_VALUE,'Value not resolved ("?"). Researcher must determine correct coding from the grammar source.'
aghu1254,BATCH,GB409_18,1,,MISSING_SOURCE,'No source reference provided. Recommend citing the grammar for this feature.'
aghu1254,BATCH,GB409_19,0,,MISSING_SOURCE,'No source reference provided. Recommend citing the grammar for this feature.'
aghu1254,BATCH,GB409_20,1,,MISSING_SOURCE,'No source reference provided. Recommend citing the grammar for this feature.'
aghu1254,BATCH,GB409_21,1,,MISSING_SOURCE,'No source reference provided. Recommend citing the grammar for this feature.'
aghu1254,BATCH,GB409_22,1,,MISSING_SOURCE,'No source reference provided. Recommend citing the grammar for this feature.'
aghu1254,BATCH,GB409_23,0,,MISSING_SOURCE,'No source reference provided. Recommend citing the grammar for this feature.'
aghu1254,BATCH,GB409_24,1,,MISSING_SOURCE,'No source reference provided. Recommend citing the grammar for this feature.'
agus1235,BATCH,GB409_1,1,,MISSING_SOURCE,'No source reference provided. Recommend citing the grammar for this feature.'
agus1235,BATCH,GB409_2,1,,MISSING_SOURCE,'No source reference provided. Recommend citing the grammar for this feature.'
agus1235,BATCH,GB409_3,1,,MISSING_SOURCE,'No source reference provided. Recommend citing the grammar for this feature.'
agus1235,BATCH,GB409_4,1,,MISSING_SOURCE,'No source reference provided. Recommend citing the grammar for this feature.'
agus1235,BATCH,GB409_5,1,,MISSING_SOURCE,'No source reference provided. Recommend citing the grammar for this feature.'
agus1235,BATCH,GB409_6,1,,MISSING_SOURCE,'No source reference provided. Recommend citing the grammar for this feature.'
agus1235,BATCH,GB409_7,1,,MISSING_SOURCE,'No source reference provided. Recommend citing the grammar for this feature.'
agus1235,BATCH,GB409_8,1,,MISSING_SOURCE,'No source reference provided. Recommend citing the grammar for this feature.'
agus1235,BATCH,GB409_9,1,,MISSING_SOURCE,'No source reference provided. Recommend citing the grammar for this feature.'
agus1235,BATCH,GB409_10,1,,MISSING_SOURCE,'No source reference provided. Recommend citing the grammar for this feature.'
agus1235,BATCH,GB409_11,1,,MISSING_SOURCE,'No source reference provided. Recommend citing the grammar for this feature.'
agus1235,BATCH,GB409_12,1,,MISSING_SOURCE,'No source reference provided. Recommend citing the grammar for this feature.'
agus1235,BATCH,GB409_13,1,,MISSING_SOURCE,'No source reference provided. Recommend citing the grammar for this feature.'
agus1235,BATCH,GB409_14,1,,MISSING_SOURCE,'No source reference provided. Recommend citing the grammar for this feature.'
agus1235,BATCH,GB409_15,1,,MISSING_SOURCE,'No source reference provided. Recommend citing the grammar for this feature.'
agus1235,BATCH,GB409_16,0,,MISSING_SOURCE,'No source reference provided. Recommend citing the grammar for this feature.'
agus1235,BATCH,GB409_17,1,,MISSING_SOURCE,'No source reference provided. Recommend citing the grammar for this feature.'
agus1235,BATCH,GB409_18,1,,MISSING_SOURCE,'No source reference provided. Recommend citing the grammar for this feature.'
agus1235,BATCH,GB409_19,?,,MISSING_VALUE,'Value not resolved ("?"). Researcher must determine correct coding from the grammar source.'
agus1235,BATCH,GB409_20,1,,MISSING_SOURCE,'No source reference provided. Recommend citing the grammar for this feature.'
agus1235,BATCH,GB409_21,1,,MISSING_SOURCE,'No source reference provided. Recommend citing the grammar for this feature.'
agus1235,BATCH,GB409_22,?,,MISSING_VALUE,'Value not resolved ("?"). Researcher must determine correct coding from the grammar source.'
agus1235,BATCH,GB409_23,1,,MISSING_SOURCE,'No source reference provided. Recommend citing the grammar for this feature.'
agus1235,BATCH,GB409_24,0,,MISSING_SOURCE,'No source reference provided. Recommend citing the grammar for this feature.'
aleu1260,BATCH,GB409_1,1,,MISSING_SOURCE,'No source reference provided. Recommend citing the grammar for this feature.'
aleu1260,BATCH,GB409_2,0,,MISSING_SOURCE,'No source reference provided. Recommend citing the grammar for this feature.'
aleu1260,BATCH,GB409_3,0,,MISSING_SOURCE,'No source reference provided. Recommend citing the grammar for this feature.'
aleu1260,BATCH,GB409_4,1,,MISSING_SOURCE,'No source reference provided. Recommend citing the grammar for this feature.'
aleu1260,BATCH,GB409_5,1,,MISSING_SOURCE,'No source reference provided. Recommend citing the grammar for this feature.'
aleu1260,BATCH,GB409_6,1,,MISSING_SOURCE,'No source reference provided. Recommend citing the grammar for this feature.'
aleu1260,BATCH,GB409_7,1,,MISSING_SOURCE,'No source reference provided. Recommend citing the grammar for this feature.'
aleu1260,BATCH,GB409_8,1,,MISSING_SOURCE,'No source reference provided. Recommend citing the grammar for this feature.'
aleu1260,BATCH,GB409_9,1,,MISSING_SOURCE,'No source reference provided. Recommend citing the grammar for this feature.'
aleu1260,BATCH,GB409_10,1,,MISSING_SOURCE,'No source reference provided. Recommend citing the grammar for this feature.'
aleu1260,BATCH,GB409_11,1,,MISSING_SOURCE,'No source reference provided. Recommend citing the grammar for this feature.'
aleu1260,BATCH,GB409_12,1,,MISSING_SOURCE,'No source reference provided. Recommend citing the grammar for this feature.'
aleu1260,BATCH,GB409_13,1,,MISSING_SOURCE,'No source reference provided. Recommend citing the grammar for this feature.'
aleu1260,BATCH,GB409_14,1,,MISSING_SOURCE,'No source reference provided. Recommend citing the grammar for this feature.'
aleu1260,BATCH,GB409_15,?,,MISSING_VALUE,'Value not resolved ("?"). Researcher must determine correct coding from the grammar source.'
aleu1260,BATCH,GB409_16,1,,MISSING_SOURCE,'No source reference provided. Recommend citing the grammar for this feature.'
aleu1260,BATCH,GB409_17,1,,MISSING_SOURCE,'No source reference provided. Recommend citing the grammar for this feature.'
aleu1260,BATCH,GB409_18,1,,MISSING_SOURCE,'No source reference provided. Recommend citing the grammar for this feature.'
aleu1260,BATCH,GB409_19,?,,MISSING_VALUE,'Value not resolved ("?"). Researcher must determine correct coding from the grammar source.'
aleu1260,BATCH,GB409_20,1,,MISSING_SOURCE,'No source reference provided. Recommend citing the grammar for this feature.'
aleu1260,BATCH,GB409_21,1,,MISSING_SOURCE,'No source reference provided. Recommend citing the grammar for this feature.'
aleu1260,BATCH,GB409_22,1,,MISSING_SOURCE,'No source reference provided. Recommend citing the grammar for this feature.'
aleu1260,BATCH,GB409_23,1,,MISSING_SOURCE,'No source reference provided. Recommend citing the grammar for this feature.'
aleu1260,BATCH,GB409_24,0,,MISSING_SOURCE,'No source reference provided. Recommend citing the grammar for this feature.'
alya1239,BATCH,GB409_1,0,,MISSING_SOURCE,'No source reference provided. Recommend citing the grammar for this feature.'
alya1239,BATCH,GB409_2,0,,MISSING_SOURCE,'No source reference provided. Recommend citing the grammar for this feature.'
alya1239,BATCH,GB409_3,0,,MISSING_SOURCE,'No source reference provided. Recommend citing the grammar for this feature.'
alya1239,BATCH,GB409_4,0,,MISSING_SOURCE,'No source reference provided. Recommend citing the grammar for this feature.'
alya1239,BATCH,GB409_5,1,,MISSING_SOURCE,'No source reference provided. Recommend citing the grammar for this feature.'
alya1239,BATCH,GB409_6,1,,MISSING_SOURCE,'No source reference provided. Recommend citing the grammar for this feature.'
alya1239,BATCH,GB409_7,1,,MISSING_SOURCE,'No source reference provided. Recommend citing the grammar for this feature.'
alya1239,BATCH,GB409_8,1,,MISSING_SOURCE,'No source reference provided. Recommend citing the grammar for this feature.'
alya1239,BATCH,GB409_9,1,,MISSING_SOURCE,'No source reference provided. Recommend citing the grammar for this feature.'
alya1239,BATCH,GB409_10,1,,MISSING_SOURCE,'No source reference provided. Recommend citing the grammar for this feature.'
alya1239,BATCH,GB409_11,1,,MISSING_SOURCE,'No source reference provided. Recommend citing the grammar for this feature.'
alya1239,BATCH,GB409_12,1,,MISSING_SOURCE,'No source reference provided. Recommend citing the grammar for this feature.'
alya1239,BATCH,GB409_13,1,,MISSING_SOURCE,'No source reference provided. Recommend citing the grammar for this feature.'
alya1239,BATCH,GB409_14,1,,MISSING_SOURCE,'No source reference provided. Recommend citing the grammar for this feature.'
alya1239,BATCH,GB409_15,1,,MISSING_SOURCE,'No source reference provided. Recommend citing the grammar for this feature.'
alya1239,BATCH,GB409_16,1,,MISSING_SOURCE,'No source reference provided. Recommend citing the grammar for this feature.'
alya1239,BATCH,GB409_17,1,,MISSING_SOURCE,'No source reference provided. Recommend citing the grammar for this feature.'
alya1239,BATCH,GB409_18,1,,MISSING_SOURCE,'No source reference provided. Recommend citing the grammar for this feature.'
alya1239,BATCH,GB409_19,1,,MISSING_SOURCE,'No source reference provided. Recommend citing the grammar for this feature.'
alya1239,BATCH,GB409_20,1,,MISSING_SOURCE,'No source reference provided. Recommend citing the grammar for this feature.'
alya1239,BATCH,GB409_21,1,,MISSING_SOURCE,'No source reference provided. Recommend citing the grammar for this feature.'
alya1239,BATCH,GB409_22,1,,MISSING_SOURCE,'No source reference provided. Recommend citing the grammar for this feature.'
alya1239,BATCH,GB409_23,0,,MISSING_SOURCE,'No source reference provided. Recommend citing the grammar for this feature.'
alya1239,BATCH,GB409_24,1,,MISSING_SOURCE,'No source reference provided. Recommend citing the grammar for this feature.'
amdo1237,BATCH,GB409_1,0,,MISSING_SOURCE,'No source reference provided. Recommend citing the grammar for this feature.'
amdo1237,BATCH,GB409_2,1,,MISSING_SOURCE,'No source reference provided. Recommend citing the grammar for this feature.'
amdo1237,BATCH,GB409_3,1,,MISSING_SOURCE,'No source reference provided. Recommend citing the grammar for this feature.'
amdo1237,BATCH,GB409_4,1,,MISSING_SOURCE,'No source reference provided. Recommend citing the grammar for this feature.'
amdo1237,BATCH,GB409_5,1,,MISSING_SOURCE,'No source reference provided. Recommend citing the grammar for this feature.'
amdo1237,BATCH,GB409_6,1,,MISSING_SOURCE,'No source reference provided. Recommend citing the grammar for this feature.'
amdo1237,BATCH,GB409_7,1,,MISSING_SOURCE,'No source reference provided. Recommend citing the grammar for this feature.'
amdo1237,BATCH,GB409_8,1,,MISSING_SOURCE,'No source reference provided. Recommend citing the grammar for this feature.'
amdo1237,BATCH,GB409_9,1,,MISSING_SOURCE,'No source reference provided. Recommend citing the grammar for this feature.'
amdo1237,BATCH,GB409_10,1,,MISSING_SOURCE,'No source reference provided. Recommend citing the grammar for this feature.'
amdo1237,BATCH,GB409_11,1,,MISSING_SOURCE,'No source reference provided. Recommend citing the grammar for this feature.'
amdo1237,BATCH,GB409_12,1,,MISSING_SOURCE,'No source reference provided. Recommend citing the grammar for this feature.'
amdo1237,BATCH,GB409_13,1,,MISSING_SOURCE,'No source reference provided. Recommend citing the grammar for this feature.'
amdo1237,BATCH,GB409_14,1,,MISSING_SOURCE,'No source reference provided. Recommend citing the grammar for this feature.'
amdo1237,BATCH,GB409_15,1,,MISSING_SOURCE,'No source reference provided. Recommend citing the grammar for this feature.'
amdo1237,BATCH,GB409_16,1,,MISSING_SOURCE,'No source reference provided. Recommend citing the grammar for this feature.'
amdo1237,BATCH,GB409_17,1,,MISSING_SOURCE,'No source reference provided. Recommend citing the grammar for this feature.'
amdo1237,BATCH,GB409_18,1,,MISSING_SOURCE,'No source reference provided. Recommend citing the grammar for this feature.'
amdo1237,BATCH,GB409_19,1,,MISSING_SOURCE,'No source reference provided. Recommend citing the grammar for this feature.'
amdo1237,BATCH,GB409_20,1,,MISSING_SOURCE,'No source reference provided. Recommend citing the grammar for this feature.'
amdo1237,BATCH,GB409_21,1,,MISSING_SOURCE,'No source reference provided. Recommend citing the grammar for this feature.'
amdo1237,BATCH,GB409_22,1,,MISSING_SOURCE,'No source reference provided. Recommend citing the grammar for this feature.'
amdo1237,BATCH,GB409_23,1,,MISSING_SOURCE,'No source reference provided. Recommend citing the grammar for this feature.'
amdo1237,BATCH,GB409_24,1,,MISSING_SOURCE,'No source reference provided. Recommend citing the grammar for this feature.'
amis1246,BATCH,GB409_1,1,,MISSING_SOURCE,'No source reference provided. Recommend citing the grammar for this feature.'
amis1246,BATCH,GB409_2,1,,MISSING_SOURCE,'No source reference provided. Recommend citing the grammar for this feature.'
amis1246,BATCH,GB409_3,1,,MISSING_SOURCE,'No source reference provided. Recommend citing the grammar for this feature.'
amis1246,BATCH,GB409_4,1,,MISSING_SOURCE,'No source reference provided. Recommend citing the grammar for this feature.'
amis1246,BATCH,GB409_5,1,,MISSING_SOURCE,'No source reference provided. Recommend citing the grammar for this feature.'
amis1246,BATCH,GB409_6,1,,MISSING_SOURCE,'No source reference provided. Recommend citing the grammar for this feature.'
amis1246,BATCH,GB409_7,1,,MISSING_SOURCE,'No source reference provided. Recommend citing the grammar for this feature.'
amis1246,BATCH,GB409_8,1,,MISSING_SOURCE,'No source reference provided. Recommend citing the grammar for this feature.'
amis1246,BATCH,GB409_9,1,,MISSING_SOURCE,'No source reference provided. Recommend citing the grammar for this feature.'
amis1246,BATCH,GB409_10,1,,MISSING_SOURCE,'No source reference provided. Recommend citing the grammar for this feature.'
amis1246,BATCH,GB409_11,1,,MISSING_SOURCE,'No source reference provided. Recommend citing the grammar for this feature.'
amis1246,BATCH,GB409_12,1,,MISSING_SOURCE,'No source reference provided. Recommend citing the grammar for this feature.'
amis1246,BATCH,GB409_13,1,,MISSING_SOURCE,'No source reference provided. Recommend citing the grammar for this feature.'
amis1246,BATCH,GB409_14,1,,MISSING_SOURCE,'No source reference provided. Recommend citing the grammar for this feature.'
amis1246,BATCH,GB409_15,1,,MISSING_SOURCE,'No source reference provided. Recommend citing the grammar for this feature.'
amis1246,BATCH,GB409_16,1,,MISSING_SOURCE,'No source reference provided. Recommend citing the grammar for this feature.'
amis1246,BATCH,GB409_17,1,,MISSING_SOURCE,'No source reference provided. Recommend citing the grammar for this feature.'
amis1246,BATCH,GB409_18,1,,MISSING_SOURCE,'No source reference provided. Recommend citing the grammar for this feature.'
amis1246,BATCH,GB409_19,1,,MISSING_SOURCE,'No source reference provided. Recommend citing the grammar for this feature.'
amis1246,BATCH,GB409_20,1,,MISSING_SOURCE,'No source reference provided. Recommend citing the grammar for this feature.'
amis1246,BATCH,GB409_21,1,,MISSING_SOURCE,'No source reference provided. Recommend citing the grammar for this feature.'
amis1246,BATCH,GB409_22,1,,MISSING_SOURCE,'No source reference provided. Recommend citing the grammar for this feature.'
amis1246,BATCH,GB409_23,1,,MISSING_SOURCE,'No source reference provided. Recommend citing the grammar for this feature.'
amis1246,BATCH,GB409_24,0,,MISSING_SOURCE,'No source reference provided. Recommend citing the grammar for this feature.'
anut1237,BATCH,GB409_1,0,,MISSING_SOURCE,'No source reference provided. Recommend citing the grammar for this feature.'
anut1237,BATCH,GB409_2,1,,MISSING_SOURCE,'No source reference provided. Recommend citing the grammar for this feature.'
anut1237,BATCH,GB409_3,1,,MISSING_SOURCE,'No source reference provided. Recommend citing the grammar for this feature.'
anut1237,BATCH,GB409_4,1,,MISSING_SOURCE,'No source reference provided. Recommend citing the grammar for this feature.'
anut1237,BATCH,GB409_5,1,,MISSING_SOURCE,'No source reference provided. Recommend citing the grammar for this feature.'
anut1237,BATCH,GB409_6,?,,MISSING_VALUE,'Value not resolved ("?"). Researcher must determine correct coding from the grammar source.'
anut1237,BATCH,GB409_7,1,,MISSING_SOURCE,'No source reference provided. Recommend citing the grammar for this feature.'
anut1237,BATCH,GB409_8,1,,MISSING_SOURCE,'No source reference provided. Recommend citing the grammar for this feature.'
anut1237,BATCH,GB409_9,1,,MISSING_SOURCE,'No source reference provided. Recommend citing the grammar for this feature.'
anut1237,BATCH,GB409_10,1,,MISSING_SOURCE,'No source reference provided. Recommend citing the grammar for this feature.'
anut1237,BATCH,GB409_11,?,,MISSING_VALUE,'Value not resolved ("?"). Researcher must determine correct coding from the grammar source.'
anut1237,BATCH,GB409_12,1,,MISSING_SOURCE,'No source reference provided. Recommend citing the grammar for this feature.'
anut1237,BATCH,GB409_13,1,,MISSING_SOURCE,'No source reference provided. Recommend citing the grammar for this feature.'
anut1237,BATCH,GB409_14,1,,MISSING_SOURCE,'No source reference provided. Recommend citing the grammar for this feature.'
anut1237,BATCH,GB409_15,?,,MISSING_VALUE,'Value not resolved ("?"). Researcher must determine correct coding from the grammar source.'
anut1237,BATCH,GB409_16,1,,MISSING_SOURCE,'No source reference provided. Recommend citing the grammar for this feature.'
anut1237,BATCH,GB409_17,1,,MISSING_SOURCE,'No source reference provided. Recommend citing the grammar for this feature.'
anut1237,BATCH,GB409_18,1,,MISSING_SOURCE,'No source reference provided. Recommend citing the grammar for this feature.'
anut1237,BATCH,GB409_19,?,,MISSING_VALUE,'Value not resolved ("?"). Researcher must determine correct coding from the grammar source.'
anut1237,BATCH,GB409_20,1,,MISSING_SOURCE,'No source reference provided. Recommend citing the grammar for this feature.'
anut1237,BATCH,GB409_21,0,,MISSING_SOURCE,'No source reference provided. Recommend citing the grammar for this feature.'
anut1237,BATCH,GB409_22,0,,MISSING_SOURCE,'No source reference provided. Recommend citing the grammar for this feature.'
anut1237,BATCH,GB409_23,0,,MISSING_SOURCE,'No source reference provided. Recommend citing the grammar for this feature.'
anut1237,BATCH,GB409_24,0,,MISSING_SOURCE,'No source reference provided. Recommend citing the grammar for this feature.'
apin1244,BATCH,GB409_1,1,,MISSING_SOURCE,'No source reference provided. Recommend citing the grammar for this feature.'
apin1244,BATCH,GB409_2,1,,MISSING_SOURCE,'No source reference provided. Recommend citing the grammar for this feature.'
apin1244,BATCH,GB409_3,1,,MISSING_SOURCE,'No source reference provided. Recommend citing the grammar for this feature.'
apin1244,BATCH,GB409_4,1,,MISSING_SOURCE,'No source reference provided. Recommend citing the grammar for this feature.'
apin1244,BATCH,GB409_5,1,,MISSING_SOURCE,'No source reference provided. Recommend citing the grammar for this feature.'
apin1244,BATCH,GB409_6,0,,MISSING_SOURCE,'No source reference provided. Recommend citing the grammar for this feature.'
apin1244,BATCH,GB409_7,0,,MISSING_SOURCE,'No source reference provided. Recommend citing the grammar for this feature.'
apin1244,BATCH,GB409_8,0,,MISSING_SOURCE,'No source reference provided. Recommend citing the grammar for this feature.'
apin1244,BATCH,GB409_9,0,,MISSING_SOURCE,'No source reference provided. Recommend citing the grammar for this feature.'
apin1244,BATCH,GB409_10,0,,MISSING_SOURCE,'No source reference provided. Recommend citing the grammar for this feature.'
apin1244,BATCH,GB409_11,0,,MISSING_SOURCE,'No source reference provided. Recommend citing the grammar for this feature.'
apin1244,BATCH,GB409_12,0,,MISSING_SOURCE,'No source reference provided. Recommend citing the grammar for this feature.'
apin1244,BATCH,GB409_13,0,,MISSING_SOURCE,'No source reference provided. Recommend citing the grammar for this feature.'
apin1244,BATCH,GB409_14,1,,MISSING_SOURCE,'No source reference provided. Recommend citing the grammar for this feature.'
apin1244,BATCH,GB409_15,0,,MISSING_SOURCE,'No source reference provided. Recommend citing the grammar for this feature.'
apin1244,BATCH,GB409_16,1,,MISSING_SOURCE,'No source reference provided. Recommend citing the grammar for this feature.'
apin1244,BATCH,GB409_17,1,,MISSING_SOURCE,'No source reference provided. Recommend citing the grammar for this feature.'
apin1244,BATCH,GB409_18,1,,MISSING_SOURCE,'No source reference provided. Recommend citing the grammar for this feature.'
apin1244,BATCH,GB409_19,1,,MISSING_SOURCE,'No source reference provided. Recommend citing the grammar for this feature.'
apin1244,BATCH,GB409_20,1,,MISSING_SOURCE,'No source reference provided. Recommend citing the grammar for this feature.'
apin1244,BATCH,GB409_21,1,,MISSING_SOURCE,'No source reference provided. Recommend citing the grammar for this feature.'
apin1244,BATCH,GB409_22,1,,MISSING_SOURCE,'No source reference provided. Recommend citing the grammar for this feature.'
apin1244,BATCH,GB409_23,0,,MISSING_SOURCE,'No source reference provided. Recommend citing the grammar for this feature.'
apin1244,BATCH,GB409_24,0,,MISSING_SOURCE,'No source reference provided. Recommend citing the grammar for this feature.'
arab1267,BATCH,GB409_1,0,,MISSING_SOURCE,'No source reference provided. Recommend citing the grammar for this feature.'
arab1267,BATCH,GB409_2,1,,MISSING_SOURCE,'No source reference provided. Recommend citing the grammar for this feature.'
arab1267,BATCH,GB409_3,1,,MISSING_SOURCE,'No source reference provided. Recommend citing the grammar for this feature.'
arab1267,BATCH,GB409_4,1,,MISSING_SOURCE,'No source reference provided. Recommend citing the grammar for this feature.'
arab1267,BATCH,GB409_5,1,,MISSING_SOURCE,'No source reference provided. Recommend citing the grammar for this feature.'
arab1267,BATCH,GB409_6,1,,MISSING_SOURCE,'No source reference provided. Recommend citing the grammar for this feature.'
arab1267,BATCH,GB409_7,1,,MISSING_SOURCE,'No source reference provided. Recommend citing the grammar for this feature.'
arab1267,BATCH,GB409_8,1,,MISSING_SOURCE,'No source reference provided. Recommend citing the grammar for this feature.'
arab1267,BATCH,GB409_9,1,,MISSING_SOURCE,'No source reference provided. Recommend citing the grammar for this feature.'
arab1267,BATCH,GB409_10,1,,MISSING_SOURCE,'No source reference provided. Recommend citing the grammar for this feature.'
arab1267,BATCH,GB409_11,1,,MISSING_SOURCE,'No source reference provided. Recommend citing the grammar for this feature.'
arab1267,BATCH,GB409_12,1,,MISSING_SOURCE,'No source reference provided. Recommend citing the grammar for this feature.'
arab1267,BATCH,GB409_13,1,,MISSING_SOURCE,'No source reference provided. Recommend citing the grammar for this feature.'
arab1267,BATCH,GB409_14,1,,MISSING_SOURCE,'No source reference provided. Recommend citing the grammar for this feature.'
arab1267,BATCH,GB409_15,1,,MISSING_SOURCE,'No source reference provided. Recommend citing the grammar for this feature.'
arab1267,BATCH,GB409_16,0,,MISSING_SOURCE,'No source reference provided. Recommend citing the grammar for this feature.'
arab1267,BATCH,GB409_17,1,,MISSING_SOURCE,'No source reference provided. Recommend citing the grammar for this feature.'
arab1267,BATCH,GB409_18,1,,MISSING_SOURCE,'No source reference provided. Recommend citing the grammar for this feature.'
arab1267,BATCH,GB409_19,1,,MISSING_SOURCE,'No source reference provided. Recommend citing the grammar for this feature.'
arab1267,BATCH,GB409_20,1,,MISSING_SOURCE,'No source reference provided. Recommend citing the grammar for this feature.'
arab1267,BATCH,GB409_21,1,,MISSING_SOURCE,'No source reference provided. Recommend citing the grammar for this feature.'
arab1267,BATCH,GB409_22,1,,MISSING_SOURCE,'No source reference provided. Recommend citing the grammar for this feature.'
arab1267,BATCH,GB409_23,0,,MISSING_SOURCE,'No source reference provided. Recommend citing the grammar for this feature.'
arab1267,BATCH,GB409_24,1,,MISSING_SOURCE,'No source reference provided. Recommend citing the grammar for this feature.'
arta1239,BATCH,GB409_1,1,,MISSING_SOURCE,'No source reference provided. Recommend citing the grammar for this feature.'
arta1239,BATCH,GB409_2,1,,MISSING_SOURCE,'No source reference provided. Recommend citing the grammar for this feature.'
arta1239,BATCH,GB409_3,1,,MISSING_SOURCE,'No source reference provided. Recommend citing the grammar for this feature.'
arta1239,BATCH,GB409_4,1,,MISSING_SOURCE,'No source reference provided. Recommend citing the grammar for this feature.'
arta1239,BATCH,GB409_5,1,,MISSING_SOURCE,'No source reference provided. Recommend citing the grammar for this feature.'
arta1239,BATCH,GB409_6,1,,MISSING_SOURCE,'No source reference provided. Recommend citing the grammar for this feature.'
arta1239,BATCH,GB409_7,1,,MISSING_SOURCE,'No source reference provided. Recommend citing the grammar for this feature.'
arta1239,BATCH,GB409_8,1,,MISSING_SOURCE,'No source reference provided. Recommend citing the grammar for this feature.'
arta1239,BATCH,GB409_9,1,,MISSING_SOURCE,'No source reference provided. Recommend citing the grammar for this feature.'
arta1239,BATCH,GB409_10,1,,MISSING_SOURCE,'No source reference provided. Recommend citing the grammar for this feature.'
arta1239,BATCH,GB409_11,1,,MISSING_SOURCE,'No source reference provided. Recommend citing the grammar for this feature.'
arta1239,BATCH,GB409_12,1,,MISSING_SOURCE,'No source reference provided. Recommend citing the grammar for this feature.'
arta1239,BATCH,GB409_13,1,,MISSING_SOURCE,'No source reference provided. Recommend citing the grammar for this feature.'
arta1239,BATCH,GB409_14,1,,MISSING_SOURCE,'No source reference provided. Recommend citing the grammar for this feature.'
arta1239,BATCH,GB409_15,1,,MISSING_SOURCE,'No source reference provided. Recommend citing the grammar for this feature.'
arta1239,BATCH,GB409_16,1,,MISSING_SOURCE,'No source reference provided. Recommend citing the grammar for this feature.'
arta1239,BATCH,GB409_17,1,,MISSING_SOURCE,'No source reference provided. Recommend citing the grammar for this feature.'
arta1239,BATCH,GB409_18,1,,MISSING_SOURCE,'No source reference provided. Recommend citing the grammar for this feature.'
arta1239,BATCH,GB409_19,1,,MISSING_SOURCE,'No source reference provided. Recommend citing the grammar for this feature.'
arta1239,BATCH,GB409_20,1,,MISSING_SOURCE,'No source reference provided. Recommend citing the grammar for this feature.'
arta1239,BATCH,GB409_21,1,,MISSING_SOURCE,'No source reference provided. Recommend citing the grammar for this feature.'
arta1239,BATCH,GB409_22,1,,MISSING_SOURCE,'No source reference provided. Recommend citing the grammar for this feature.'
arta1239,BATCH,GB409_23,1,,MISSING_SOURCE,'No source reference provided. Recommend citing the grammar for this feature.'
arta1239,BATCH,GB409_24,0,,MISSING_SOURCE,'No source reference provided. Recommend citing the grammar for this feature.'
athp1241,BATCH,GB409_1,0,,MISSING_SOURCE,'No source reference provided. Recommend citing the grammar for this feature.'
athp1241,BATCH,GB409_2,0,,MISSING_SOURCE,'No source reference provided. Recommend citing the grammar for this feature.'
athp1241,BATCH,GB409_3,1,,MISSING_SOURCE,'No source reference provided. Recommend citing the grammar for this feature.'
athp1241,BATCH,GB409_4,1,,MISSING_SOURCE,'No source reference provided. Recommend citing the grammar for this feature.'
athp1241,BATCH,GB409_5,1,,MISSING_SOURCE,'No source reference provided. Recommend citing the grammar for this feature.'
athp1241,BATCH,GB409_6,1,,MISSING_SOURCE,'No source reference provided. Recommend citing the grammar for this feature.'
athp1241,BATCH,GB409_7,1,,MISSING_SOURCE,'No source reference provided. Recommend citing the grammar for this feature.'
athp1241,BATCH,GB409_8,1,,MISSING_SOURCE,'No source reference provided. Recommend citing the grammar for this feature.'
athp1241,BATCH,GB409_9,1,,MISSING_SOURCE,'No source reference provided. Recommend citing the grammar for this feature.'
athp1241,BATCH,GB409_10,1,,MISSING_SOURCE,'No source reference provided. Recommend citing the grammar for this feature.'
athp1241,BATCH,GB409_11,1,,MISSING_SOURCE,'No source reference provided. Recommend citing the grammar for this feature.'
athp1241,BATCH,GB409_12,1,,MISSING_SOURCE,'No source reference provided. Recommend citing the grammar for this feature.'
athp1241,BATCH,GB409_13,1,,MISSING_SOURCE,'No source reference provided. Recommend citing the grammar for this feature.'
athp1241,BATCH,GB409_14,1,,MISSING_SOURCE,'No source reference provided. Recommend citing the grammar for this feature.'
athp1241,BATCH,GB409_15,1,,MISSING_SOURCE,'No source reference provided. Recommend citing the grammar for this feature.'
athp1241,BATCH,GB409_16,1,,MISSING_SOURCE,'No source reference provided. Recommend citing the grammar for this feature.'
athp1241,BATCH,GB409_17,1,,MISSING_SOURCE,'No source reference provided. Recommend citing the grammar for this feature.'
athp1241,BATCH,GB409_18,1,,MISSING_SOURCE,'No source reference provided. Recommend citing the grammar for this feature.'
athp1241,BATCH,GB409_19,1,,MISSING_SOURCE,'No source reference provided. Recommend citing the grammar for this feature.'
athp1241,BATCH,GB409_20,1,,MISSING_SOURCE,'No source reference provided. Recommend citing the grammar for this feature.'
athp1241,BATCH,GB409_21,1,,MISSING_SOURCE,'No source reference provided. Recommend citing the grammar for this feature.'
athp1241,BATCH,GB409_22,1,,MISSING_SOURCE,'No source reference provided. Recommend citing the grammar for this feature.'
athp1241,BATCH,GB409_23,1,,MISSING_SOURCE,'No source reference provided. Recommend citing the grammar for this feature.'
athp1241,BATCH,GB409_24,1,,MISSING_SOURCE,'No source reference provided. Recommend citing the grammar for this feature.'
auye1238,BATCH,GB409_1,0,,MISSING_SOURCE,'No source reference provided. Recommend citing the grammar for this feature.'
auye1238,BATCH,GB409_2,0,,MISSING_SOURCE,'No source reference provided. Recommend citing the grammar for this feature.'
auye1238,BATCH,GB409_3,1,,MISSING_SOURCE,'No source reference provided. Recommend citing the grammar for this feature.'
auye1238,BATCH,GB409_4,1,,MISSING_SOURCE,'No source reference provided. Recommend citing the grammar for this feature.'
auye1238,BATCH,GB409_5,1,,MISSING_SOURCE,'No source reference provided. Recommend citing the grammar for this feature.'
auye1238,BATCH,GB409_6,1,,MISSING_SOURCE,'No source reference provided. Recommend citing the grammar for this feature.'
auye1238,BATCH,GB409_7,1,,MISSING_SOURCE,'No source reference provided. Recommend citing the grammar for this feature.'
auye1238,BATCH,GB409_8,1,,MISSING_SOURCE,'No source reference provided. Recommend citing the grammar for this feature.'
auye1238,BATCH,GB409_9,1,,MISSING_SOURCE,'No source reference provided. Recommend citing the grammar for this feature.'
auye1238,BATCH,GB409_10,1,,MISSING_SOURCE,'No source reference provided. Recommend citing the grammar for this feature.'
auye1238,BATCH,GB409_11,?,,MISSING_VALUE,'Value not resolved ("?"). Researcher must determine correct coding from the grammar source.'
auye1238,BATCH,GB409_12,1,,MISSING_SOURCE,'No source reference provided. Recommend citing the grammar for this feature.'
auye1238,BATCH,GB409_13,1,,MISSING_SOURCE,'No source reference provided. Recommend citing the grammar for this feature.'
auye1238,BATCH,GB409_14,1,,MISSING_SOURCE,'No source reference provided. Recommend citing the grammar for this feature.'
auye1238,BATCH,GB409_15,?,,MISSING_VALUE,'Value not resolved ("?"). Researcher must determine correct coding from the grammar source.'
auye1238,BATCH,GB409_16,1,,MISSING_SOURCE,'No source reference provided. Recommend citing the grammar for this feature.'
auye1238,BATCH,GB409_17,1,,MISSING_SOURCE,'No source reference provided. Recommend citing the grammar for this feature.'
auye1238,BATCH,GB409_18,1,,MISSING_SOURCE,'No source reference provided. Recommend citing the grammar for this feature.'
auye1238,BATCH,GB409_19,1,,MISSING_SOURCE,'No source reference provided. Recommend citing the grammar for this feature.'
auye1238,BATCH,GB409_20,1,,MISSING_SOURCE,'No source reference provided. Recommend citing the grammar for this feature.'
auye1238,BATCH,GB409_21,1,,MISSING_SOURCE,'No source reference provided. Recommend citing the grammar for this feature.'
auye1238,BATCH,GB409_22,0,,MISSING_SOURCE,'No source reference provided. Recommend citing the grammar for this feature.'
auye1238,BATCH,GB409_23,1,,MISSING_SOURCE,'No source reference provided. Recommend citing the grammar for this feature.'
auye1238,BATCH,GB409_24,1,,MISSING_SOURCE,'No source reference provided. Recommend citing the grammar for this feature.'
awab1243,BATCH,GB409_1,0,,MISSING_SOURCE,'No source reference provided. Recommend citing the grammar for this feature.'
awab1243,BATCH,GB409_2,0,,MISSING_SOURCE,'No source reference provided. Recommend citing the grammar for this feature.'
awab1243,BATCH,GB409_3,0,,MISSING_SOURCE,'No source reference provided. Recommend citing the grammar for this feature.'
awab1243,BATCH,GB409_4,0,,MISSING_SOURCE,'No source reference provided. Recommend citing the grammar for this feature.'
awab1243,BATCH,GB409_5,1,,MISSING_SOURCE,'No source reference provided. Recommend citing the grammar for this feature.'
awab1243,BATCH,GB409_6,1,,MISSING_SOURCE,'No source reference provided. Recommend citing the grammar for this feature.'
awab1243,BATCH,GB409_7,1,,MISSING_SOURCE,'No source reference provided. Recommend citing the grammar for this feature.'
awab1243,BATCH,GB409_8,1,,MISSING_SOURCE,'No source reference provided. Recommend citing the grammar for this feature.'
awab1243,BATCH,GB409_9,1,,MISSING_SOURCE,'No source reference provided. Recommend citing the grammar for this feature.'
awab1243,BATCH,GB409_10,1,,MISSING_SOURCE,'No source reference provided. Recommend citing the grammar for this feature.'
awab1243,BATCH,GB409_11,1,,MISSING_SOURCE,'No source reference provided. Recommend citing the grammar for this feature.'
awab1243,BATCH,GB409_12,1,,MISSING_SOURCE,'No source reference provided. Recommend citing the grammar for this feature.'
awab1243,BATCH,GB409_13,1,,MISSING_SOURCE,'No source reference provided. Recommend citing the grammar for this feature.'
awab1243,BATCH,GB409_14,1,,MISSING_SOURCE,'No source reference provided. Recommend citing the grammar for this feature.'
awab1243,BATCH,GB409_15,1,,MISSING_SOURCE,'No source reference provided. Recommend citing the grammar for this feature.'
awab1243,BATCH,GB409_16,0,,MISSING_SOURCE,'No source reference provided. Recommend citing the grammar for this feature.'
awab1243,BATCH,GB409_17,1,,MISSING_SOURCE,'No source reference provided. Recommend citing the grammar for this feature.'
awab1243,BATCH,GB409_18,1,,MISSING_SOURCE,'No source reference provided. Recommend citing the grammar for this feature.'
awab1243,BATCH,GB409_19,1,,MISSING_SOURCE,'No source reference provided. Recommend citing the grammar for this feature.'
awab1243,BATCH,GB409_20,1,,MISSING_SOURCE,'No source reference provided. Recommend citing the grammar for this feature.'
awab1243,BATCH,GB409_21,1,,MISSING_SOURCE,'No source reference provided. Recommend citing the grammar for this feature.'
awab1243,BATCH,GB409_22,1,,MISSING_SOURCE,'No source reference provided. Recommend citing the grammar for this feature.'
awab1243,BATCH,GB409_23,0,,MISSING_SOURCE,'No source reference provided. Recommend citing the grammar for this feature.'
awab1243,BATCH,GB409_24,1,,MISSING_SOURCE,'No source reference provided. Recommend citing the grammar for this feature.'
awar1248,BATCH,GB409_1,0,,MISSING_SOURCE,'No source reference provided. Recommend citing the grammar for this feature.'
awar1248,BATCH,GB409_2,1,,MISSING_SOURCE,'No source reference provided. Recommend citing the grammar for this feature.'
awar1248,BATCH,GB409_3,1,,MISSING_SOURCE,'No source reference provided. Recommend citing the grammar for this feature.'
awar1248,BATCH,GB409_4,1,,MISSING_SOURCE,'No source reference provided. Recommend citing the grammar for this feature.'
awar1248,BATCH,GB409_5,1,,MISSING_SOURCE,'No source reference provided. Recommend citing the grammar for this feature.'
awar1248,BATCH,GB409_6,1,,MISSING_SOURCE,'No source reference provided. Recommend citing the grammar for this feature.'
awar1248,BATCH,GB409_7,1,,MISSING_SOURCE,'No source reference provided. Recommend citing the grammar for this feature.'
awar1248,BATCH,GB409_8,1,,MISSING_SOURCE,'No source reference provided. Recommend citing the grammar for this feature.'
awar1248,BATCH,GB409_9,1,,MISSING_SOURCE,'No source reference provided. Recommend citing the grammar for this feature.'
awar1248,BATCH,GB409_10,1,,MISSING_SOURCE,'No source reference provided. Recommend citing the grammar for this feature.'
awar1248,BATCH,GB409_11,1,,MISSING_SOURCE,'No source reference provided. Recommend citing the grammar for this feature.'
awar1248,BATCH,GB409_12,1,,MISSING_SOURCE,'No source reference provided. Recommend citing the grammar for this feature.'
awar1248,BATCH,GB409_13,1,,MISSING_SOURCE,'No source reference provided. Recommend citing the grammar for this feature.'
awar1248,BATCH,GB409_14,1,,MISSING_SOURCE,'No source reference provided. Recommend citing the grammar for this feature.'
awar1248,BATCH,GB409_15,1,,MISSING_SOURCE,'No source reference provided. Recommend citing the grammar for this feature.'
awar1248,BATCH,GB409_16,1,,MISSING_SOURCE,'No source reference provided. Recommend citing the grammar for this feature.'
awar1248,BATCH,GB409_17,1,,MISSING_SOURCE,'No source reference provided. Recommend citing the grammar for this feature.'
awar1248,BATCH,GB409_18,1,,MISSING_SOURCE,'No source reference provided. Recommend citing the grammar for this feature.'
awar1248,BATCH,GB409_19,1,,MISSING_SOURCE,'No source reference provided. Recommend citing the grammar for this feature.'
awar1248,BATCH,GB409_20,1,,MISSING_SOURCE,'No source reference provided. Recommend citing the grammar for this feature.'
awar1248,BATCH,GB409_21,1,,MISSING_SOURCE,'No source reference provided. Recommend citing the grammar for this feature.'
awar1248,BATCH,GB409_22,0,,MISSING_SOURCE,'No source reference provided. Recommend citing the grammar for this feature.'
awar1248,BATCH,GB409_23,0,,MISSING_SOURCE,'No source reference provided. Recommend citing the grammar for this feature.'
awar1248,BATCH,GB409_24,1,,MISSING_SOURCE,'No source reference provided. Recommend citing the grammar for this feature.'
ayiw1239,BATCH,GB409_1,0,,MISSING_SOURCE,'No source reference provided. Recommend citing the grammar for this feature.'
ayiw1239,BATCH,GB409_2,?,,MISSING_VALUE,'Value not resolved ("?"). Researcher must determine correct coding from the grammar source.'
ayiw1239,BATCH,GB409_3,?,,MISSING_VALUE,'Value not resolved ("?"). Researcher must determine correct coding from the grammar source.'
ayiw1239,BATCH,GB409_4,?,,MISSING_VALUE,'Value not resolved ("?"). Researcher must determine correct coding from the grammar source.'
ayiw1239,BATCH,GB409_5,1,,MISSING_SOURCE,'No source reference provided. Recommend citing the grammar for this feature.'
ayiw1239,BATCH,GB409_6,?,,MISSING_VALUE,'Value not resolved ("?"). Researcher must determine correct coding from the grammar source.'
ayiw1239,BATCH,GB409_7,1,,MISSING_SOURCE,'No source reference provided. Recommend citing the grammar for this feature.'
ayiw1239,BATCH,GB409_8,1,,MISSING_SOURCE,'No source reference provided. Recommend citing the grammar for this feature.'
ayiw1239,BATCH,GB409_9,?,,MISSING_VALUE,'Value not resolved ("?"). Researcher must determine correct coding from the grammar source.'
ayiw1239,BATCH,GB409_10,1,,MISSING_SOURCE,'No source reference provided. Recommend citing the grammar for this feature.'
ayiw1239,BATCH,GB409_11,?,,MISSING_VALUE,'Value not resolved ("?"). Researcher must determine correct coding from the grammar source.'
ayiw1239,BATCH,GB409_12,1,,MISSING_SOURCE,'No source reference provided. Recommend citing the grammar for this feature.'
ayiw1239,BATCH,GB409_13,?,,MISSING_VALUE,'Value not resolved ("?"). Researcher must determine correct coding from the grammar source.'
ayiw1239,BATCH,GB409_14,1,,MISSING_SOURCE,'No source reference provided. Recommend citing the grammar for this feature.'
ayiw1239,BATCH,GB409_15,1,,MISSING_SOURCE,'No source reference provided. Recommend citing the grammar for this feature.'
ayiw1239,BATCH,GB409_16,1,,MISSING_SOURCE,'No source reference provided. Recommend citing the grammar for this feature.'
ayiw1239,BATCH,GB409_17,1,,MISSING_SOURCE,'No source reference provided. Recommend citing the grammar for this feature.'
ayiw1239,BATCH,GB409_18,1,,MISSING_SOURCE,'No source reference provided. Recommend citing the grammar for this feature.'
ayiw1239,BATCH,GB409_19,?,,MISSING_VALUE,'Value not resolved ("?"). Researcher must determine correct coding from the grammar source.'
ayiw1239,BATCH,GB409_20,1,,MISSING_SOURCE,'No source reference provided. Recommend citing the grammar for this feature.'
ayiw1239,BATCH,GB409_21,1,,MISSING_SOURCE,'No source reference provided. Recommend citing the grammar for this feature.'
ayiw1239,BATCH,GB409_22,1,,MISSING_SOURCE,'No source reference provided. Recommend citing the grammar for this feature.'
ayiw1239,BATCH,GB409_23,?,,MISSING_VALUE,'Value not resolved ("?"). Researcher must determine correct coding from the grammar source.'
ayiw1239,BATCH,GB409_24,0,,MISSING_SOURCE,'No source reference provided. Recommend citing the grammar for this feature.'
bahi1252,BATCH,GB409_1,0,,MISSING_SOURCE,'No source reference provided. Recommend citing the grammar for this feature.'
bahi1252,BATCH,GB409_2,1,,MISSING_SOURCE,'No source reference provided. Recommend citing the grammar for this feature.'
bahi1252,BATCH,GB409_3,1,,MISSING_SOURCE,'No source reference provided. Recommend citing the grammar for this feature.'
bahi1252,BATCH,GB409_4,1,,MISSING_SOURCE,'No source reference provided. Recommend citing the grammar for this feature.'
bahi1252,BATCH,GB409_5,1,,MISSING_SOURCE,'No source reference provided. Recommend citing the grammar for this feature.'
bahi1252,BATCH,GB409_6,1,,MISSING_SOURCE,'No source reference provided. Recommend citing the grammar for this feature.'
bahi1252,BATCH,GB409_7,1,,MISSING_SOURCE,'No source reference provided. Recommend citing the grammar for this feature.'
bahi1252,BATCH,GB409_8,1,,MISSING_SOURCE,'No source reference provided. Recommend citing the grammar for this feature.'
bahi1252,BATCH,GB409_9,1,,MISSING_SOURCE,'No source reference provided. Recommend citing the grammar for this feature.'
bahi1252,BATCH,GB409_10,1,,MISSING_SOURCE,'No source reference provided. Recommend citing the grammar for this feature.'
bahi1252,BATCH,GB409_11,1,,MISSING_SOURCE,'No source reference provided. Recommend citing the grammar for this feature.'
bahi1252,BATCH,GB409_12,1,,MISSING_SOURCE,'No source reference provided. Recommend citing the grammar for this feature.'
bahi1252,BATCH,GB409_13,1,,MISSING_SOURCE,'No source reference provided. Recommend citing the grammar for this feature.'
bahi1252,BATCH,GB409_14,1,,MISSING_SOURCE,'No source reference provided. Recommend citing the grammar for this feature.'
bahi1252,BATCH,GB409_15,1,,MISSING_SOURCE,'No source reference provided. Recommend citing the grammar for this feature.'
bahi1252,BATCH,GB409_16,1,,MISSING_SOURCE,'No source reference provided. Recommend citing the grammar for this feature.'
bahi1252,BATCH,GB409_17,1,,MISSING_SOURCE,'No source reference provided. Recommend citing the grammar for this feature.'
bahi1252,BATCH,GB409_18,1,,MISSING_SOURCE,'No source reference provided. Recommend citing the grammar for this feature.'
bahi1252,BATCH,GB409_19,1,,MISSING_SOURCE,'No source reference provided. Recommend citing the grammar for this feature.'
bahi1252,BATCH,GB409_20,1,,MISSING_SOURCE,'No source reference provided. Recommend citing the grammar for this feature.'
bahi1252,BATCH,GB409_21,1,,MISSING_SOURCE,'No source reference provided. Recommend citing the grammar for this feature.'
bahi1252,BATCH,GB409_22,1,,MISSING_SOURCE,'No source reference provided. Recommend citing the grammar for this feature.'
bahi1252,BATCH,GB409_23,0,,MISSING_SOURCE,'No source reference provided. Recommend citing the grammar for this feature.'
bahi1252,BATCH,GB409_24,1,,MISSING_SOURCE,'No source reference provided. Recommend citing the grammar for this feature.'
bala1311,BATCH,GB409_1,1,,MISSING_SOURCE,'No source reference provided. Recommend citing the grammar for this feature.'
bala1311,BATCH,GB409_2,1,,MISSING_SOURCE,'No source reference provided. Recommend citing the grammar for this feature.'
bala1311,BATCH,GB409_3,1,,MISSING_SOURCE,'No source reference provided. Recommend citing the grammar for this feature.'
bala1311,BATCH,GB409_4,1,,MISSING_SOURCE,'No source reference provided. Recommend citing the grammar for this feature.'
bala1311,BATCH,GB409_5,1,,MISSING_SOURCE,'No source reference provided. Recommend citing the grammar for this feature.'
bala1311,BATCH,GB409_6,1,,MISSING_SOURCE,'No source reference provided. Recommend citing the grammar for this feature.'
bala1311,BATCH,GB409_7,1,,MISSING_SOURCE,'No source reference provided. Recommend citing the grammar for this feature.'
bala1311,BATCH,GB409_8,1,,MISSING_SOURCE,'No source reference provided. Recommend citing the grammar for this feature.'
bala1311,BATCH,GB409_9,1,,MISSING_SOURCE,'No source reference provided. Recommend citing the grammar for this feature.'
bala1311,BATCH,GB409_10,1,,MISSING_SOURCE,'No source reference provided. Recommend citing the grammar for this feature.'
bala1311,BATCH,GB409_11,1,,MISSING_SOURCE,'No source reference provided. Recommend citing the grammar for this feature.'
bala1311,BATCH,GB409_12,1,,MISSING_SOURCE,'No source reference provided. Recommend citing the grammar for this feature.'
bala1311,BATCH,GB409_13,1,,MISSING_SOURCE,'No source reference provided. Recommend citing the grammar for this feature.'
bala1311,BATCH,GB409_14,1,,MISSING_SOURCE,'No source reference provided. Recommend citing the grammar for this feature.'
bala1311,BATCH,GB409_15,1,,MISSING_SOURCE,'No source reference provided. Recommend citing the grammar for this feature.'
bala1311,BATCH,GB409_16,1,,MISSING_SOURCE,'No source reference provided. Recommend citing the grammar for this feature.'
bala1311,BATCH,GB409_17,1,,MISSING_SOURCE,'No source reference provided. Recommend citing the grammar for this feature.'
bala1311,BATCH,GB409_18,1,,MISSING_SOURCE,'No source reference provided. Recommend citing the grammar for this feature.'
bala1311,BATCH,GB409_19,?,,MISSING_VALUE,'Value not resolved ("?"). Researcher must determine correct coding from the grammar source.'
bala1311,BATCH,GB409_20,1,,MISSING_SOURCE,'No source reference provided. Recommend citing the grammar for this feature.'
bala1311,BATCH,GB409_21,1,,MISSING_SOURCE,'No source reference provided. Recommend citing the grammar for this feature.'
bala1311,BATCH,GB409_22,1,,MISSING_SOURCE,'No source reference provided. Recommend citing the grammar for this feature.'
bala1311,BATCH,GB409_23,1,,MISSING_SOURCE,'No source reference provided. Recommend citing the grammar for this feature.'
bala1311,BATCH,GB409_24,0,,MISSING_SOURCE,'No source reference provided. Recommend citing the grammar for this feature.'
bant1281,BATCH,GB409_1,0,,MISSING_SOURCE,'No source reference provided. Recommend citing the grammar for this feature.'
bant1281,BATCH,GB409_2,1,,MISSING_SOURCE,'No source reference provided. Recommend citing the grammar for this feature.'
bant1281,BATCH,GB409_3,1,,MISSING_SOURCE,'No source reference provided. Recommend citing the grammar for this feature.'
bant1281,BATCH,GB409_4,1,,MISSING_SOURCE,'No source reference provided. Recommend citing the grammar for this feature.'
bant1281,BATCH,GB409_5,1,,MISSING_SOURCE,'No source reference provided. Recommend citing the grammar for this feature.'
bant1281,BATCH,GB409_6,1,,MISSING_SOURCE,'No source reference provided. Recommend citing the grammar for this feature.'
bant1281,BATCH,GB409_7,1,,MISSING_SOURCE,'No source reference provided. Recommend citing the grammar for this feature.'
bant1281,BATCH,GB409_8,1,,MISSING_SOURCE,'No source reference provided. Recommend citing the grammar for this feature.'
bant1281,BATCH,GB409_9,1,,MISSING_SOURCE,'No source reference provided. Recommend citing the grammar for this feature.'
bant1281,BATCH,GB409_10,1,,MISSING_SOURCE,'No source reference provided. Recommend citing the grammar for this feature.'
bant1281,BATCH,GB409_11,1,,MISSING_SOURCE,'No source reference provided. Recommend citing the grammar for this feature.'
bant1281,BATCH,GB409_12,1,,MISSING_SOURCE,'No source reference provided. Recommend citing the grammar for this feature.'
bant1281,BATCH,GB409_13,1,,MISSING_SOURCE,'No source reference provided. Recommend citing the grammar for this feature.'
bant1281,BATCH,GB409_14,1,,MISSING_SOURCE,'No source reference provided. Recommend citing the grammar for this feature.'
bant1281,BATCH,GB409_15,1,,MISSING_SOURCE,'No source reference provided. Recommend citing the grammar for this feature.'
bant1281,BATCH,GB409_16,1,,MISSING_SOURCE,'No source reference provided. Recommend citing the grammar for this feature.'
bant1281,BATCH,GB409_17,1,,MISSING_SOURCE,'No source reference provided. Recommend citing the grammar for this feature.'
bant1281,BATCH,GB409_18,1,,MISSING_SOURCE,'No source reference provided. Recommend citing the grammar for this feature.'
bant1281,BATCH,GB409_19,1,,MISSING_SOURCE,'No source reference provided. Recommend citing the grammar for this feature.'
bant1281,BATCH,GB409_20,1,,MISSING_SOURCE,'No source reference provided. Recommend citing the grammar for this feature.'
bant1281,BATCH,GB409_21,1,,MISSING_SOURCE,'No source reference provided. Recommend citing the grammar for this feature.'
bant1281,BATCH,GB409_22,1,,MISSING_SOURCE,'No source reference provided. Recommend citing the grammar for this feature.'
bant1281,BATCH,GB409_23,0,,MISSING_SOURCE,'No source reference provided. Recommend citing the grammar for this feature.'
bant1281,BATCH,GB409_24,1,,MISSING_SOURCE,'No source reference provided. Recommend citing the grammar for this feature.'
basq1248,BATCH,GB409_1,0,,MISSING_SOURCE,'No source reference provided. Recommend citing the grammar for this feature.'
basq1248,BATCH,GB409_2,1,,MISSING_SOURCE,'No source reference provided. Recommend citing the grammar for this feature.'
basq1248,BATCH,GB409_3,1,,MISSING_SOURCE,'No source reference provided. Recommend citing the grammar for this feature.'
basq1248,BATCH,GB409_4,1,,MISSING_SOURCE,'No source reference provided. Recommend citing the grammar for this feature.'
basq1248,BATCH,GB409_5,1,,MISSING_SOURCE,'No source reference provided. Recommend citing the grammar for this feature.'
basq1248,BATCH,GB409_6,1,,MISSING_SOURCE,'No source reference provided. Recommend citing the grammar for this feature.'
basq1248,BATCH,GB409_7,1,,MISSING_SOURCE,'No source reference provided. Recommend citing the grammar for this feature.'
basq1248,BATCH,GB409_8,1,,MISSING_SOURCE,'No source reference provided. Recommend citing the grammar for this feature.'
basq1248,BATCH,GB409_9,1,,MISSING_SOURCE,'No source reference provided. Recommend citing the grammar for this feature.'
basq1248,BATCH,GB409_10,1,,MISSING_SOURCE,'No source reference provided. Recommend citing the grammar for this feature.'
basq1248,BATCH,GB409_11,1,,MISSING_SOURCE,'No source reference provided. Recommend citing the grammar for this feature.'
basq1248,BATCH,GB409_12,1,,MISSING_SOURCE,'No source reference provided. Recommend citing the grammar for this feature.'
basq1248,BATCH,GB409_13,1,,MISSING_SOURCE,'No source reference provided. Recommend citing the grammar for this feature.'
basq1248,BATCH,GB409_14,1,,MISSING_SOURCE,'No source reference provided. Recommend citing the grammar for this feature.'
basq1248,BATCH,GB409_15,1,,MISSING_SOURCE,'No source reference provided. Recommend citing the grammar for this feature.'
basq1248,BATCH,GB409_16,1,,MISSING_SOURCE,'No source reference provided. Recommend citing the grammar for this feature.'
basq1248,BATCH,GB409_17,1,,MISSING_SOURCE,'No source reference provided. Recommend citing the grammar for this feature.'
basq1248,BATCH,GB409_18,1,,MISSING_SOURCE,'No source reference provided. Recommend citing the grammar for this feature.'
basq1248,BATCH,GB409_19,1,,MISSING_SOURCE,'No source reference provided. Recommend citing the grammar for this feature.'
basq1248,BATCH,GB409_20,1,,MISSING_SOURCE,'No source reference provided. Recommend citing the grammar for this feature.'
basq1248,BATCH,GB409_21,1,,MISSING_SOURCE,'No source reference provided. Recommend citing the grammar for this feature.'
basq1248,BATCH,GB409_22,1,,MISSING_SOURCE,'No source reference provided. Recommend citing the grammar for this feature.'
basq1248,BATCH,GB409_23,0,,MISSING_SOURCE,'No source reference provided. Recommend citing the grammar for this feature.'
basq1248,BATCH,GB409_24,0,,MISSING_SOURCE,'No source reference provided. Recommend citing the grammar for this feature.'
bawm1236,BATCH,GB409_1,0,,MISSING_SOURCE,'No source reference provided. Recommend citing the grammar for this feature.'
bawm1236,BATCH,GB409_2,1,,MISSING_SOURCE,'No source reference provided. Recommend citing the grammar for this feature.'
bawm1236,BATCH,GB409_3,1,,MISSING_SOURCE,'No source reference provided. Recommend citing the grammar for this feature.'
bawm1236,BATCH,GB409_4,1,,MISSING_SOURCE,'No source reference provided. Recommend citing the grammar for this feature.'
bawm1236,BATCH,GB409_5,1,,MISSING_SOURCE,'No source reference provided. Recommend citing the grammar for this feature.'
bawm1236,BATCH,GB409_6,1,,MISSING_SOURCE,'No source reference provided. Recommend citing the grammar for this feature.'
bawm1236,BATCH,GB409_7,1,,MISSING_SOURCE,'No source reference provided. Recommend citing the grammar for this feature.'
bawm1236,BATCH,GB409_8,1,,MISSING_SOURCE,'No source reference provided. Recommend citing the grammar for this feature.'
bawm1236,BATCH,GB409_9,1,,MISSING_SOURCE,'No source reference provided. Recommend citing the grammar for this feature.'
bawm1236,BATCH,GB409_10,1,,MISSING_SOURCE,'No source reference provided. Recommend citing the grammar for this feature.'
bawm1236,BATCH,GB409_11,1,,MISSING_SOURCE,'No source reference provided. Recommend citing the grammar for this feature.'
bawm1236,BATCH,GB409_12,1,,MISSING_SOURCE,'No source reference provided. Recommend citing the grammar for this feature.'
bawm1236,BATCH,GB409_13,1,,MISSING_SOURCE,'No source reference provided. Recommend citing the grammar for this feature.'
bawm1236,BATCH,GB409_14,1,,MISSING_SOURCE,'No source reference provided. Recommend citing the grammar for this feature.'
bawm1236,BATCH,GB409_15,1,,MISSING_SOURCE,'No source reference provided. Recommend citing the grammar for this feature.'
bawm1236,BATCH,GB409_16,1,,MISSING_SOURCE,'No source reference provided. Recommend citing the grammar for this feature.'
bawm1236,BATCH,GB409_17,1,,MISSING_SOURCE,'No source reference provided. Recommend citing the grammar for this feature.'
bawm1236,BATCH,GB409_18,1,,MISSING_SOURCE,'No source reference provided. Recommend citing the grammar for this feature.'
bawm1236,BATCH,GB409_19,1,,MISSING_SOURCE,'No source reference provided. Recommend citing the grammar for this feature.'
bawm1236,BATCH,GB409_20,1,,MISSING_SOURCE,'No source reference provided. Recommend citing the grammar for this feature.'
bawm1236,BATCH,GB409_21,1,,MISSING_SOURCE,'No source reference provided. Recommend citing the grammar for this feature.'
bawm1236,BATCH,GB409_22,0,,MISSING_SOURCE,'No source reference provided. Recommend citing the grammar for this feature.'
bawm1236,BATCH,GB409_23,0,,MISSING_SOURCE,'No source reference provided. Recommend citing the grammar for this feature.'
bawm1236,BATCH,GB409_24,0,,MISSING_SOURCE,'No source reference provided. Recommend citing the grammar for this feature.'
belh1239,BATCH,GB409_1,1,,MISSING_SOURCE,'No source reference provided. Recommend citing the grammar for this feature.'
belh1239,BATCH,GB409_2,1,,MISSING_SOURCE,'No source reference provided. Recommend citing the grammar for this feature.'
belh1239,BATCH,GB409_3,1,,MISSING_SOURCE,'No source reference provided. Recommend citing the grammar for this feature.'
belh1239,BATCH,GB409_4,1,,MISSING_SOURCE,'No source reference provided. Recommend citing the grammar for this feature.'
belh1239,BATCH,GB409_5,1,,MISSING_SOURCE,'No source reference provided. Recommend citing the grammar for this feature.'
belh1239,BATCH,GB409_6,1,,MISSING_SOURCE,'No source reference provided. Recommend citing the grammar for this feature.'
belh1239,BATCH,GB409_7,1,,MISSING_SOURCE,'No source reference provided. Recommend citing the grammar for this feature.'
belh1239,BATCH,GB409_8,1,,MISSING_SOURCE,'No source reference provided. Recommend citing the grammar for this feature.'
belh1239,BATCH,GB409_9,1,,MISSING_SOURCE,'No source reference provided. Recommend citing the grammar for this feature.'
belh1239,BATCH,GB409_10,1,,MISSING_SOURCE,'No source reference provided. Recommend citing the grammar for this feature.'
belh1239,BATCH,GB409_11,1,,MISSING_SOURCE,'No source reference provided. Recommend citing the grammar for this feature.'
belh1239,BATCH,GB409_12,1,,MISSING_SOURCE,'No source reference provided. Recommend citing the grammar for this feature.'
belh1239,BATCH,GB409_13,1,,MISSING_SOURCE,'No source reference provided. Recommend citing the grammar for this feature.'
belh1239,BATCH,GB409_14,1,,MISSING_SOURCE,'No source reference provided. Recommend citing the grammar for this feature.'
belh1239,BATCH,GB409_15,1,,MISSING_SOURCE,'No source reference provided. Recommend citing the grammar for this feature.'
belh1239,BATCH,GB409_16,1,,MISSING_SOURCE,'No source reference provided. Recommend citing the grammar for this feature.'
belh1239,BATCH,GB409_17,1,,MISSING_SOURCE,'No source reference provided. Recommend citing the grammar for this feature.'
belh1239,BATCH,GB409_18,1,,MISSING_SOURCE,'No source reference provided. Recommend citing the grammar for this feature.'
belh1239,BATCH,GB409_19,1,,MISSING_SOURCE,'No source reference provided. Recommend citing the grammar for this feature.'
belh1239,BATCH,GB409_20,1,,MISSING_SOURCE,'No source reference provided. Recommend citing the grammar for this feature.'
belh1239,BATCH,GB409_21,1,,MISSING_SOURCE,'No source reference provided. Recommend citing the grammar for this feature.'
belh1239,BATCH,GB409_22,1,,MISSING_SOURCE,'No source reference provided. Recommend citing the grammar for this feature.'
belh1239,BATCH,GB409_23,0,,MISSING_SOURCE,'No source reference provided. Recommend citing the grammar for this feature.'
belh1239,BATCH,GB409_24,1,,MISSING_SOURCE,'No source reference provided. Recommend citing the grammar for this feature.'
bina1277,BATCH,GB409_1,0,,MISSING_SOURCE,'No source reference provided. Recommend citing the grammar for this feature.'
bina1277,BATCH,GB409_2,1,,MISSING_SOURCE,'No source reference provided. Recommend citing the grammar for this feature.'
bina1277,BATCH,GB409_3,1,,MISSING_SOURCE,'No source reference provided. Recommend citing the grammar for this feature.'
bina1277,BATCH,GB409_4,1,,MISSING_SOURCE,'No source reference provided. Recommend citing the grammar for this feature.'
bina1277,BATCH,GB409_5,1,,MISSING_SOURCE,'No source reference provided. Recommend citing the grammar for this feature.'
bina1277,BATCH,GB409_6,1,,MISSING_SOURCE,'No source reference provided. Recommend citing the grammar for this feature.'
bina1277,BATCH,GB409_7,1,,MISSING_SOURCE,'No source reference provided. Recommend citing the grammar for this feature.'
bina1277,BATCH,GB409_8,1,,MISSING_SOURCE,'No source reference provided. Recommend citing the grammar for this feature.'
bina1277,BATCH,GB409_9,1,,MISSING_SOURCE,'No source reference provided. Recommend citing the grammar for this feature.'
bina1277,BATCH,GB409_10,1,,MISSING_SOURCE,'No source reference provided. Recommend citing the grammar for this feature.'
bina1277,BATCH,GB409_11,0,,MISSING_SOURCE,'No source reference provided. Recommend citing the grammar for this feature.'
bina1277,BATCH,GB409_12,1,,MISSING_SOURCE,'No source reference provided. Recommend citing the grammar for this feature.'
bina1277,BATCH,GB409_13,1,,MISSING_SOURCE,'No source reference provided. Recommend citing the grammar for this feature.'
bina1277,BATCH,GB409_14,1,,MISSING_SOURCE,'No source reference provided. Recommend citing the grammar for this feature.'
bina1277,BATCH,GB409_15,0,,MISSING_SOURCE,'No source reference provided. Recommend citing the grammar for this feature.'
bina1277,BATCH,GB409_16,0,,MISSING_SOURCE,'No source reference provided. Recommend citing the grammar for this feature.'
bina1277,BATCH,GB409_17,1,,MISSING_SOURCE,'No source reference provided. Recommend citing the grammar for this feature.'
bina1277,BATCH,GB409_18,1,,MISSING_SOURCE,'No source reference provided. Recommend citing the grammar for this feature.'
bina1277,BATCH,GB409_19,0,,MISSING_SOURCE,'No source reference provided. Recommend citing the grammar for this feature.'
bina1277,BATCH,GB409_20,1,,MISSING_SOURCE,'No source reference provided. Recommend citing the grammar for this feature.'
bina1277,BATCH,GB409_21,1,,MISSING_SOURCE,'No source reference provided. Recommend citing the grammar for this feature.'
bina1277,BATCH,GB409_22,0,,MISSING_SOURCE,'No source reference provided. Recommend citing the grammar for this feature.'
bina1277,BATCH,GB409_23,0,,MISSING_SOURCE,'No source reference provided. Recommend citing the grammar for this feature.'
bina1277,BATCH,GB409_24,1,,MISSING_SOURCE,'No source reference provided. Recommend citing the grammar for this feature.'
binu1244,BATCH,GB409_1,1,,MISSING_SOURCE,'No source reference provided. Recommend citing the grammar for this feature.'
binu1244,BATCH,GB409_2,1,,MISSING_SOURCE,'No source reference provided. Recommend citing the grammar for this feature.'
binu1244,BATCH,GB409_3,1,,MISSING_SOURCE,'No source reference provided. Recommend citing the grammar for this feature.'
binu1244,BATCH,GB409_4,1,,MISSING_SOURCE,'No source reference provided. Recommend citing the grammar for this feature.'
binu1244,BATCH,GB409_5,1,,MISSING_SOURCE,'No source reference provided. Recommend citing the grammar for this feature.'
binu1244,BATCH,GB409_6,1,,MISSING_SOURCE,'No source reference provided. Recommend citing the grammar for this feature.'
binu1244,BATCH,GB409_7,1,,MISSING_SOURCE,'No source reference provided. Recommend citing the grammar for this feature.'
binu1244,BATCH,GB409_8,1,,MISSING_SOURCE,'No source reference provided. Recommend citing the grammar for this feature.'
binu1244,BATCH,GB409_9,1,,MISSING_SOURCE,'No source reference provided. Recommend citing the grammar for this feature.'
binu1244,BATCH,GB409_10,1,,MISSING_SOURCE,'No source reference provided. Recommend citing the grammar for this feature.'
binu1244,BATCH,GB409_11,1,,MISSING_SOURCE,'No source reference provided. Recommend citing the grammar for this feature.'
binu1244,BATCH,GB409_12,1,,MISSING_SOURCE,'No source reference provided. Recommend citing the grammar for this feature.'
binu1244,BATCH,GB409_13,1,,MISSING_SOURCE,'No source reference provided. Recommend citing the grammar for this feature.'
binu1244,BATCH,GB409_14,1,,MISSING_SOURCE,'No source reference provided. Recommend citing the grammar for this feature.'
binu1244,BATCH,GB409_15,1,,MISSING_SOURCE,'No source reference provided. Recommend citing the grammar for this feature.'
binu1244,BATCH,GB409_16,1,,MISSING_SOURCE,'No source reference provided. Recommend citing the grammar for this feature.'
binu1244,BATCH,GB409_17,1,,MISSING_SOURCE,'No source reference provided. Recommend citing the grammar for this feature.'
binu1244,BATCH,GB409_18,1,,MISSING_SOURCE,'No source reference provided. Recommend citing the grammar for this feature.'
binu1244,BATCH,GB409_19,1,,MISSING_SOURCE,'No source reference provided. Recommend citing the grammar for this feature.'
binu1244,BATCH,GB409_20,1,,MISSING_SOURCE,'No source reference provided. Recommend citing the grammar for this feature.'
binu1244,BATCH,GB409_21,1,,MISSING_SOURCE,'No source reference provided. Recommend citing the grammar for this feature.'
binu1244,BATCH,GB409_22,1,,MISSING_SOURCE,'No source reference provided. Recommend citing the grammar for this feature.'
binu1244,BATCH,GB409_23,1,,MISSING_SOURCE,'No source reference provided. Recommend citing the grammar for this feature.'
binu1244,BATCH,GB409_24,0,,MISSING_SOURCE,'No source reference provided. Recommend citing the grammar for this feature.'
biri1256,BATCH,GB409_1,0,,MISSING_SOURCE,'No source reference provided. Recommend citing the grammar for this feature.'
biri1256,BATCH,GB409_2,0,,MISSING_SOURCE,'No source reference provided. Recommend citing the grammar for this feature.'
biri1256,BATCH,GB409_3,0,,MISSING_SOURCE,'No source reference provided. Recommend citing the grammar for this feature.'
biri1256,BATCH,GB409_4,0,,MISSING_SOURCE,'No source reference provided. Recommend citing the grammar for this feature.'
biri1256,BATCH,GB409_5,1,,MISSING_SOURCE,'No source reference provided. Recommend citing the grammar for this feature.'
biri1256,BATCH,GB409_6,1,,MISSING_SOURCE,'No source reference provided. Recommend citing the grammar for this feature.'
biri1256,BATCH,GB409_7,1,,MISSING_SOURCE,'No source reference provided. Recommend citing the grammar for this feature.'
biri1256,BATCH,GB409_8,1,,MISSING_SOURCE,'No source reference provided. Recommend citing the grammar for this feature.'
biri1256,BATCH,GB409_9,1,,MISSING_SOURCE,'No source reference provided. Recommend citing the grammar for this feature.'
biri1256,BATCH,GB409_10,1,,MISSING_SOURCE,'No source reference provided. Recommend citing the grammar for this feature.'
biri1256,BATCH,GB409_11,1,,MISSING_SOURCE,'No source reference provided. Recommend citing the grammar for this feature.'
biri1256,BATCH,GB409_12,1,,MISSING_SOURCE,'No source reference provided. Recommend citing the grammar for this feature.'
biri1256,BATCH,GB409_13,1,,MISSING_SOURCE,'No source reference provided. Recommend citing the grammar for this feature.'
biri1256,BATCH,GB409_14,1,,MISSING_SOURCE,'No source reference provided. Recommend citing the grammar for this feature.'
biri1256,BATCH,GB409_15,1,,MISSING_SOURCE,'No source reference provided. Recommend citing the grammar for this feature.'
biri1256,BATCH,GB409_16,1,,MISSING_SOURCE,'No source reference provided. Recommend citing the grammar for this feature.'
biri1256,BATCH,GB409_17,1,,MISSING_SOURCE,'No source reference provided. Recommend citing the grammar for this feature.'
biri1256,BATCH,GB409_18,1,,MISSING_SOURCE,'No source reference provided. Recommend citing the grammar for this feature.'
biri1256,BATCH,GB409_19,1,,MISSING_SOURCE,'No source reference provided. Recommend citing the grammar for this feature.'
biri1256,BATCH,GB409_20,1,,MISSING_SOURCE,'No source reference provided. Recommend citing the grammar for this feature.'
biri1256,BATCH,GB409_21,1,,MISSING_SOURCE,'No source reference provided. Recommend citing the grammar for this feature.'
biri1256,BATCH,GB409_22,1,,MISSING_SOURCE,'No source reference provided. Recommend citing the grammar for this feature.'
biri1256,BATCH,GB409_23,0,,MISSING_SOURCE,'No source reference provided. Recommend citing the grammar for this feature.'
biri1256,BATCH,GB409_24,1,,MISSING_SOURCE,'No source reference provided. Recommend citing the grammar for this feature.'
bugi1244,BATCH,GB409_1,1,,MISSING_SOURCE,'No source reference provided. Recommend citing the grammar for this feature.'
bugi1244,BATCH,GB409_2,1,,MISSING_SOURCE,'No source reference provided. Recommend citing the grammar for this feature.'
bugi1244,BATCH,GB409_3,1,,MISSING_SOURCE,'No source reference provided. Recommend citing the grammar for this feature.'
bugi1244,BATCH,GB409_4,1,,MISSING_SOURCE,'No source reference provided. Recommend citing the grammar for this feature.'
bugi1244,BATCH,GB409_5,0,,MISSING_SOURCE,'No source reference provided. Recommend citing the grammar for this feature.'
bugi1244,BATCH,GB409_6,1,,MISSING_SOURCE,'No source reference provided. Recommend citing the grammar for this feature.'
bugi1244,BATCH,GB409_7,1,,MISSING_SOURCE,'No source reference provided. Recommend citing the grammar for this feature.'
bugi1244,BATCH,GB409_8,1,,MISSING_SOURCE,'No source reference provided. Recommend citing the grammar for this feature.'
bugi1244,BATCH,GB409_9,1,,MISSING_SOURCE,'No source reference provided. Recommend citing the grammar for this feature.'
bugi1244,BATCH,GB409_10,1,,MISSING_SOURCE,'No source reference provided. Recommend citing the grammar for this feature.'
bugi1244,BATCH,GB409_11,1,,MISSING_SOURCE,'No source reference provided. Recommend citing the grammar for this feature.'
bugi1244,BATCH,GB409_12,1,,MISSING_SOURCE,'No source reference provided. Recommend citing the grammar for this feature.'
bugi1244,BATCH,GB409_13,1,,MISSING_SOURCE,'No source reference provided. Recommend citing the grammar for this feature.'
bugi1244,BATCH,GB409_14,1,,MISSING_SOURCE,'No source reference provided. Recommend citing the grammar for this feature.'
bugi1244,BATCH,GB409_15,1,,MISSING_SOURCE,'No source reference provided. Recommend citing the grammar for this feature.'
bugi1244,BATCH,GB409_16,1,,MISSING_SOURCE,'No source reference provided. Recommend citing the grammar for this feature.'
bugi1244,BATCH,GB409_17,0,,MISSING_SOURCE,'No source reference provided. Recommend citing the grammar for this feature.'
bugi1244,BATCH,GB409_18,1,,MISSING_SOURCE,'No source reference provided. Recommend citing the grammar for this feature.'
bugi1244,BATCH,GB409_19,1,,MISSING_SOURCE,'No source reference provided. Recommend citing the grammar for this feature.'
bugi1244,BATCH,GB409_20,1,,MISSING_SOURCE,'No source reference provided. Recommend citing the grammar for this feature.'
bugi1244,BATCH,GB409_21,1,,MISSING_SOURCE,'No source reference provided. Recommend citing the grammar for this feature.'
bugi1244,BATCH,GB409_22,1,,MISSING_SOURCE,'No source reference provided. Recommend citing the grammar for this feature.'
bugi1244,BATCH,GB409_23,0,,MISSING_SOURCE,'No source reference provided. Recommend citing the grammar for this feature.'
bugi1244,BATCH,GB409_24,0,,MISSING_SOURCE,'No source reference provided. Recommend citing the grammar for this feature.'
bujh1238,BATCH,GB409_1,0,,MISSING_SOURCE,'No source reference provided. Recommend citing the grammar for this feature.'
bujh1238,BATCH,GB409_2,1,,MISSING_SOURCE,'No source reference provided. Recommend citing the grammar for this feature.'
bujh1238,BATCH,GB409_3,1,,MISSING_SOURCE,'No source reference provided. Recommend citing the grammar for this feature.'
bujh1238,BATCH,GB409_4,1,,MISSING_SOURCE,'No source reference provided. Recommend citing the grammar for this feature.'
bujh1238,BATCH,GB409_5,1,,MISSING_SOURCE,'No source reference provided. Recommend citing the grammar for this feature.'
bujh1238,BATCH,GB409_6,1,,MISSING_SOURCE,'No source reference provided. Recommend citing the grammar for this feature.'
bujh1238,BATCH,GB409_7,1,,MISSING_SOURCE,'No source reference provided. Recommend citing the grammar for this feature.'
bujh1238,BATCH,GB409_8,1,,MISSING_SOURCE,'No source reference provided. Recommend citing the grammar for this feature.'
bujh1238,BATCH,GB409_9,1,,MISSING_SOURCE,'No source reference provided. Recommend citing the grammar for this feature.'
bujh1238,BATCH,GB409_10,1,,MISSING_SOURCE,'No source reference provided. Recommend citing the grammar for this feature.'
bujh1238,BATCH,GB409_11,1,,MISSING_SOURCE,'No source reference provided. Recommend citing the grammar for this feature.'
bujh1238,BATCH,GB409_12,1,,MISSING_SOURCE,'No source reference provided. Recommend citing the grammar for this feature.'
bujh1238,BATCH,GB409_13,1,,MISSING_SOURCE,'No source reference provided. Recommend citing the grammar for this feature.'
bujh1238,BATCH,GB409_14,1,,MISSING_SOURCE,'No source reference provided. Recommend citing the grammar for this feature.'
bujh1238,BATCH,GB409_15,1,,MISSING_SOURCE,'No source reference provided. Recommend citing the grammar for this feature.'
bujh1238,BATCH,GB409_16,1,,MISSING_SOURCE,'No source reference provided. Recommend citing the grammar for this feature.'
bujh1238,BATCH,GB409_17,1,,MISSING_SOURCE,'No source reference provided. Recommend citing the grammar for this feature.'
bujh1238,BATCH,GB409_18,1,,MISSING_SOURCE,'No source reference provided. Recommend citing the grammar for this feature.'
bujh1238,BATCH,GB409_19,1,,MISSING_SOURCE,'No source reference provided. Recommend citing the grammar for this feature.'
bujh1238,BATCH,GB409_20,1,,MISSING_SOURCE,'No source reference provided. Recommend citing the grammar for this feature.'
bujh1238,BATCH,GB409_21,1,,MISSING_SOURCE,'No source reference provided. Recommend citing the grammar for this feature.'
bujh1238,BATCH,GB409_22,1,,MISSING_SOURCE,'No source reference provided. Recommend citing the grammar for this feature.'
bujh1238,BATCH,GB409_23,0,,MISSING_SOURCE,'No source reference provided. Recommend citing the grammar for this feature.'
bujh1238,BATCH,GB409_24,1,,MISSING_SOURCE,'No source reference provided. Recommend citing the grammar for this feature.'
bund1253,BATCH,GB409_1,0,,MISSING_SOURCE,'No source reference provided. Recommend citing the grammar for this feature.'
bund1253,BATCH,GB409_2,1,,MISSING_SOURCE,'No source reference provided. Recommend citing the grammar for this feature.'
bund1253,BATCH,GB409_3,1,,MISSING_SOURCE,'No source reference provided. Recommend citing the grammar for this feature.'
bund1253,BATCH,GB409_4,1,,MISSING_SOURCE,'No source reference provided. Recommend citing the grammar for this feature.'
bund1253,BATCH,GB409_5,1,,MISSING_SOURCE,'No source reference provided. Recommend citing the grammar for this feature.'
bund1253,BATCH,GB409_6,0,,MISSING_SOURCE,'No source reference provided. Recommend citing the grammar for this feature.'
bund1253,BATCH,GB409_7,1,,MISSING_SOURCE,'No source reference provided. Recommend citing the grammar for this feature.'
bund1253,BATCH,GB409_8,1,,MISSING_SOURCE,'No source reference provided. Recommend citing the grammar for this feature.'
bund1253,BATCH,GB409_9,0,,MISSING_SOURCE,'No source reference provided. Recommend citing the grammar for this feature.'
bund1253,BATCH,GB409_10,1,,MISSING_SOURCE,'No source reference provided. Recommend citing the grammar for this feature.'
bund1253,BATCH,GB409_11,1,,MISSING_SOURCE,'No source reference provided. Recommend citing the grammar for this feature.'
bund1253,BATCH,GB409_12,1,,MISSING_SOURCE,'No source reference provided. Recommend citing the grammar for this feature.'
bund1253,BATCH,GB409_13,1,,MISSING_SOURCE,'No source reference provided. Recommend citing the grammar for this feature.'
bund1253,BATCH,GB409_14,1,,MISSING_SOURCE,'No source reference provided. Recommend citing the grammar for this feature.'
bund1253,BATCH,GB409_15,0,,MISSING_SOURCE,'No source reference provided. Recommend citing the grammar for this feature.'
bund1253,BATCH,GB409_16,1,,MISSING_SOURCE,'No source reference provided. Recommend citing the grammar for this feature.'
bund1253,BATCH,GB409_17,1,,MISSING_SOURCE,'No source reference provided. Recommend citing the grammar for this feature.'
bund1253,BATCH,GB409_18,1,,MISSING_SOURCE,'No source reference provided. Recommend citing the grammar for this feature.'
bund1253,BATCH,GB409_19,1,,MISSING_SOURCE,'No source reference provided. Recommend citing the grammar for this feature.'
bund1253,BATCH,GB409_20,1,,MISSING_SOURCE,'No source reference provided. Recommend citing the grammar for this feature.'
bund1253,BATCH,GB409_21,1,,MISSING_SOURCE,'No source reference provided. Recommend citing the grammar for this feature.'
bund1253,BATCH,GB409_22,1,,MISSING_SOURCE,'No source reference provided. Recommend citing the grammar for this feature.'
bund1253,BATCH,GB409_23,0,,MISSING_SOURCE,'No source reference provided. Recommend citing the grammar for this feature.'
bund1253,BATCH,GB409_24,0,,MISSING_SOURCE,'No source reference provided. Recommend citing the grammar for this feature.'
byan1241,BATCH,GB409_1,0,,MISSING_SOURCE,'No source reference provided. Recommend citing the grammar for this feature.'
byan1241,BATCH,GB409_2,1,,MISSING_SOURCE,'No source reference provided. Recommend citing the grammar for this feature.'
byan1241,BATCH,GB409_3,1,,MISSING_SOURCE,'No source reference provided. Recommend citing the grammar for this feature.'
byan1241,BATCH,GB409_4,1,,MISSING_SOURCE,'No source reference provided. Recommend citing the grammar for this feature.'
byan1241,BATCH,GB409_5,1,,MISSING_SOURCE,'No source reference provided. Recommend citing the grammar for this feature.'
byan1241,BATCH,GB409_6,1,,MISSING_SOURCE,'No source reference provided. Recommend citing the grammar for this feature.'
byan1241,BATCH,GB409_7,1,,MISSING_SOURCE,'No source reference provided. Recommend citing the grammar for this feature.'
byan1241,BATCH,GB409_8,1,,MISSING_SOURCE,'No source reference provided. Recommend citing the grammar for this feature.'
byan1241,BATCH,GB409_9,1,,MISSING_SOURCE,'No source reference provided. Recommend citing the grammar for this feature.'
byan1241,BATCH,GB409_10,1,,MISSING_SOURCE,'No source reference provided. Recommend citing the grammar for this feature.'
byan1241,BATCH,GB409_11,1,,MISSING_SOURCE,'No source reference provided. Recommend citing the grammar for this feature.'
byan1241,BATCH,GB409_12,1,,MISSING_SOURCE,'No source reference provided. Recommend citing the grammar for this feature.'
byan1241,BATCH,GB409_13,1,,MISSING_SOURCE,'No source reference provided. Recommend citing the grammar for this feature.'
byan1241,BATCH,GB409_14,1,,MISSING_SOURCE,'No source reference provided. Recommend citing the grammar for this feature.'
byan1241,BATCH,GB409_15,1,,MISSING_SOURCE,'No source reference provided. Recommend citing the grammar for this feature.'
byan1241,BATCH,GB409_16,1,,MISSING_SOURCE,'No source reference provided. Recommend citing the grammar for this feature.'
byan1241,BATCH,GB409_17,1,,MISSING_SOURCE,'No source reference provided. Recommend citing the grammar for this feature.'
byan1241,BATCH,GB409_18,1,,MISSING_SOURCE,'No source reference provided. Recommend citing the grammar for this feature.'
byan1241,BATCH,GB409_19,1,,MISSING_SOURCE,'No source reference provided. Recommend citing the grammar for this feature.'
byan1241,BATCH,GB409_20,1,,MISSING_SOURCE,'No source reference provided. Recommend citing the grammar for this feature.'
byan1241,BATCH,GB409_21,1,,MISSING_SOURCE,'No source reference provided. Recommend citing the grammar for this feature.'
byan1241,BATCH,GB409_22,1,,MISSING_SOURCE,'No source reference provided. Recommend citing the grammar for this feature.'
byan1241,BATCH,GB409_23,0,,MISSING_SOURCE,'No source reference provided. Recommend citing the grammar for this feature.'
byan1241,BATCH,GB409_24,1,,MISSING_SOURCE,'No source reference provided. Recommend citing the grammar for this feature.'
caca1251,BATCH,GB409_1,0,,MISSING_SOURCE,'No source reference provided. Recommend citing the grammar for this feature.'
caca1251,BATCH,GB409_2,0,,MISSING_SOURCE,'No source reference provided. Recommend citing the grammar for this feature.'
caca1251,BATCH,GB409_3,0,,MISSING_SOURCE,'No source reference provided. Recommend citing the grammar for this feature.'
caca1251,BATCH,GB409_4,0,,MISSING_SOURCE,'No source reference provided. Recommend citing the grammar for this feature.'
caca1251,BATCH,GB409_5,1,,MISSING_SOURCE,'No source reference provided. Recommend citing the grammar for this feature.'
caca1251,BATCH,GB409_6,1,,MISSING_SOURCE,'No source reference provided. Recommend citing the grammar for this feature.'
caca1251,BATCH,GB409_7,1,,MISSING_SOURCE,'No source reference provided. Recommend citing the grammar for this feature.'
caca1251,BATCH,GB409_8,1,,MISSING_SOURCE,'No source reference provided. Recommend citing the grammar for this feature.'
caca1251,BATCH,GB409_9,1,,MISSING_SOURCE,'No source reference provided. Recommend citing the grammar for this feature.'
caca1251,BATCH,GB409_10,1,,MISSING_SOURCE,'No source reference provided. Recommend citing the grammar for this feature.'
caca1251,BATCH,GB409_11,1,,MISSING_SOURCE,'No source reference provided. Recommend citing the grammar for this feature.'
caca1251,BATCH,GB409_12,1,,MISSING_SOURCE,'No source reference provided. Recommend citing the grammar for this feature.'
caca1251,BATCH,GB409_13,1,,MISSING_SOURCE,'No source reference provided. Recommend citing the grammar for this feature.'
caca1251,BATCH,GB409_14,1,,MISSING_SOURCE,'No source reference provided. Recommend citing the grammar for this feature.'
caca1251,BATCH,GB409_15,1,,MISSING_SOURCE,'No source reference provided. Recommend citing the grammar for this feature.'
caca1251,BATCH,GB409_16,1,,MISSING_SOURCE,'No source reference provided. Recommend citing the grammar for this feature.'
caca1251,BATCH,GB409_17,1,,MISSING_SOURCE,'No source reference provided. Recommend citing the grammar for this feature.'
caca1251,BATCH,GB409_18,1,,MISSING_SOURCE,'No source reference provided. Recommend citing the grammar for this feature.'
caca1251,BATCH,GB409_19,1,,MISSING_SOURCE,'No source reference provided. Recommend citing the grammar for this feature.'
caca1251,BATCH,GB409_20,1,,MISSING_SOURCE,'No source reference provided. Recommend citing the grammar for this feature.'
caca1251,BATCH,GB409_21,1,,MISSING_SOURCE,'No source reference provided. Recommend citing the grammar for this feature.'
caca1251,BATCH,GB409_22,1,,MISSING_SOURCE,'No source reference provided. Recommend citing the grammar for this feature.'
caca1251,BATCH,GB409_23,1,,MISSING_SOURCE,'No source reference provided. Recommend citing the grammar for this feature.'
caca1251,BATCH,GB409_24,1,,MISSING_SOURCE,'No source reference provided. Recommend citing the grammar for this feature.'
caml1239,BATCH,GB409_1,0,,MISSING_SOURCE,'No source reference provided. Recommend citing the grammar for this feature.'
caml1239,BATCH,GB409_2,0,,MISSING_SOURCE,'No source reference provided. Recommend citing the grammar for this feature.'
caml1239,BATCH,GB409_3,0,,MISSING_SOURCE,'No source reference provided. Recommend citing the grammar for this feature.'
caml1239,BATCH,GB409_4,1,,MISSING_SOURCE,'No source reference provided. Recommend citing the grammar for this feature.'
caml1239,BATCH,GB409_5,1,,MISSING_SOURCE,'No source reference provided. Recommend citing the grammar for this feature.'
caml1239,BATCH,GB409_6,1,,MISSING_SOURCE,'No source reference provided. Recommend citing the grammar for this feature.'
caml1239,BATCH,GB409_7,1,,MISSING_SOURCE,'No source reference provided. Recommend citing the grammar for this feature.'
caml1239,BATCH,GB409_8,1,,MISSING_SOURCE,'No source reference provided. Recommend citing the grammar for this feature.'
caml1239,BATCH,GB409_9,1,,MISSING_SOURCE,'No source reference provided. Recommend citing the grammar for this feature.'
caml1239,BATCH,GB409_10,1,,MISSING_SOURCE,'No source reference provided. Recommend citing the grammar for this feature.'
caml1239,BATCH,GB409_11,1,,MISSING_SOURCE,'No source reference provided. Recommend citing the grammar for this feature.'
caml1239,BATCH,GB409_12,1,,MISSING_SOURCE,'No source reference provided. Recommend citing the grammar for this feature.'
caml1239,BATCH,GB409_13,1,,MISSING_SOURCE,'No source reference provided. Recommend citing the grammar for this feature.'
caml1239,BATCH,GB409_14,1,,MISSING_SOURCE,'No source reference provided. Recommend citing the grammar for this feature.'
caml1239,BATCH,GB409_15,1,,MISSING_SOURCE,'No source reference provided. Recommend citing the grammar for this feature.'
caml1239,BATCH,GB409_16,1,,MISSING_SOURCE,'No source reference provided. Recommend citing the grammar for this feature.'
caml1239,BATCH,GB409_17,1,,MISSING_SOURCE,'No source reference provided. Recommend citing the grammar for this feature.'
caml1239,BATCH,GB409_18,1,,MISSING_SOURCE,'No source reference provided. Recommend citing the grammar for this feature.'
caml1239,BATCH,GB409_19,1,,MISSING_SOURCE,'No source reference provided. Recommend citing the grammar for this feature.'
caml1239,BATCH,GB409_20,1,,MISSING_SOURCE,'No source reference provided. Recommend citing the grammar for this feature.'
caml1239,BATCH,GB409_21,1,,MISSING_SOURCE,'No source reference provided. Recommend citing the grammar for this feature.'
caml1239,BATCH,GB409_22,1,,MISSING_SOURCE,'No source reference provided. Recommend citing the grammar for this feature.'
caml1239,BATCH,GB409_23,0,,MISSING_SOURCE,'No source reference provided. Recommend citing the grammar for this feature.'
caml1239,BATCH,GB409_24,1,,MISSING_SOURCE,'No source reference provided. Recommend citing the grammar for this feature.'
casi1235,BATCH,GB409_1,1,,MISSING_SOURCE,'No source reference provided. Recommend citing the grammar for this feature.'
casi1235,BATCH,GB409_2,1,,MISSING_SOURCE,'No source reference provided. Recommend citing the grammar for this feature.'
casi1235,BATCH,GB409_3,1,,MISSING_SOURCE,'No source reference provided. Recommend citing the grammar for this feature.'
casi1235,BATCH,GB409_4,1,,MISSING_SOURCE,'No source reference provided. Recommend citing the grammar for this feature.'
casi1235,BATCH,GB409_5,1,,MISSING_SOURCE,'No source reference provided. Recommend citing the grammar for this feature.'
casi1235,BATCH,GB409_6,1,,MISSING_SOURCE,'No source reference provided. Recommend citing the grammar for this feature.'
casi1235,BATCH,GB409_7,1,,MISSING_SOURCE,'No source reference provided. Recommend citing the grammar for this feature.'
casi1235,BATCH,GB409_8,1,,MISSING_SOURCE,'No source reference provided. Recommend citing the grammar for this feature.'
casi1235,BATCH,GB409_9,1,,MISSING_SOURCE,'No source reference provided. Recommend citing the grammar for this feature.'
casi1235,BATCH,GB409_10,1,,MISSING_SOURCE,'No source reference provided. Recommend citing the grammar for this feature.'
casi1235,BATCH,GB409_11,1,,MISSING_SOURCE,'No source reference provided. Recommend citing the grammar for this feature.'
casi1235,BATCH,GB409_12,1,,MISSING_SOURCE,'No source reference provided. Recommend citing the grammar for this feature.'
casi1235,BATCH,GB409_13,1,,MISSING_SOURCE,'No source reference provided. Recommend citing the grammar for this feature.'
casi1235,BATCH,GB409_14,1,,MISSING_SOURCE,'No source reference provided. Recommend citing the grammar for this feature.'
casi1235,BATCH,GB409_15,1,,MISSING_SOURCE,'No source reference provided. Recommend citing the grammar for this feature.'
casi1235,BATCH,GB409_16,1,,MISSING_SOURCE,'No source reference provided. Recommend citing the grammar for this feature.'
casi1235,BATCH,GB409_17,1,,MISSING_SOURCE,'No source reference provided. Recommend citing the grammar for this feature.'
casi1235,BATCH,GB409_18,1,,MISSING_SOURCE,'No source reference provided. Recommend citing the grammar for this feature.'
casi1235,BATCH,GB409_19,1,,MISSING_SOURCE,'No source reference provided. Recommend citing the grammar for this feature.'
casi1235,BATCH,GB409_20,1,,MISSING_SOURCE,'No source reference provided. Recommend citing the grammar for this feature.'
casi1235,BATCH,GB409_21,1,,MISSING_SOURCE,'No source reference provided. Recommend citing the grammar for this feature.'
casi1235,BATCH,GB409_22,1,,MISSING_SOURCE,'No source reference provided. Recommend citing the grammar for this feature.'
casi1235,BATCH,GB409_23,1,,MISSING_SOURCE,'No source reference provided. Recommend citing the grammar for this feature.'
casi1235,BATCH,GB409_24,1,,MISSING_SOURCE,'No source reference provided. Recommend citing the grammar for this feature.'
cavi1250,BATCH,GB409_1,1,,MISSING_SOURCE,'No source reference provided. Recommend citing the grammar for this feature.'
cavi1250,BATCH,GB409_2,1,,MISSING_SOURCE,'No source reference provided. Recommend citing the grammar for this feature.'
cavi1250,BATCH,GB409_3,1,,MISSING_SOURCE,'No source reference provided. Recommend citing the grammar for this feature.'
cavi1250,BATCH,GB409_4,1,,MISSING_SOURCE,'No source reference provided. Recommend citing the grammar for this feature.'
cavi1250,BATCH,GB409_5,1,,MISSING_SOURCE,'No source reference provided. Recommend citing the grammar for this feature.'
cavi1250,BATCH,GB409_6,1,,MISSING_SOURCE,'No source reference provided. Recommend citing the grammar for this feature.'
cavi1250,BATCH,GB409_7,1,,MISSING_SOURCE,'No source reference provided. Recommend citing the grammar for this feature.'
cavi1250,BATCH,GB409_8,1,,MISSING_SOURCE,'No source reference provided. Recommend citing the grammar for this feature.'
cavi1250,BATCH,GB409_9,1,,MISSING_SOURCE,'No source reference provided. Recommend citing the grammar for this feature.'
cavi1250,BATCH,GB409_10,1,,MISSING_SOURCE,'No source reference provided. Recommend citing the grammar for this feature.'
cavi1250,BATCH,GB409_11,1,,MISSING_SOURCE,'No source reference provided. Recommend citing the grammar for this feature.'
cavi1250,BATCH,GB409_12,1,,MISSING_SOURCE,'No source reference provided. Recommend citing the grammar for this feature.'
cavi1250,BATCH,GB409_13,1,,MISSING_SOURCE,'No source reference provided. Recommend citing the grammar for this feature.'
cavi1250,BATCH,GB409_14,1,,MISSING_SOURCE,'No source reference provided. Recommend citing the grammar for this feature.'
cavi1250,BATCH,GB409_15,1,,MISSING_SOURCE,'No source reference provided. Recommend citing the grammar for this feature.'
cavi1250,BATCH,GB409_16,1,,MISSING_SOURCE,'No source reference provided. Recommend citing the grammar for this feature.'
cavi1250,BATCH,GB409_17,1,,MISSING_SOURCE,'No source reference provided. Recommend citing the grammar for this feature.'
cavi1250,BATCH,GB409_18,1,,MISSING_SOURCE,'No source reference provided. Recommend citing the grammar for this feature.'
cavi1250,BATCH,GB409_19,1,,MISSING_SOURCE,'No source reference provided. Recommend citing the grammar for this feature.'
cavi1250,BATCH,GB409_20,1,,MISSING_SOURCE,'No source reference provided. Recommend citing the grammar for this feature.'
cavi1250,BATCH,GB409_21,1,,MISSING_SOURCE,'No source reference provided. Recommend citing the grammar for this feature.'
cavi1250,BATCH,GB409_22,1,,MISSING_SOURCE,'No source reference provided. Recommend citing the grammar for this feature.'
cavi1250,BATCH,GB409_23,0,,MISSING_SOURCE,'No source reference provided. Recommend citing the grammar for this feature.'
cavi1250,BATCH,GB409_24,0,,MISSING_SOURCE,'No source reference provided. Recommend citing the grammar for this feature.'
cent2127,BATCH,GB409_1,1,,MISSING_SOURCE,'No source reference provided. Recommend citing the grammar for this feature.'
cent2127,BATCH,GB409_2,0,,MISSING_SOURCE,'No source reference provided. Recommend citing the grammar for this feature.'
cent2127,BATCH,GB409_3,0,,MISSING_SOURCE,'No source reference provided. Recommend citing the grammar for this feature.'
cent2127,BATCH,GB409_4,1,,MISSING_SOURCE,'No source reference provided. Recommend citing the grammar for this feature.'
cent2127,BATCH,GB409_5,1,,MISSING_SOURCE,'No source reference provided. Recommend citing the grammar for this feature.'
cent2127,BATCH,GB409_6,1,,MISSING_SOURCE,'No source reference provided. Recommend citing the grammar for this feature.'
cent2127,BATCH,GB409_7,1,,MISSING_SOURCE,'No source reference provided. Recommend citing the grammar for this feature.'
cent2127,BATCH,GB409_8,1,,MISSING_SOURCE,'No source reference provided. Recommend citing the grammar for this feature.'
cent2127,BATCH,GB409_9,1,,MISSING_SOURCE,'No source reference provided. Recommend citing the grammar for this feature.'
cent2127,BATCH,GB409_10,1,,MISSING_SOURCE,'No source reference provided. Recommend citing the grammar for this feature.'
cent2127,BATCH,GB409_11,1,,MISSING_SOURCE,'No source reference provided. Recommend citing the grammar for this feature.'
cent2127,BATCH,GB409_12,1,,MISSING_SOURCE,'No source reference provided. Recommend citing the grammar for this feature.'
cent2127,BATCH,GB409_13,1,,MISSING_SOURCE,'No source reference provided. Recommend citing the grammar for this feature.'
cent2127,BATCH,GB409_14,1,,MISSING_SOURCE,'No source reference provided. Recommend citing the grammar for this feature.'
cent2127,BATCH,GB409_15,1,,MISSING_SOURCE,'No source reference provided. Recommend citing the grammar for this feature.'
cent2127,BATCH,GB409_16,1,,MISSING_SOURCE,'No source reference provided. Recommend citing the grammar for this feature.'
cent2127,BATCH,GB409_17,1,,MISSING_SOURCE,'No source reference provided. Recommend citing the grammar for this feature.'
cent2127,BATCH,GB409_18,1,,MISSING_SOURCE,'No source reference provided. Recommend citing the grammar for this feature.'
cent2127,BATCH,GB409_19,1,,MISSING_SOURCE,'No source reference provided. Recommend citing the grammar for this feature.'
cent2127,BATCH,GB409_20,1,,MISSING_SOURCE,'No source reference provided. Recommend citing the grammar for this feature.'
cent2127,BATCH,GB409_21,0,,MISSING_SOURCE,'No source reference provided. Recommend citing the grammar for this feature.'
cent2127,BATCH,GB409_22,1,,MISSING_SOURCE,'No source reference provided. Recommend citing the grammar for this feature.'
cent2127,BATCH,GB409_23,1,,MISSING_SOURCE,'No source reference provided. Recommend citing the grammar for this feature.'
cent2127,BATCH,GB409_24,0,,MISSING_SOURCE,'No source reference provided. Recommend citing the grammar for this feature.'
chac1251,BATCH,GB409_1,0,,MISSING_SOURCE,'No source reference provided. Recommend citing the grammar for this feature.'
chac1251,BATCH,GB409_2,0,,MISSING_SOURCE,'No source reference provided. Recommend citing the grammar for this feature.'
chac1251,BATCH,GB409_3,0,,MISSING_SOURCE,'No source reference provided. Recommend citing the grammar for this feature.'
chac1251,BATCH,GB409_4,0,,MISSING_SOURCE,'No source reference provided. Recommend citing the grammar for this feature.'
chac1251,BATCH,GB409_5,1,,MISSING_SOURCE,'No source reference provided. Recommend citing the grammar for this feature.'
chac1251,BATCH,GB409_6,1,,MISSING_SOURCE,'No source reference provided. Recommend citing the grammar for this feature.'
chac1251,BATCH,GB409_7,1,,MISSING_SOURCE,'No source reference provided. Recommend citing the grammar for this feature.'
chac1251,BATCH,GB409_8,1,,MISSING_SOURCE,'No source reference provided. Recommend citing the grammar for this feature.'
chac1251,BATCH,GB409_9,1,,MISSING_SOURCE,'No source reference provided. Recommend citing the grammar for this feature.'
chac1251,BATCH,GB409_10,1,,MISSING_SOURCE,'No source reference provided. Recommend citing the grammar for this feature.'
chac1251,BATCH,GB409_11,1,,MISSING_SOURCE,'No source reference provided. Recommend citing the grammar for this feature.'
chac1251,BATCH,GB409_12,1,,MISSING_SOURCE,'No source reference provided. Recommend citing the grammar for this feature.'
chac1251,BATCH,GB409_13,1,,MISSING_SOURCE,'No source reference provided. Recommend citing the grammar for this feature.'
chac1251,BATCH,GB409_14,1,,MISSING_SOURCE,'No source reference provided. Recommend citing the grammar for this feature.'
chac1251,BATCH,GB409_15,1,,MISSING_SOURCE,'No source reference provided. Recommend citing the grammar for this feature.'
chac1251,BATCH,GB409_16,1,,MISSING_SOURCE,'No source reference provided. Recommend citing the grammar for this feature.'
chac1251,BATCH,GB409_17,1,,MISSING_SOURCE,'No source reference provided. Recommend citing the grammar for this feature.'
chac1251,BATCH,GB409_18,1,,MISSING_SOURCE,'No source reference provided. Recommend citing the grammar for this feature.'
chac1251,BATCH,GB409_19,1,,MISSING_SOURCE,'No source reference provided. Recommend citing the grammar for this feature.'
chac1251,BATCH,GB409_20,1,,MISSING_SOURCE,'No source reference provided. Recommend citing the grammar for this feature.'
chac1251,BATCH,GB409_21,1,,MISSING_SOURCE,'No source reference provided. Recommend citing the grammar for this feature.'
chac1251,BATCH,GB409_22,1,,MISSING_SOURCE,'No source reference provided. Recommend citing the grammar for this feature.'
chac1251,BATCH,GB409_23,1,,MISSING_SOURCE,'No source reference provided. Recommend citing the grammar for this feature.'
chac1251,BATCH,GB409_24,0,,MISSING_SOURCE,'No source reference provided. Recommend citing the grammar for this feature.'
chan1313,BATCH,GB409_1,1,,MISSING_SOURCE,'No source reference provided. Recommend citing the grammar for this feature.'
chan1313,BATCH,GB409_2,1,,MISSING_SOURCE,'No source reference provided. Recommend citing the grammar for this feature.'
chan1313,BATCH,GB409_3,1,,MISSING_SOURCE,'No source reference provided. Recommend citing the grammar for this feature.'
chan1313,BATCH,GB409_4,1,,MISSING_SOURCE,'No source reference provided. Recommend citing the grammar for this feature.'
chan1313,BATCH,GB409_5,1,,MISSING_SOURCE,'No source reference provided. Recommend citing the grammar for this feature.'
chan1313,BATCH,GB409_6,1,,MISSING_SOURCE,'No source reference provided. Recommend citing the grammar for this feature.'
chan1313,BATCH,GB409_7,1,,MISSING_SOURCE,'No source reference provided. Recommend citing the grammar for this feature.'
chan1313,BATCH,GB409_8,1,,MISSING_SOURCE,'No source reference provided. Recommend citing the grammar for this feature.'
chan1313,BATCH,GB409_9,?,,MISSING_VALUE,'Value not resolved ("?"). Researcher must determine correct coding from the grammar source.'
chan1313,BATCH,GB409_10,1,,MISSING_SOURCE,'No source reference provided. Recommend citing the grammar for this feature.'
chan1313,BATCH,GB409_11,?,,MISSING_VALUE,'Value not resolved ("?"). Researcher must determine correct coding from the grammar source.'
chan1313,BATCH,GB409_12,1,,MISSING_SOURCE,'No source reference provided. Recommend citing the grammar for this feature.'
chan1313,BATCH,GB409_13,?,,MISSING_VALUE,'Value not resolved ("?"). Researcher must determine correct coding from the grammar source.'
chan1313,BATCH,GB409_14,1,,MISSING_SOURCE,'No source reference provided. Recommend citing the grammar for this feature.'
chan1313,BATCH,GB409_15,1,,MISSING_SOURCE,'No source reference provided. Recommend citing the grammar for this feature.'
chan1313,BATCH,GB409_16,?,,MISSING_VALUE,'Value not resolved ("?"). Researcher must determine correct coding from the grammar source.'
chan1313,BATCH,GB409_17,?,,MISSING_VALUE,'Value not resolved ("?"). Researcher must determine correct coding from the grammar source.'
chan1313,BATCH,GB409_18,1,,MISSING_SOURCE,'No source reference provided. Recommend citing the grammar for this feature.'
chan1313,BATCH,GB409_19,?,,MISSING_VALUE,'Value not resolved ("?"). Researcher must determine correct coding from the grammar source.'
chan1313,BATCH,GB409_20,1,,MISSING_SOURCE,'No source reference provided. Recommend citing the grammar for this feature.'
chan1313,BATCH,GB409_21,1,,MISSING_SOURCE,'No source reference provided. Recommend citing the grammar for this feature.'
chan1313,BATCH,GB409_22,?,,MISSING_VALUE,'Value not resolved ("?"). Researcher must determine correct coding from the grammar source.'
chan1313,BATCH,GB409_23,0,,MISSING_SOURCE,'No source reference provided. Recommend citing the grammar for this feature.'
chan1313,BATCH,GB409_24,1,,MISSING_SOURCE,'No source reference provided. Recommend citing the grammar for this feature.'
chep1245,BATCH,GB409_1,0,,MISSING_SOURCE,'No source reference provided. Recommend citing the grammar for this feature.'
chep1245,BATCH,GB409_2,1,,MISSING_SOURCE,'No source reference provided. Recommend citing the grammar for this feature.'
chep1245,BATCH,GB409_3,1,,MISSING_SOURCE,'No source reference provided. Recommend citing the grammar for this feature.'
chep1245,BATCH,GB409_4,1,,MISSING_SOURCE,'No source reference provided. Recommend citing the grammar for this feature.'
chep1245,BATCH,GB409_5,1,,MISSING_SOURCE,'No source reference provided. Recommend citing the grammar for this feature.'
chep1245,BATCH,GB409_6,1,,MISSING_SOURCE,'No source reference provided. Recommend citing the grammar for this feature.'
chep1245,BATCH,GB409_7,1,,MISSING_SOURCE,'No source reference provided. Recommend citing the grammar for this feature.'
chep1245,BATCH,GB409_8,1,,MISSING_SOURCE,'No source reference provided. Recommend citing the grammar for this feature.'
chep1245,BATCH,GB409_9,1,,MISSING_SOURCE,'No source reference provided. Recommend citing the grammar for this feature.'
chep1245,BATCH,GB409_10,1,,MISSING_SOURCE,'No source reference provided. Recommend citing the grammar for this feature.'
chep1245,BATCH,GB409_11,1,,MISSING_SOURCE,'No source reference provided. Recommend citing the grammar for this feature.'
chep1245,BATCH,GB409_12,1,,MISSING_SOURCE,'No source reference provided. Recommend citing the grammar for this feature.'
chep1245,BATCH,GB409_13,1,,MISSING_SOURCE,'No source reference provided. Recommend citing the grammar for this feature.'
chep1245,BATCH,GB409_14,1,,MISSING_SOURCE,'No source reference provided. Recommend citing the grammar for this feature.'
chep1245,BATCH,GB409_15,1,,MISSING_SOURCE,'No source reference provided. Recommend citing the grammar for this feature.'
chep1245,BATCH,GB409_16,?,,MISSING_VALUE,'Value not resolved ("?"). Researcher must determine correct coding from the grammar source.'
chep1245,BATCH,GB409_17,?,,MISSING_VALUE,'Value not resolved ("?"). Researcher must determine correct coding from the grammar source.'
chep1245,BATCH,GB409_18,1,,MISSING_SOURCE,'No source reference provided. Recommend citing the grammar for this feature.'
chep1245,BATCH,GB409_19,1,,MISSING_SOURCE,'No source reference provided. Recommend citing the grammar for this feature.'
chep1245,BATCH,GB409_20,1,,MISSING_SOURCE,'No source reference provided. Recommend citing the grammar for this feature.'
chep1245,BATCH,GB409_21,1,,MISSING_SOURCE,'No source reference provided. Recommend citing the grammar for this feature.'
chep1245,BATCH,GB409_22,1,,MISSING_SOURCE,'No source reference provided. Recommend citing the grammar for this feature.'
chep1245,BATCH,GB409_23,0,,MISSING_SOURCE,'No source reference provided. Recommend citing the grammar for this feature.'
chep1245,BATCH,GB409_24,1,,MISSING_SOURCE,'No source reference provided. Recommend citing the grammar for this feature.'
choc1275,BATCH,GB409_1,0,,MISSING_SOURCE,'No source reference provided. Recommend citing the grammar for this feature.'
choc1275,BATCH,GB409_2,1,,MISSING_SOURCE,'No source reference provided. Recommend citing the grammar for this feature.'
choc1275,BATCH,GB409_3,1,,MISSING_SOURCE,'No source reference provided. Recommend citing the grammar for this feature.'
choc1275,BATCH,GB409_4,1,,MISSING_SOURCE,'No source reference provided. Recommend citing the grammar for this feature.'
choc1275,BATCH,GB409_5,1,,MISSING_SOURCE,'No source reference provided. Recommend citing the grammar for this feature.'
choc1275,BATCH,GB409_6,?,,MISSING_VALUE,'Value not resolved ("?"). Researcher must determine correct coding from the grammar source.'
choc1275,BATCH,GB409_7,1,,MISSING_SOURCE,'No source reference provided. Recommend citing the grammar for this feature.'
choc1275,BATCH,GB409_8,1,,MISSING_SOURCE,'No source reference provided. Recommend citing the grammar for this feature.'
choc1275,BATCH,GB409_9,1,,MISSING_SOURCE,'No source reference provided. Recommend citing the grammar for this feature.'
choc1275,BATCH,GB409_10,1,,MISSING_SOURCE,'No source reference provided. Recommend citing the grammar for this feature.'
choc1275,BATCH,GB409_11,1,,MISSING_SOURCE,'No source reference provided. Recommend citing the grammar for this feature.'
choc1275,BATCH,GB409_12,1,,MISSING_SOURCE,'No source reference provided. Recommend citing the grammar for this feature.'
choc1275,BATCH,GB409_13,?,,MISSING_VALUE,'Value not resolved ("?"). Researcher must determine correct coding from the grammar source.'
choc1275,BATCH,GB409_14,1,,MISSING_SOURCE,'No source reference provided. Recommend citing the grammar for this feature.'
choc1275,BATCH,GB409_15,?,,MISSING_VALUE,'Value not resolved ("?"). Researcher must determine correct coding from the grammar source.'
choc1275,BATCH,GB409_16,?,,MISSING_VALUE,'Value not resolved ("?"). Researcher must determine correct coding from the grammar source.'
choc1275,BATCH,GB409_17,?,,MISSING_VALUE,'Value not resolved ("?"). Researcher must determine correct coding from the grammar source.'
choc1275,BATCH,GB409_18,1,,MISSING_SOURCE,'No source reference provided. Recommend citing the grammar for this feature.'
choc1275,BATCH,GB409_19,?,,MISSING_VALUE,'Value not resolved ("?"). Researcher must determine correct coding from the grammar source.'
choc1275,BATCH,GB409_20,1,,MISSING_SOURCE,'No source reference provided. Recommend citing the grammar for this feature.'
choc1275,BATCH,GB409_21,1,,MISSING_SOURCE,'No source reference provided. Recommend citing the grammar for this feature.'
choc1275,BATCH,GB409_22,0,,MISSING_SOURCE,'No source reference provided. Recommend citing the grammar for this feature.'
choc1275,BATCH,GB409_23,1,,MISSING_SOURCE,'No source reference provided. Recommend citing the grammar for this feature.'
choc1275,BATCH,GB409_24,0,,MISSING_SOURCE,'No source reference provided. Recommend citing the grammar for this feature.'
chug1252,BATCH,GB409_1,0,,MISSING_SOURCE,'No source reference provided. Recommend citing the grammar for this feature.'
chug1252,BATCH,GB409_2,1,,MISSING_SOURCE,'No source reference provided. Recommend citing the grammar for this feature.'
chug1252,BATCH,GB409_3,1,,MISSING_SOURCE,'No source reference provided. Recommend citing the grammar for this feature.'
chug1252,BATCH,GB409_4,1,,MISSING_SOURCE,'No source reference provided. Recommend citing the grammar for this feature.'
chug1252,BATCH,GB409_5,1,,MISSING_SOURCE,'No source reference provided. Recommend citing the grammar for this feature.'
chug1252,BATCH,GB409_6,1,,MISSING_SOURCE,'No source reference provided. Recommend citing the grammar for this feature.'
chug1252,BATCH,GB409_7,1,,MISSING_SOURCE,'No source reference provided. Recommend citing the grammar for this feature.'
chug1252,BATCH,GB409_8,1,,MISSING_SOURCE,'No source reference provided. Recommend citing the grammar for this feature.'
chug1252,BATCH,GB409_9,1,,MISSING_SOURCE,'No source reference provided. Recommend citing the grammar for this feature.'
chug1252,BATCH,GB409_10,1,,MISSING_SOURCE,'No source reference provided. Recommend citing the grammar for this feature.'
chug1252,BATCH,GB409_11,1,,MISSING_SOURCE,'No source reference provided. Recommend citing the grammar for this feature.'
chug1252,BATCH,GB409_12,1,,MISSING_SOURCE,'No source reference provided. Recommend citing the grammar for this feature.'
chug1252,BATCH,GB409_13,1,,MISSING_SOURCE,'No source reference provided. Recommend citing the grammar for this feature.'
chug1252,BATCH,GB409_14,?,,MISSING_VALUE,'Value not resolved ("?"). Researcher must determine correct coding from the grammar source.'
chug1252,BATCH,GB409_15,?,,MISSING_VALUE,'Value not resolved ("?"). Researcher must determine correct coding from the grammar source.'
chug1252,BATCH,GB409_16,1,,MISSING_SOURCE,'No source reference provided. Recommend citing the grammar for this feature.'
chug1252,BATCH,GB409_17,?,,MISSING_VALUE,'Value not resolved ("?"). Researcher must determine correct coding from the grammar source.'
chug1252,BATCH,GB409_18,1,,MISSING_SOURCE,'No source reference provided. Recommend citing the grammar for this feature.'
chug1252,BATCH,GB409_19,1,,MISSING_SOURCE,'No source reference provided. Recommend citing the grammar for this feature.'
chug1252,BATCH,GB409_20,1,,MISSING_SOURCE,'No source reference provided. Recommend citing the grammar for this feature.'
chug1252,BATCH,GB409_21,1,,MISSING_SOURCE,'No source reference provided. Recommend citing the grammar for this feature.'
chug1252,BATCH,GB409_22,1,,MISSING_SOURCE,'No source reference provided. Recommend citing the grammar for this feature.'
chug1252,BATCH,GB409_23,1,,MISSING_SOURCE,'No source reference provided. Recommend citing the grammar for this feature.'
chug1252,BATCH,GB409_24,1,,MISSING_SOURCE,'No source reference provided. Recommend citing the grammar for this feature.'
chuk1273,BATCH,GB409_1,1,,MISSING_SOURCE,'No source reference provided. Recommend citing the grammar for this feature.'
chuk1273,BATCH,GB409_2,1,,MISSING_SOURCE,'No source reference provided. Recommend citing the grammar for this feature.'
chuk1273,BATCH,GB409_3,1,,MISSING_SOURCE,'No source reference provided. Recommend citing the grammar for this feature.'
chuk1273,BATCH,GB409_4,1,,MISSING_SOURCE,'No source reference provided. Recommend citing the grammar for this feature.'
chuk1273,BATCH,GB409_5,1,,MISSING_SOURCE,'No source reference provided. Recommend citing the grammar for this feature.'
chuk1273,BATCH,GB409_6,1,,MISSING_SOURCE,'No source reference provided. Recommend citing the grammar for this feature.'
chuk1273,BATCH,GB409_7,1,,MISSING_SOURCE,'No source reference provided. Recommend citing the grammar for this feature.'
chuk1273,BATCH,GB409_8,1,,MISSING_SOURCE,'No source reference provided. Recommend citing the grammar for this feature.'
chuk1273,BATCH,GB409_9,1,,MISSING_SOURCE,'No source reference provided. Recommend citing the grammar for this feature.'
chuk1273,BATCH,GB409_10,1,,MISSING_SOURCE,'No source reference provided. Recommend citing the grammar for this feature.'
chuk1273,BATCH,GB409_11,1,,MISSING_SOURCE,'No source reference provided. Recommend citing the grammar for this feature.'
chuk1273,BATCH,GB409_12,1,,MISSING_SOURCE,'No source reference provided. Recommend citing the grammar for this feature.'
chuk1273,BATCH,GB409_13,?,,MISSING_VALUE,'Value not resolved ("?"). Researcher must determine correct coding from the grammar source.'
chuk1273,BATCH,GB409_14,1,,MISSING_SOURCE,'No source reference provided. Recommend citing the grammar for this feature.'
chuk1273,BATCH,GB409_15,1,,MISSING_SOURCE,'No source reference provided. Recommend citing the grammar for this feature.'
chuk1273,BATCH,GB409_16,1,,MISSING_SOURCE,'No source reference provided. Recommend citing the grammar for this feature.'
chuk1273,BATCH,GB409_17,1,,MISSING_SOURCE,'No source reference provided. Recommend citing the grammar for this feature.'
chuk1273,BATCH,GB409_18,1,,MISSING_SOURCE,'No source reference provided. Recommend citing the grammar for this feature.'
chuk1273,BATCH,GB409_19,1,,MISSING_SOURCE,'No source reference provided. Recommend citing the grammar for this feature.'
chuk1273,BATCH,GB409_20,1,,MISSING_SOURCE,'No source reference provided. Recommend citing the grammar for this feature.'
chuk1273,BATCH,GB409_21,?,,MISSING_VALUE,'Value not resolved ("?"). Researcher must determine correct coding from the grammar source.'
chuk1273,BATCH,GB409_22,0,,MISSING_SOURCE,'No source reference provided. Recommend citing the grammar for this feature.'
chuk1273,BATCH,GB409_23,0,,MISSING_SOURCE,'No source reference provided. Recommend citing the grammar for this feature.'
chuk1273,BATCH,GB409_24,1,,MISSING_SOURCE,'No source reference provided. Recommend citing the grammar for this feature.'
coch1272,BATCH,GB409_1,1,,MISSING_SOURCE,'No source reference provided. Recommend citing the grammar for this feature.'
coch1272,BATCH,GB409_2,?,,MISSING_VALUE,'Value not resolved ("?"). Researcher must determine correct coding from the grammar source.'
coch1272,BATCH,GB409_3,?,,MISSING_VALUE,'Value not resolved ("?"). Researcher must determine correct coding from the grammar source.'
coch1272,BATCH,GB409_4,?,,MISSING_VALUE,'Value not resolved ("?"). Researcher must determine correct coding from the grammar source.'
coch1272,BATCH,GB409_5,1,,MISSING_SOURCE,'No source reference provided. Recommend citing the grammar for this feature.'
coch1272,BATCH,GB409_6,?,,MISSING_VALUE,'Value not resolved ("?"). Researcher must determine correct coding from the grammar source.'
coch1272,BATCH,GB409_7,1,,MISSING_SOURCE,'No source reference provided. Recommend citing the grammar for this feature.'
coch1272,BATCH,GB409_8,1,,MISSING_SOURCE,'No source reference provided. Recommend citing the grammar for this feature.'
coch1272,BATCH,GB409_9,?,,MISSING_VALUE,'Value not resolved ("?"). Researcher must determine correct coding from the grammar source.'
coch1272,BATCH,GB409_10,1,,MISSING_SOURCE,'No source reference provided. Recommend citing the grammar for this feature.'
coch1272,BATCH,GB409_11,1,,MISSING_SOURCE,'No source reference provided. Recommend citing the grammar for this feature.'
coch1272,BATCH,GB409_12,1,,MISSING_SOURCE,'No source reference provided. Recommend citing the grammar for this feature.'
coch1272,BATCH,GB409_13,1,,MISSING_SOURCE,'No source reference provided. Recommend citing the grammar for this feature.'
coch1272,BATCH,GB409_14,1,,MISSING_SOURCE,'No source reference provided. Recommend citing the grammar for this feature.'
coch1272,BATCH,GB409_15,1,,MISSING_SOURCE,'No source reference provided. Recommend citing the grammar for this feature.'
coch1272,BATCH,GB409_16,?,,MISSING_VALUE,'Value not resolved ("?"). Researcher must determine correct coding from the grammar source.'
coch1272,BATCH,GB409_17,?,,MISSING_VALUE,'Value not resolved ("?"). Researcher must determine correct coding from the grammar source.'
coch1272,BATCH,GB409_18,?,,MISSING_VALUE,'Value not resolved ("?"). Researcher must determine correct coding from the grammar source.'
coch1272,BATCH,GB409_19,?,,MISSING_VALUE,'Value not resolved ("?"). Researcher must determine correct coding from the grammar source.'
coch1272,BATCH,GB409_20,1,,MISSING_SOURCE,'No source reference provided. Recommend citing the grammar for this feature.'
coch1272,BATCH,GB409_21,?,,MISSING_VALUE,'Value not resolved ("?"). Researcher must determine correct coding from the grammar source.'
coch1272,BATCH,GB409_22,1,,MISSING_SOURCE,'No source reference provided. Recommend citing the grammar for this feature.'
coch1272,BATCH,GB409_23,?,,MISSING_VALUE,'Value not resolved ("?"). Researcher must determine correct coding from the grammar source.'
coch1272,BATCH,GB409_24,?,,MISSING_VALUE,'Value not resolved ("?"). Researcher must determine correct coding from the grammar source.'
coeu1236,BATCH,GB409_1,1,,MISSING_SOURCE,'No source reference provided. Recommend citing the grammar for this feature.'
coeu1236,BATCH,GB409_2,1,,MISSING_SOURCE,'No source reference provided. Recommend citing the grammar for this feature.'
coeu1236,BATCH,GB409_3,1,,MISSING_SOURCE,'No source reference provided. Recommend citing the grammar for this feature.'
coeu1236,BATCH,GB409_4,1,,MISSING_SOURCE,'No source reference provided. Recommend citing the grammar for this feature.'
coeu1236,BATCH,GB409_5,1,,MISSING_SOURCE,'No source reference provided. Recommend citing the grammar for this feature.'
coeu1236,BATCH,GB409_6,1,,MISSING_SOURCE,'No source reference provided. Recommend citing the grammar for this feature.'
coeu1236,BATCH,GB409_7,?,,MISSING_VALUE,'Value not resolved ("?"). Researcher must determine correct coding from the grammar source.'
coeu1236,BATCH,GB409_8,?,,MISSING_VALUE,'Value not resolved ("?"). Researcher must determine correct coding from the grammar source.'
coeu1236,BATCH,GB409_9,1,,MISSING_SOURCE,'No source reference provided. Recommend citing the grammar for this feature.'
coeu1236,BATCH,GB409_10,1,,MISSING_SOURCE,'No source reference provided. Recommend citing the grammar for this feature.'
coeu1236,BATCH,GB409_11,1,,MISSING_SOURCE,'No source reference provided. Recommend citing the grammar for this feature.'
coeu1236,BATCH,GB409_12,1,,MISSING_SOURCE,'No source reference provided. Recommend citing the grammar for this feature.'
coeu1236,BATCH,GB409_13,?,,MISSING_VALUE,'Value not resolved ("?"). Researcher must determine correct coding from the grammar source.'
coeu1236,BATCH,GB409_14,1,,MISSING_SOURCE,'No source reference provided. Recommend citing the grammar for this feature.'
coeu1236,BATCH,GB409_15,?,,MISSING_VALUE,'Value not resolved ("?"). Researcher must determine correct coding from the grammar source.'
coeu1236,BATCH,GB409_16,?,,MISSING_VALUE,'Value not resolved ("?"). Researcher must determine correct coding from the grammar source.'
coeu1236,BATCH,GB409_17,?,,MISSING_VALUE,'Value not resolved ("?"). Researcher must determine correct coding from the grammar source.'
coeu1236,BATCH,GB409_18,1,,MISSING_SOURCE,'No source reference provided. Recommend citing the grammar for this feature.'
coeu1236,BATCH,GB409_19,?,,MISSING_VALUE,'Value not resolved ("?"). Researcher must determine correct coding from the grammar source.'
coeu1236,BATCH,GB409_20,1,,MISSING_SOURCE,'No source reference provided. Recommend citing the grammar for this feature.'
coeu1236,BATCH,GB409_21,?,,MISSING_VALUE,'Value not resolved ("?"). Researcher must determine correct coding from the grammar source.'
coeu1236,BATCH,GB409_22,0,,MISSING_SOURCE,'No source reference provided. Recommend citing the grammar for this feature.'
coeu1236,BATCH,GB409_23,0,,MISSING_SOURCE,'No source reference provided. Recommend citing the grammar for this feature.'
coeu1236,BATCH,GB409_24,0,,MISSING_SOURCE,'No source reference provided. Recommend citing the grammar for this feature.'
colu1241,BATCH,GB409_1,1,,MISSING_SOURCE,'No source reference provided. Recommend citing the grammar for this feature.'
colu1241,BATCH,GB409_2,0,,MISSING_SOURCE,'No source reference provided. Recommend citing the grammar for this feature.'
colu1241,BATCH,GB409_3,0,,MISSING_SOURCE,'No source reference provided. Recommend citing the grammar for this feature.'
colu1241,BATCH,GB409_4,0,,MISSING_SOURCE,'No source reference provided. Recommend citing the grammar for this feature.'
colu1241,BATCH,GB409_5,1,,MISSING_SOURCE,'No source reference provided. Recommend citing the grammar for this feature.'
colu1241,BATCH,GB409_6,1,,MISSING_SOURCE,'No source reference provided. Recommend citing the grammar for this feature.'
colu1241,BATCH,GB409_7,1,,MISSING_SOURCE,'No source reference provided. Recommend citing the grammar for this feature.'
colu1241,BATCH,GB409_8,1,,MISSING_SOURCE,'No source reference provided. Recommend citing the grammar for this feature.'
colu1241,BATCH,GB409_9,1,,MISSING_SOURCE,'No source reference provided. Recommend citing the grammar for this feature.'
colu1241,BATCH,GB409_10,1,,MISSING_SOURCE,'No source reference provided. Recommend citing the grammar for this feature.'
colu1241,BATCH,GB409_11,1,,MISSING_SOURCE,'No source reference provided. Recommend citing the grammar for this feature.'
colu1241,BATCH,GB409_12,1,,MISSING_SOURCE,'No source reference provided. Recommend citing the grammar for this feature.'
colu1241,BATCH,GB409_13,1,,MISSING_SOURCE,'No source reference provided. Recommend citing the grammar for this feature.'
colu1241,BATCH,GB409_14,1,,MISSING_SOURCE,'No source reference provided. Recommend citing the grammar for this feature.'
colu1241,BATCH,GB409_15,1,,MISSING_SOURCE,'No source reference provided. Recommend citing the grammar for this feature.'
colu1241,BATCH,GB409_16,?,,MISSING_VALUE,'Value not resolved ("?"). Researcher must determine correct coding from the grammar source.'
colu1241,BATCH,GB409_17,?,,MISSING_VALUE,'Value not resolved ("?"). Researcher must determine correct coding from the grammar source.'
colu1241,BATCH,GB409_18,1,,MISSING_SOURCE,'No source reference provided. Recommend citing the grammar for this feature.'
colu1241,BATCH,GB409_19,?,,MISSING_VALUE,'Value not resolved ("?"). Researcher must determine correct coding from the grammar source.'
colu1241,BATCH,GB409_20,1,,MISSING_SOURCE,'No source reference provided. Recommend citing the grammar for this feature.'
colu1241,BATCH,GB409_21,1,,MISSING_SOURCE,'No source reference provided. Recommend citing the grammar for this feature.'
colu1241,BATCH,GB409_22,0,,MISSING_SOURCE,'No source reference provided. Recommend citing the grammar for this feature.'
colu1241,BATCH,GB409_23,0,,MISSING_SOURCE,'No source reference provided. Recommend citing the grammar for this feature.'
colu1241,BATCH,GB409_24,0,,MISSING_SOURCE,'No source reference provided. Recommend citing the grammar for this feature.'
coos1249,BATCH,GB409_1,0,,MISSING_SOURCE,'No source reference provided. Recommend citing the grammar for this feature.'
coos1249,BATCH,GB409_2,0,,MISSING_SOURCE,'No source reference provided. Recommend citing the grammar for this feature.'
coos1249,BATCH,GB409_3,0,,MISSING_SOURCE,'No source reference provided. Recommend citing the grammar for this feature.'
coos1249,BATCH,GB409_4,0,,MISSING_SOURCE,'No source reference provided. Recommend citing the grammar for this feature.'
coos1249,BATCH,GB409_5,1,,MISSING_SOURCE,'No source reference provided. Recommend citing the grammar for this feature.'
coos1249,BATCH,GB409_6,1,,MISSING_SOURCE,'No source reference provided. Recommend citing the grammar for this feature.'
coos1249,BATCH,GB409_7,1,,MISSING_SOURCE,'No source reference provided. Recommend citing the grammar for this feature.'
coos1249,BATCH,GB409_8,1,,MISSING_SOURCE,'No source reference provided. Recommend citing the grammar for this feature.'
coos1249,BATCH,GB409_9,1,,MISSING_SOURCE,'No source reference provided. Recommend citing the grammar for this feature.'
coos1249,BATCH,GB409_10,1,,MISSING_SOURCE,'No source reference provided. Recommend citing the grammar for this feature.'
coos1249,BATCH,GB409_11,1,,MISSING_SOURCE,'No source reference provided. Recommend citing the grammar for this feature.'
coos1249,BATCH,GB409_12,1,,MISSING_SOURCE,'No source reference provided. Recommend citing the grammar for this feature.'
coos1249,BATCH,GB409_13,1,,MISSING_SOURCE,'No source reference provided. Recommend citing the grammar for this feature.'
coos1249,BATCH,GB409_14,1,,MISSING_SOURCE,'No source reference provided. Recommend citing the grammar for this feature.'
coos1249,BATCH,GB409_15,1,,MISSING_SOURCE,'No source reference provided. Recommend citing the grammar for this feature.'
coos1249,BATCH,GB409_16,?,,MISSING_VALUE,'Value not resolved ("?"). Researcher must determine correct coding from the grammar source.'
coos1249,BATCH,GB409_17,?,,MISSING_VALUE,'Value not resolved ("?"). Researcher must determine correct coding from the grammar source.'
coos1249,BATCH,GB409_18,1,,MISSING_SOURCE,'No source reference provided. Recommend citing the grammar for this feature.'
coos1249,BATCH,GB409_19,1,,MISSING_SOURCE,'No source reference provided. Recommend citing the grammar for this feature.'
coos1249,BATCH,GB409_20,1,,MISSING_SOURCE,'No source reference provided. Recommend citing the grammar for this feature.'
coos1249,BATCH,GB409_21,1,,MISSING_SOURCE,'No source reference provided. Recommend citing the grammar for this feature.'
coos1249,BATCH,GB409_22,?,,MISSING_VALUE,'Value not resolved ("?"). Researcher must determine correct coding from the grammar source.'
coos1249,BATCH,GB409_23,0,,MISSING_SOURCE,'No source reference provided. Recommend citing the grammar for this feature.'
coos1249,BATCH,GB409_24,1,,MISSING_SOURCE,'No source reference provided. Recommend citing the grammar for this feature.'
daai1236,BATCH,GB409_1,0,,MISSING_SOURCE,'No source reference provided. Recommend citing the grammar for this feature.'
daai1236,BATCH,GB409_2,1,,MISSING_SOURCE,'No source reference provided. Recommend citing the grammar for this feature.'
daai1236,BATCH,GB409_3,1,,MISSING_SOURCE,'No source reference provided. Recommend citing the grammar for this feature.'
daai1236,BATCH,GB409_4,1,,MISSING_SOURCE,'No source reference provided. Recommend citing the grammar for this feature.'
daai1236,BATCH,GB409_5,1,,MISSING_SOURCE,'No source reference provided. Recommend citing the grammar for this feature.'
daai1236,BATCH,GB409_6,1,,MISSING_SOURCE,'No source reference provided. Recommend citing the grammar for this feature.'
daai1236,BATCH,GB409_7,1,,MISSING_SOURCE,'No source reference provided. Recommend citing the grammar for this feature.'
daai1236,BATCH,GB409_8,1,,MISSING_SOURCE,'No source reference provided. Recommend citing the grammar for this feature.'
daai1236,BATCH,GB409_9,1,,MISSING_SOURCE,'No source reference provided. Recommend citing the grammar for this feature.'
daai1236,BATCH,GB409_10,1,,MISSING_SOURCE,'No source reference provided. Recommend citing the grammar for this feature.'
daai1236,BATCH,GB409_11,1,,MISSING_SOURCE,'No source reference provided. Recommend citing the grammar for this feature.'
daai1236,BATCH,GB409_12,1,,MISSING_SOURCE,'No source reference provided. Recommend citing the grammar for this feature.'
daai1236,BATCH,GB409_13,1,,MISSING_SOURCE,'No source reference provided. Recommend citing the grammar for this feature.'
daai1236,BATCH,GB409_14,1,,MISSING_SOURCE,'No source reference provided. Recommend citing the grammar for this feature.'
daai1236,BATCH,GB409_15,1,,MISSING_SOURCE,'No source reference provided. Recommend citing the grammar for this feature.'
daai1236,BATCH,GB409_16,1,,MISSING_SOURCE,'No source reference provided. Recommend citing the grammar for this feature.'
daai1236,BATCH,GB409_17,1,,MISSING_SOURCE,'No source reference provided. Recommend citing the grammar for this feature.'
daai1236,BATCH,GB409_18,1,,MISSING_SOURCE,'No source reference provided. Recommend citing the grammar for this feature.'
daai1236,BATCH,GB409_19,1,,MISSING_SOURCE,'No source reference provided. Recommend citing the grammar for this feature.'
daai1236,BATCH,GB409_20,1,,MISSING_SOURCE,'No source reference provided. Recommend citing the grammar for this feature.'
daai1236,BATCH,GB409_21,1,,MISSING_SOURCE,'No source reference provided. Recommend citing the grammar for this feature.'
daai1236,BATCH,GB409_22,0,,MISSING_SOURCE,'No source reference provided. Recommend citing the grammar for this feature.'
daai1236,BATCH,GB409_23,0,,MISSING_SOURCE,'No source reference provided. Recommend citing the grammar for this feature.'
daai1236,BATCH,GB409_24,0,,MISSING_SOURCE,'No source reference provided. Recommend citing the grammar for this feature.'
dara1250,BATCH,GB409_1,0,,MISSING_SOURCE,'No source reference provided. Recommend citing the grammar for this feature.'
dara1250,BATCH,GB409_2,0,,MISSING_SOURCE,'No source reference provided. Recommend citing the grammar for this feature.'
dara1250,BATCH,GB409_3,0,,MISSING_SOURCE,'No source reference provided. Recommend citing the grammar for this feature.'
dara1250,BATCH,GB409_4,1,,MISSING_SOURCE,'No source reference provided. Recommend citing the grammar for this feature.'
dara1250,BATCH,GB409_5,1,,MISSING_SOURCE,'No source reference provided. Recommend citing the grammar for this feature.'
dara1250,BATCH,GB409_6,1,,MISSING_SOURCE,'No source reference provided. Recommend citing the grammar for this feature.'
dara1250,BATCH,GB409_7,1,,MISSING_SOURCE,'No source reference provided. Recommend citing the grammar for this feature.'
dara1250,BATCH,GB409_8,1,,MISSING_SOURCE,'No source reference provided. Recommend citing the grammar for this feature.'
dara1250,BATCH,GB409_9,1,,MISSING_SOURCE,'No source reference provided. Recommend citing the grammar for this feature.'
dara1250,BATCH,GB409_10,1,,MISSING_SOURCE,'No source reference provided. Recommend citing the grammar for this feature.'
dara1250,BATCH,GB409_11,1,,MISSING_SOURCE,'No source reference provided. Recommend citing the grammar for this feature.'
dara1250,BATCH,GB409_12,1,,MISSING_SOURCE,'No source reference provided. Recommend citing the grammar for this feature.'
dara1250,BATCH,GB409_13,1,,MISSING_SOURCE,'No source reference provided. Recommend citing the grammar for this feature.'
dara1250,BATCH,GB409_14,1,,MISSING_SOURCE,'No source reference provided. Recommend citing the grammar for this feature.'
dara1250,BATCH,GB409_15,1,,MISSING_SOURCE,'No source reference provided. Recommend citing the grammar for this feature.'
dara1250,BATCH,GB409_16,1,,MISSING_SOURCE,'No source reference provided. Recommend citing the grammar for this feature.'
dara1250,BATCH,GB409_17,1,,MISSING_SOURCE,'No source reference provided. Recommend citing the grammar for this feature.'
dara1250,BATCH,GB409_18,1,,MISSING_SOURCE,'No source reference provided. Recommend citing the grammar for this feature.'
dara1250,BATCH,GB409_19,?,,MISSING_VALUE,'Value not resolved ("?"). Researcher must determine correct coding from the grammar source.'
dara1250,BATCH,GB409_20,1,,MISSING_SOURCE,'No source reference provided. Recommend citing the grammar for this feature.'
dara1250,BATCH,GB409_21,1,,MISSING_SOURCE,'No source reference provided. Recommend citing the grammar for this feature.'
dara1250,BATCH,GB409_22,?,,MISSING_VALUE,'Value not resolved ("?"). Researcher must determine correct coding from the grammar source.'
dara1250,BATCH,GB409_23,0,,MISSING_SOURCE,'No source reference provided. Recommend citing the grammar for this feature.'
dara1250,BATCH,GB409_24,1,,MISSING_SOURCE,'No source reference provided. Recommend citing the grammar for this feature.'
darl1243,BATCH,GB409_1,0,,MISSING_SOURCE,'No source reference provided. Recommend citing the grammar for this feature.'
darl1243,BATCH,GB409_2,1,,MISSING_SOURCE,'No source reference provided. Recommend citing the grammar for this feature.'
darl1243,BATCH,GB409_3,1,,MISSING_SOURCE,'No source reference provided. Recommend citing the grammar for this feature.'
darl1243,BATCH,GB409_4,1,,MISSING_SOURCE,'No source reference provided. Recommend citing the grammar for this feature.'
darl1243,BATCH,GB409_5,1,,MISSING_SOURCE,'No source reference provided. Recommend citing the grammar for this feature.'
darl1243,BATCH,GB409_6,?,,MISSING_VALUE,'Value not resolved ("?"). Researcher must determine correct coding from the grammar source.'
darl1243,BATCH,GB409_7,1,,MISSING_SOURCE,'No source reference provided. Recommend citing the grammar for this feature.'
darl1243,BATCH,GB409_8,1,,MISSING_SOURCE,'No source reference provided. Recommend citing the grammar for this feature.'
darl1243,BATCH,GB409_9,1,,MISSING_SOURCE,'No source reference provided. Recommend citing the grammar for this feature.'
darl1243,BATCH,GB409_10,1,,MISSING_SOURCE,'No source reference provided. Recommend citing the grammar for this feature.'
darl1243,BATCH,GB409_11,?,,MISSING_VALUE,'Value not resolved ("?"). Researcher must determine correct coding from the grammar source.'
darl1243,BATCH,GB409_12,1,,MISSING_SOURCE,'No source reference provided. Recommend citing the grammar for this feature.'
darl1243,BATCH,GB409_13,1,,MISSING_SOURCE,'No source reference provided. Recommend citing the grammar for this feature.'
darl1243,BATCH,GB409_14,1,,MISSING_SOURCE,'No source reference provided. Recommend citing the grammar for this feature.'
darl1243,BATCH,GB409_15,1,,MISSING_SOURCE,'No source reference provided. Recommend citing the grammar for this feature.'
darl1243,BATCH,GB409_16,1,,MISSING_SOURCE,'No source reference provided. Recommend citing the grammar for this feature.'
darl1243,BATCH,GB409_17,1,,MISSING_SOURCE,'No source reference provided. Recommend citing the grammar for this feature.'
darl1243,BATCH,GB409_18,1,,MISSING_SOURCE,'No source reference provided. Recommend citing the grammar for this feature.'
darl1243,BATCH,GB409_19,1,,MISSING_SOURCE,'No source reference provided. Recommend citing the grammar for this feature.'
darl1243,BATCH,GB409_20,1,,MISSING_SOURCE,'No source reference provided. Recommend citing the grammar for this feature.'
darl1243,BATCH,GB409_21,1,,MISSING_SOURCE,'No source reference provided. Recommend citing the grammar for this feature.'
darl1243,BATCH,GB409_22,?,,MISSING_VALUE,'Value not resolved ("?"). Researcher must determine correct coding from the grammar source.'
darl1243,BATCH,GB409_23,0,,MISSING_SOURCE,'No source reference provided. Recommend citing the grammar for this feature.'
darl1243,BATCH,GB409_24,0,,MISSING_SOURCE,'No source reference provided. Recommend citing the grammar for this feature.'
darm1243,BATCH,GB409_1,1,,MISSING_SOURCE,'No source reference provided. Recommend citing the grammar for this feature.'
darm1243,BATCH,GB409_2,1,,MISSING_SOURCE,'No source reference provided. Recommend citing the grammar for this feature.'
darm1243,BATCH,GB409_3,1,,MISSING_SOURCE,'No source reference provided. Recommend citing the grammar for this feature.'
darm1243,BATCH,GB409_4,1,,MISSING_SOURCE,'No source reference provided. Recommend citing the grammar for this feature.'
darm1243,BATCH,GB409_5,1,,MISSING_SOURCE,'No source reference provided. Recommend citing the grammar for this feature.'
darm1243,BATCH,GB409_6,1,,MISSING_SOURCE,'No source reference provided. Recommend citing the grammar for this feature.'
darm1243,BATCH,GB409_7,1,,MISSING_SOURCE,'No source reference provided. Recommend citing the grammar for this feature.'
darm1243,BATCH,GB409_8,1,,MISSING_SOURCE,'No source reference provided. Recommend citing the grammar for this feature.'
darm1243,BATCH,GB409_9,1,,MISSING_SOURCE,'No source reference provided. Recommend citing the grammar for this feature.'
darm1243,BATCH,GB409_10,1,,MISSING_SOURCE,'No source reference provided. Recommend citing the grammar for this feature.'
darm1243,BATCH,GB409_11,1,,MISSING_SOURCE,'No source reference provided. Recommend citing the grammar for this feature.'
darm1243,BATCH,GB409_12,1,,MISSING_SOURCE,'No source reference provided. Recommend citing the grammar for this feature.'
darm1243,BATCH,GB409_13,1,,MISSING_SOURCE,'No source reference provided. Recommend citing the grammar for this feature.'
darm1243,BATCH,GB409_14,1,,MISSING_SOURCE,'No source reference provided. Recommend citing the grammar for this feature.'
darm1243,BATCH,GB409_15,?,,MISSING_VALUE,'Value not resolved ("?"). Researcher must determine correct coding from the grammar source.'
darm1243,BATCH,GB409_16,1,,MISSING_SOURCE,'No source reference provided. Recommend citing the grammar for this feature.'
darm1243,BATCH,GB409_17,?,,MISSING_VALUE,'Value not resolved ("?"). Researcher must determine correct coding from the grammar source.'
darm1243,BATCH,GB409_18,1,,MISSING_SOURCE,'No source reference provided. Recommend citing the grammar for this feature.'
darm1243,BATCH,GB409_19,1,,MISSING_SOURCE,'No source reference provided. Recommend citing the grammar for this feature.'
darm1243,BATCH,GB409_20,1,,MISSING_SOURCE,'No source reference provided. Recommend citing the grammar for this feature.'
darm1243,BATCH,GB409_21,1,,MISSING_SOURCE,'No source reference provided. Recommend citing the grammar for this feature.'
darm1243,BATCH,GB409_22,0,,MISSING_SOURCE,'No source reference provided. Recommend citing the grammar for this feature.'
darm1243,BATCH,GB409_23,0,,MISSING_SOURCE,'No source reference provided. Recommend citing the grammar for this feature.'
darm1243,BATCH,GB409_24,1,,MISSING_SOURCE,'No source reference provided. Recommend citing the grammar for this feature.'
dhar1247,BATCH,GB409_1,1,,MISSING_SOURCE,'No source reference provided. Recommend citing the grammar for this feature.'
dhar1247,BATCH,GB409_2,0,,MISSING_SOURCE,'No source reference provided. Recommend citing the grammar for this feature.'
dhar1247,BATCH,GB409_3,1,,MISSING_SOURCE,'No source reference provided. Recommend citing the grammar for this feature.'
dhar1247,BATCH,GB409_4,1,,MISSING_SOURCE,'No source reference provided. Recommend citing the grammar for this feature.'
dhar1247,BATCH,GB409_5,1,,MISSING_SOURCE,'No source reference provided. Recommend citing the grammar for this feature.'
dhar1247,BATCH,GB409_6,?,,MISSING_VALUE,'Value not resolved ("?"). Researcher must determine correct coding from the grammar source.'
dhar1247,BATCH,GB409_7,?,,MISSING_VALUE,'Value not resolved ("?"). Researcher must determine correct coding from the grammar source.'
dhar1247,BATCH,GB409_8,1,,MISSING_SOURCE,'No source reference provided. Recommend citing the grammar for this feature.'
dhar1247,BATCH,GB409_9,1,,MISSING_SOURCE,'No source reference provided. Recommend citing the grammar for this feature.'
dhar1247,BATCH,GB409_10,1,,MISSING_SOURCE,'No source reference provided. Recommend citing the grammar for this feature.'
dhar1247,BATCH,GB409_11,1,,MISSING_SOURCE,'No source reference provided. Recommend citing the grammar for this feature.'
dhar1247,BATCH,GB409_12,1,,MISSING_SOURCE,'No source reference provided. Recommend citing the grammar for this feature.'
dhar1247,BATCH,GB409_13,1,,MISSING_SOURCE,'No source reference provided. Recommend citing the grammar for this feature.'
dhar1247,BATCH,GB409_14,1,,MISSING_SOURCE,'No source reference provided. Recommend citing the grammar for this feature.'
dhar1247,BATCH,GB409_15,1,,MISSING_SOURCE,'No source reference provided. Recommend citing the grammar for this feature.'
dhar1247,BATCH,GB409_16,?,,MISSING_VALUE,'Value not resolved ("?"). Researcher must determine correct coding from the grammar source.'
dhar1247,BATCH,GB409_17,?,,MISSING_VALUE,'Value not resolved ("?"). Researcher must determine correct coding from the grammar source.'
dhar1247,BATCH,GB409_18,?,,MISSING_VALUE,'Value not resolved ("?"). Researcher must determine correct coding from the grammar source.'
dhar1247,BATCH,GB409_19,?,,MISSING_VALUE,'Value not resolved ("?"). Researcher must determine correct coding from the grammar source.'
dhar1247,BATCH,GB409_20,1,,MISSING_SOURCE,'No source reference provided. Recommend citing the grammar for this feature.'
dhar1247,BATCH,GB409_21,1,,MISSING_SOURCE,'No source reference provided. Recommend citing the grammar for this feature.'
dhar1247,BATCH,GB409_22,?,,MISSING_VALUE,'Value not resolved ("?"). Researcher must determine correct coding from the grammar source.'
dhar1247,BATCH,GB409_23,?,,MISSING_VALUE,'Value not resolved ("?"). Researcher must determine correct coding from the grammar source.'
dhar1247,BATCH,GB409_24,1,,MISSING_SOURCE,'No source reference provided. Recommend citing the grammar for this feature.'
dier1241,BATCH,GB409_1,1,,MISSING_SOURCE,'No source reference provided. Recommend citing the grammar for this feature.'
dier1241,BATCH,GB409_2,1,,MISSING_SOURCE,'No source reference provided. Recommend citing the grammar for this feature.'
dier1241,BATCH,GB409_3,1,,MISSING_SOURCE,'No source reference provided. Recommend citing the grammar for this feature.'
dier1241,BATCH,GB409_4,1,,MISSING_SOURCE,'No source reference provided. Recommend citing the grammar for this feature.'
dier1241,BATCH,GB409_5,1,,MISSING_SOURCE,'No source reference provided. Recommend citing the grammar for this feature.'
dier1241,BATCH,GB409_6,1,,MISSING_SOURCE,'No source reference provided. Recommend citing the grammar for this feature.'
dier1241,BATCH,GB409_7,1,,MISSING_SOURCE,'No source reference provided. Recommend citing the grammar for this feature.'
dier1241,BATCH,GB409_8,1,,MISSING_SOURCE,'No source reference provided. Recommend citing the grammar for this feature.'
dier1241,BATCH,GB409_9,1,,MISSING_SOURCE,'No source reference provided. Recommend citing the grammar for this feature.'
dier1241,BATCH,GB409_10,1,,MISSING_SOURCE,'No source reference provided. Recommend citing the grammar for this feature.'
dier1241,BATCH,GB409_11,1,,MISSING_SOURCE,'No source reference provided. Recommend citing the grammar for this feature.'
dier1241,BATCH,GB409_12,1,,MISSING_SOURCE,'No source reference provided. Recommend citing the grammar for this feature.'
dier1241,BATCH,GB409_13,1,,MISSING_SOURCE,'No source reference provided. Recommend citing the grammar for this feature.'
dier1241,BATCH,GB409_14,1,,MISSING_SOURCE,'No source reference provided. Recommend citing the grammar for this feature.'
dier1241,BATCH,GB409_15,1,,MISSING_SOURCE,'No source reference provided. Recommend citing the grammar for this feature.'
dier1241,BATCH,GB409_16,1,,MISSING_SOURCE,'No source reference provided. Recommend citing the grammar for this feature.'
dier1241,BATCH,GB409_17,1,,MISSING_SOURCE,'No source reference provided. Recommend citing the grammar for this feature.'
dier1241,BATCH,GB409_18,1,,MISSING_SOURCE,'No source reference provided. Recommend citing the grammar for this feature.'
dier1241,BATCH,GB409_19,1,,MISSING_SOURCE,'No source reference provided. Recommend citing the grammar for this feature.'
dier1241,BATCH,GB409_20,1,,MISSING_SOURCE,'No source reference provided. Recommend citing the grammar for this feature.'
dier1241,BATCH,GB409_21,1,,MISSING_SOURCE,'No source reference provided. Recommend citing the grammar for this feature.'
dier1241,BATCH,GB409_22,1,,MISSING_SOURCE,'No source reference provided. Recommend citing the grammar for this feature.'
dier1241,BATCH,GB409_24,1,,MISSING_SOURCE,'No source reference provided. Recommend citing the grammar for this feature.'
dier1241,BATCH,GB409_23,,,MISSING_SOURCE,'No source reference. Researcher should cite the grammar for ERG/GEN or ERG/INSTR marker comparison.'
diga1241,BATCH,GB409_1,1,,MISSING_SOURCE,'No source reference provided. Recommend citing the grammar for this feature.'
diga1241,BATCH,GB409_2,?,,MISSING_VALUE,'Value not resolved ("?"). Researcher must determine correct coding from the grammar source.'
diga1241,BATCH,GB409_3,?,,MISSING_VALUE,'Value not resolved ("?"). Researcher must determine correct coding from the grammar source.'
diga1241,BATCH,GB409_4,?,,MISSING_VALUE,'Value not resolved ("?"). Researcher must determine correct coding from the grammar source.'
diga1241,BATCH,GB409_5,1,,MISSING_SOURCE,'No source reference provided. Recommend citing the grammar for this feature.'
diga1241,BATCH,GB409_6,?,,MISSING_VALUE,'Value not resolved ("?"). Researcher must determine correct coding from the grammar source.'
diga1241,BATCH,GB409_7,?,,MISSING_VALUE,'Value not resolved ("?"). Researcher must determine correct coding from the grammar source.'
diga1241,BATCH,GB409_8,?,,MISSING_VALUE,'Value not resolved ("?"). Researcher must determine correct coding from the grammar source.'
diga1241,BATCH,GB409_9,?,,MISSING_VALUE,'Value not resolved ("?"). Researcher must determine correct coding from the grammar source.'
diga1241,BATCH,GB409_10,1,,MISSING_SOURCE,'No source reference provided. Recommend citing the grammar for this feature.'
diga1241,BATCH,GB409_11,?,,MISSING_VALUE,'Value not resolved ("?"). Researcher must determine correct coding from the grammar source.'
diga1241,BATCH,GB409_12,1,,MISSING_SOURCE,'No source reference provided. Recommend citing the grammar for this feature.'
diga1241,BATCH,GB409_13,?,,MISSING_VALUE,'Value not resolved ("?"). Researcher must determine correct coding from the grammar source.'
diga1241,BATCH,GB409_14,1,,MISSING_SOURCE,'No source reference provided. Recommend citing the grammar for this feature.'
diga1241,BATCH,GB409_15,?,,MISSING_VALUE,'Value not resolved ("?"). Researcher must determine correct coding from the grammar source.'
diga1241,BATCH,GB409_16,?,,MISSING_VALUE,'Value not resolved ("?"). Researcher must determine correct coding from the grammar source.'
diga1241,BATCH,GB409_17,1,,MISSING_SOURCE,'No source reference provided. Recommend citing the grammar for this feature.'
diga1241,BATCH,GB409_18,1,,MISSING_SOURCE,'No source reference provided. Recommend citing the grammar for this feature.'
diga1241,BATCH,GB409_19,?,,MISSING_VALUE,'Value not resolved ("?"). Researcher must determine correct coding from the grammar source.'
diga1241,BATCH,GB409_20,1,,MISSING_SOURCE,'No source reference provided. Recommend citing the grammar for this feature.'
diga1241,BATCH,GB409_21,?,,MISSING_VALUE,'Value not resolved ("?"). Researcher must determine correct coding from the grammar source.'
diga1241,BATCH,GB409_22,1,,MISSING_SOURCE,'No source reference provided. Recommend citing the grammar for this feature.'
diga1241,BATCH,GB409_23,0,,MISSING_SOURCE,'No source reference provided. Recommend citing the grammar for this feature.'
diga1241,BATCH,GB409_24,0,,MISSING_SOURCE,'No source reference provided. Recommend citing the grammar for this feature.'
djam1255,BATCH,GB409_1,0,,MISSING_SOURCE,'No source reference provided. Recommend citing the grammar for this feature.'
djam1255,BATCH,GB409_2,1,,MISSING_SOURCE,'No source reference provided. Recommend citing the grammar for this feature.'
djam1255,BATCH,GB409_3,1,,MISSING_SOURCE,'No source reference provided. Recommend citing the grammar for this feature.'
djam1255,BATCH,GB409_4,1,,MISSING_SOURCE,'No source reference provided. Recommend citing the grammar for this feature.'
djam1255,BATCH,GB409_5,1,,MISSING_SOURCE,'No source reference provided. Recommend citing the grammar for this feature.'
djam1255,BATCH,GB409_6,?,,MISSING_VALUE,'Value not resolved ("?"). Researcher must determine correct coding from the grammar source.'
djam1255,BATCH,GB409_7,?,,MISSING_VALUE,'Value not resolved ("?"). Researcher must determine correct coding from the grammar source.'
djam1255,BATCH,GB409_8,1,,MISSING_SOURCE,'No source reference provided. Recommend citing the grammar for this feature.'
djam1255,BATCH,GB409_9,1,,MISSING_SOURCE,'No source reference provided. Recommend citing the grammar for this feature.'
djam1255,BATCH,GB409_10,1,,MISSING_SOURCE,'No source reference provided. Recommend citing the grammar for this feature.'
djam1255,BATCH,GB409_11,1,,MISSING_SOURCE,'No source reference provided. Recommend citing the grammar for this feature.'
djam1255,BATCH,GB409_12,1,,MISSING_SOURCE,'No source reference provided. Recommend citing the grammar for this feature.'
djam1255,BATCH,GB409_13,?,,MISSING_VALUE,'Value not resolved ("?"). Researcher must determine correct coding from the grammar source.'
djam1255,BATCH,GB409_14,1,,MISSING_SOURCE,'No source reference provided. Recommend citing the grammar for this feature.'
djam1255,BATCH,GB409_15,1,,MISSING_SOURCE,'No source reference provided. Recommend citing the grammar for this feature.'
djam1255,BATCH,GB409_16,?,,MISSING_VALUE,'Value not resolved ("?"). Researcher must determine correct coding from the grammar source.'
djam1255,BATCH,GB409_17,?,,MISSING_VALUE,'Value not resolved ("?"). Researcher must determine correct coding from the grammar source.'
djam1255,BATCH,GB409_18,1,,MISSING_SOURCE,'No source reference provided. Recommend citing the grammar for this feature.'
djam1255,BATCH,GB409_19,1,,MISSING_SOURCE,'No source reference provided. Recommend citing the grammar for this feature.'
djam1255,BATCH,GB409_20,1,,MISSING_SOURCE,'No source reference provided. Recommend citing the grammar for this feature.'
djam1255,BATCH,GB409_21,1,,MISSING_SOURCE,'No source reference provided. Recommend citing the grammar for this feature.'
djam1255,BATCH,GB409_22,0,,MISSING_SOURCE,'No source reference provided. Recommend citing the grammar for this feature.'
djam1255,BATCH,GB409_23,0,,MISSING_SOURCE,'No source reference provided. Recommend citing the grammar for this feature.'
djam1255,BATCH,GB409_24,1,,MISSING_SOURCE,'No source reference provided. Recommend citing the grammar for this feature.'
djap1238,BATCH,GB409_1,0,,MISSING_SOURCE,'No source reference provided. Recommend citing the grammar for this feature.'
djap1238,BATCH,GB409_2,0,,MISSING_SOURCE,'No source reference provided. Recommend citing the grammar for this feature.'
djap1238,BATCH,GB409_3,0,,MISSING_SOURCE,'No source reference provided. Recommend citing the grammar for this feature.'
djap1238,BATCH,GB409_4,0,,MISSING_SOURCE,'No source reference provided. Recommend citing the grammar for this feature.'
djap1238,BATCH,GB409_5,1,,MISSING_SOURCE,'No source reference provided. Recommend citing the grammar for this feature.'
djap1238,BATCH,GB409_6,?,,MISSING_VALUE,'Value not resolved ("?"). Researcher must determine correct coding from the grammar source.'
djap1238,BATCH,GB409_7,?,,MISSING_VALUE,'Value not resolved ("?"). Researcher must determine correct coding from the grammar source.'
djap1238,BATCH,GB409_8,?,,MISSING_VALUE,'Value not resolved ("?"). Researcher must determine correct coding from the grammar source.'
djap1238,BATCH,GB409_9,1,,MISSING_SOURCE,'No source reference provided. Recommend citing the grammar for this feature.'
djap1238,BATCH,GB409_10,1,,MISSING_SOURCE,'No source reference provided. Recommend citing the grammar for this feature.'
djap1238,BATCH,GB409_11,?,,MISSING_VALUE,'Value not resolved ("?"). Researcher must determine correct coding from the grammar source.'
djap1238,BATCH,GB409_12,?,,MISSING_VALUE,'Value not resolved ("?"). Researcher must determine correct coding from the grammar source.'
djap1238,BATCH,GB409_13,1,,MISSING_SOURCE,'No source reference provided. Recommend citing the grammar for this feature.'
djap1238,BATCH,GB409_14,?,,MISSING_VALUE,'Value not resolved ("?"). Researcher must determine correct coding from the grammar source.'
djap1238,BATCH,GB409_15,?,,MISSING_VALUE,'Value not resolved ("?"). Researcher must determine correct coding from the grammar source.'
djap1238,BATCH,GB409_16,?,,MISSING_VALUE,'Value not resolved ("?"). Researcher must determine correct coding from the grammar source.'
djap1238,BATCH,GB409_17,?,,MISSING_VALUE,'Value not resolved ("?"). Researcher must determine correct coding from the grammar source.'
djap1238,BATCH,GB409_18,?,,MISSING_VALUE,'Value not resolved ("?"). Researcher must determine correct coding from the grammar source.'
djap1238,BATCH,GB409_19,?,,MISSING_VALUE,'Value not resolved ("?"). Researcher must determine correct coding from the grammar source.'
djap1238,BATCH,GB409_20,1,,MISSING_SOURCE,'No source reference provided. Recommend citing the grammar for this feature.'
djap1238,BATCH,GB409_21,?,,MISSING_VALUE,'Value not resolved ("?"). Researcher must determine correct coding from the grammar source.'
djap1238,BATCH,GB409_22,1,,MISSING_SOURCE,'No source reference provided. Recommend citing the grammar for this feature.'
djap1238,BATCH,GB409_23,0,,MISSING_SOURCE,'No source reference provided. Recommend citing the grammar for this feature.'
djap1238,BATCH,GB409_24,1,,MISSING_SOURCE,'No source reference provided. Recommend citing the grammar for this feature.'
djin1251,BATCH,GB409_1,0,,MISSING_SOURCE,'No source reference provided. Recommend citing the grammar for this feature.'
djin1251,BATCH,GB409_2,1,,MISSING_SOURCE,'No source reference provided. Recommend citing the grammar for this feature.'
djin1251,BATCH,GB409_3,1,,MISSING_SOURCE,'No source reference provided. Recommend citing the grammar for this feature.'
djin1251,BATCH,GB409_4,0,,MISSING_SOURCE,'No source reference provided. Recommend citing the grammar for this feature.'
djin1251,BATCH,GB409_5,1,,MISSING_SOURCE,'No source reference provided. Recommend citing the grammar for this feature.'
djin1251,BATCH,GB409_6,1,,MISSING_SOURCE,'No source reference provided. Recommend citing the grammar for this feature.'
djin1251,BATCH,GB409_7,?,,MISSING_VALUE,'Value not resolved ("?"). Researcher must determine correct coding from the grammar source.'
djin1251,BATCH,GB409_8,1,,MISSING_SOURCE,'No source reference provided. Recommend citing the grammar for this feature.'
djin1251,BATCH,GB409_9,1,,MISSING_SOURCE,'No source reference provided. Recommend citing the grammar for this feature.'
djin1251,BATCH,GB409_10,1,,MISSING_SOURCE,'No source reference provided. Recommend citing the grammar for this feature.'
djin1251,BATCH,GB409_11,1,,MISSING_SOURCE,'No source reference provided. Recommend citing the grammar for this feature.'
djin1251,BATCH,GB409_12,1,,MISSING_SOURCE,'No source reference provided. Recommend citing the grammar for this feature.'
djin1251,BATCH,GB409_13,1,,MISSING_SOURCE,'No source reference provided. Recommend citing the grammar for this feature.'
djin1251,BATCH,GB409_14,1,,MISSING_SOURCE,'No source reference provided. Recommend citing the grammar for this feature.'
djin1251,BATCH,GB409_15,1,,MISSING_SOURCE,'No source reference provided. Recommend citing the grammar for this feature.'
djin1251,BATCH,GB409_16,1,,MISSING_SOURCE,'No source reference provided. Recommend citing the grammar for this feature.'
djin1251,BATCH,GB409_17,1,,MISSING_SOURCE,'No source reference provided. Recommend citing the grammar for this feature.'
djin1251,BATCH,GB409_18,1,,MISSING_SOURCE,'No source reference provided. Recommend citing the grammar for this feature.'
djin1251,BATCH,GB409_19,1,,MISSING_SOURCE,'No source reference provided. Recommend citing the grammar for this feature.'
djin1251,BATCH,GB409_20,1,,MISSING_SOURCE,'No source reference provided. Recommend citing the grammar for this feature.'
djin1251,BATCH,GB409_21,?,,MISSING_VALUE,'Value not resolved ("?"). Researcher must determine correct coding from the grammar source.'
djin1251,BATCH,GB409_22,0,,MISSING_SOURCE,'No source reference provided. Recommend citing the grammar for this feature.'
djin1251,BATCH,GB409_23,0,,MISSING_SOURCE,'No source reference provided. Recommend citing the grammar for this feature.'
djin1251,BATCH,GB409_24,0,,MISSING_SOURCE,'No source reference provided. Recommend citing the grammar for this feature.'
doma1260,BATCH,GB409_1,0,,MISSING_SOURCE,'No source reference provided. Recommend citing the grammar for this feature.'
doma1260,BATCH,GB409_2,0,,MISSING_SOURCE,'No source reference provided. Recommend citing the grammar for this feature.'
doma1260,BATCH,GB409_3,0,,MISSING_SOURCE,'No source reference provided. Recommend citing the grammar for this feature.'
doma1260,BATCH,GB409_4,?,,MISSING_VALUE,'Value not resolved ("?"). Researcher must determine correct coding from the grammar source.'
doma1260,BATCH,GB409_5,1,,MISSING_SOURCE,'No source reference provided. Recommend citing the grammar for this feature.'
doma1260,BATCH,GB409_6,?,,MISSING_VALUE,'Value not resolved ("?"). Researcher must determine correct coding from the grammar source.'
doma1260,BATCH,GB409_7,?,,MISSING_VALUE,'Value not resolved ("?"). Researcher must determine correct coding from the grammar source.'
doma1260,BATCH,GB409_8,1,,MISSING_SOURCE,'No source reference provided. Recommend citing the grammar for this feature.'
doma1260,BATCH,GB409_9,1,,MISSING_SOURCE,'No source reference provided. Recommend citing the grammar for this feature.'
doma1260,BATCH,GB409_10,1,,MISSING_SOURCE,'No source reference provided. Recommend citing the grammar for this feature.'
doma1260,BATCH,GB409_11,?,,MISSING_VALUE,'Value not resolved ("?"). Researcher must determine correct coding from the grammar source.'
doma1260,BATCH,GB409_12,1,,MISSING_SOURCE,'No source reference provided. Recommend citing the grammar for this feature.'
doma1260,BATCH,GB409_13,?,,MISSING_VALUE,'Value not resolved ("?"). Researcher must determine correct coding from the grammar source.'
doma1260,BATCH,GB409_14,?,,MISSING_VALUE,'Value not resolved ("?"). Researcher must determine correct coding from the grammar source.'
doma1260,BATCH,GB409_15,?,,MISSING_VALUE,'Value not resolved ("?"). Researcher must determine correct coding from the grammar source.'
doma1260,BATCH,GB409_16,?,,MISSING_VALUE,'Value not resolved ("?"). Researcher must determine correct coding from the grammar source.'
doma1260,BATCH,GB409_17,?,,MISSING_VALUE,'Value not resolved ("?"). Researcher must determine correct coding from the grammar source.'
doma1260,BATCH,GB409_18,?,,MISSING_VALUE,'Value not resolved ("?"). Researcher must determine correct coding from the grammar source.'
doma1260,BATCH,GB409_19,?,,MISSING_VALUE,'Value not resolved ("?"). Researcher must determine correct coding from the grammar source.'
doma1260,BATCH,GB409_20,1,,MISSING_SOURCE,'No source reference provided. Recommend citing the grammar for this feature.'
doma1260,BATCH,GB409_21,?,,MISSING_VALUE,'Value not resolved ("?"). Researcher must determine correct coding from the grammar source.'
doma1260,BATCH,GB409_22,1,,MISSING_SOURCE,'No source reference provided. Recommend citing the grammar for this feature.'
doma1260,BATCH,GB409_23,0,,MISSING_SOURCE,'No source reference provided. Recommend citing the grammar for this feature.'
doma1260,BATCH,GB409_24,0,,MISSING_SOURCE,'No source reference provided. Recommend citing the grammar for this feature.'
drun1238,BATCH,GB409_1,0,,MISSING_SOURCE,'No source reference provided. Recommend citing the grammar for this feature.'
drun1238,BATCH,GB409_2,1,,MISSING_SOURCE,'No source reference provided. Recommend citing the grammar for this feature.'
drun1238,BATCH,GB409_3,1,,MISSING_SOURCE,'No source reference provided. Recommend citing the grammar for this feature.'
drun1238,BATCH,GB409_4,1,,MISSING_SOURCE,'No source reference provided. Recommend citing the grammar for this feature.'
drun1238,BATCH,GB409_5,1,,MISSING_SOURCE,'No source reference provided. Recommend citing the grammar for this feature.'
drun1238,BATCH,GB409_6,?,,MISSING_VALUE,'Value not resolved ("?"). Researcher must determine correct coding from the grammar source.'
drun1238,BATCH,GB409_7,1,,MISSING_SOURCE,'No source reference provided. Recommend citing the grammar for this feature.'
drun1238,BATCH,GB409_8,1,,MISSING_SOURCE,'No source reference provided. Recommend citing the grammar for this feature.'
drun1238,BATCH,GB409_9,1,,MISSING_SOURCE,'No source reference provided. Recommend citing the grammar for this feature.'
drun1238,BATCH,GB409_10,1,,MISSING_SOURCE,'No source reference provided. Recommend citing the grammar for this feature.'
drun1238,BATCH,GB409_11,1,,MISSING_SOURCE,'No source reference provided. Recommend citing the grammar for this feature.'
drun1238,BATCH,GB409_12,1,,MISSING_SOURCE,'No source reference provided. Recommend citing the grammar for this feature.'
drun1238,BATCH,GB409_13,1,,MISSING_SOURCE,'No source reference provided. Recommend citing the grammar for this feature.'
drun1238,BATCH,GB409_14,1,,MISSING_SOURCE,'No source reference provided. Recommend citing the grammar for this feature.'
drun1238,BATCH,GB409_15,?,,MISSING_VALUE,'Value not resolved ("?"). Researcher must determine correct coding from the grammar source.'
drun1238,BATCH,GB409_16,?,,MISSING_VALUE,'Value not resolved ("?"). Researcher must determine correct coding from the grammar source.'
drun1238,BATCH,GB409_17,?,,MISSING_VALUE,'Value not resolved ("?"). Researcher must determine correct coding from the grammar source.'
drun1238,BATCH,GB409_18,1,,MISSING_SOURCE,'No source reference provided. Recommend citing the grammar for this feature.'
drun1238,BATCH,GB409_19,1,,MISSING_SOURCE,'No source reference provided. Recommend citing the grammar for this feature.'
drun1238,BATCH,GB409_20,1,,MISSING_SOURCE,'No source reference provided. Recommend citing the grammar for this feature.'
drun1238,BATCH,GB409_21,?,,MISSING_VALUE,'Value not resolved ("?"). Researcher must determine correct coding from the grammar source.'
drun1238,BATCH,GB409_22,0,,MISSING_SOURCE,'No source reference provided. Recommend citing the grammar for this feature.'
drun1238,BATCH,GB409_23,0,,MISSING_SOURCE,'No source reference provided. Recommend citing the grammar for this feature.'
drun1238,BATCH,GB409_24,1,,MISSING_SOURCE,'No source reference provided. Recommend citing the grammar for this feature.'
dumi1241,BATCH,GB409_1,0,,MISSING_SOURCE,'No source reference provided. Recommend citing the grammar for this feature.'
dumi1241,BATCH,GB409_2,1,,MISSING_SOURCE,'No source reference provided. Recommend citing the grammar for this feature.'
dumi1241,BATCH,GB409_3,1,,MISSING_SOURCE,'No source reference provided. Recommend citing the grammar for this feature.'
dumi1241,BATCH,GB409_4,1,,MISSING_SOURCE,'No source reference provided. Recommend citing the grammar for this feature.'
dumi1241,BATCH,GB409_5,1,,MISSING_SOURCE,'No source reference provided. Recommend citing the grammar for this feature.'
dumi1241,BATCH,GB409_6,1,,MISSING_SOURCE,'No source reference provided. Recommend citing the grammar for this feature.'
dumi1241,BATCH,GB409_7,1,,MISSING_SOURCE,'No source reference provided. Recommend citing the grammar for this feature.'
dumi1241,BATCH,GB409_8,1,,MISSING_SOURCE,'No source reference provided. Recommend citing the grammar for this feature.'
dumi1241,BATCH,GB409_9,1,,MISSING_SOURCE,'No source reference provided. Recommend citing the grammar for this feature.'
dumi1241,BATCH,GB409_10,1,,MISSING_SOURCE,'No source reference provided. Recommend citing the grammar for this feature.'
dumi1241,BATCH,GB409_11,1,,MISSING_SOURCE,'No source reference provided. Recommend citing the grammar for this feature.'
dumi1241,BATCH,GB409_12,1,,MISSING_SOURCE,'No source reference provided. Recommend citing the grammar for this feature.'
dumi1241,BATCH,GB409_13,1,,MISSING_SOURCE,'No source reference provided. Recommend citing the grammar for this feature.'
dumi1241,BATCH,GB409_14,1,,MISSING_SOURCE,'No source reference provided. Recommend citing the grammar for this feature.'
dumi1241,BATCH,GB409_15,1,,MISSING_SOURCE,'No source reference provided. Recommend citing the grammar for this feature.'
dumi1241,BATCH,GB409_16,1,,MISSING_SOURCE,'No source reference provided. Recommend citing the grammar for this feature.'
dumi1241,BATCH,GB409_17,?,,MISSING_VALUE,'Value not resolved ("?"). Researcher must determine correct coding from the grammar source.'
dumi1241,BATCH,GB409_18,1,,MISSING_SOURCE,'No source reference provided. Recommend citing the grammar for this feature.'
dumi1241,BATCH,GB409_19,1,,MISSING_SOURCE,'No source reference provided. Recommend citing the grammar for this feature.'
dumi1241,BATCH,GB409_20,1,,MISSING_SOURCE,'No source reference provided. Recommend citing the grammar for this feature.'
dumi1241,BATCH,GB409_21,1,,MISSING_SOURCE,'No source reference provided. Recommend citing the grammar for this feature.'
dumi1241,BATCH,GB409_22,0,,MISSING_SOURCE,'No source reference provided. Recommend citing the grammar for this feature.'
dumi1241,BATCH,GB409_23,0,,MISSING_SOURCE,'No source reference provided. Recommend citing the grammar for this feature.'
dumi1241,BATCH,GB409_24,1,,MISSING_SOURCE,'No source reference provided. Recommend citing the grammar for this feature.'
dura1244,BATCH,GB409_1,0,,MISSING_SOURCE,'No source reference provided. Recommend citing the grammar for this feature.'
dura1244,BATCH,GB409_2,1,,MISSING_SOURCE,'No source reference provided. Recommend citing the grammar for this feature.'
dura1244,BATCH,GB409_3,1,,MISSING_SOURCE,'No source reference provided. Recommend citing the grammar for this feature.'
dura1244,BATCH,GB409_4,1,,MISSING_SOURCE,'No source reference provided. Recommend citing the grammar for this feature.'
dura1244,BATCH,GB409_5,1,,MISSING_SOURCE,'No source reference provided. Recommend citing the grammar for this feature.'
dura1244,BATCH,GB409_6,0,,MISSING_SOURCE,'No source reference provided. Recommend citing the grammar for this feature.'
dura1244,BATCH,GB409_7,1,,MISSING_SOURCE,'No source reference provided. Recommend citing the grammar for this feature.'
dura1244,BATCH,GB409_8,1,,MISSING_SOURCE,'No source reference provided. Recommend citing the grammar for this feature.'
dura1244,BATCH,GB409_9,1,,MISSING_SOURCE,'No source reference provided. Recommend citing the grammar for this feature.'
dura1244,BATCH,GB409_10,1,,MISSING_SOURCE,'No source reference provided. Recommend citing the grammar for this feature.'
dura1244,BATCH,GB409_11,1,,MISSING_SOURCE,'No source reference provided. Recommend citing the grammar for this feature.'
dura1244,BATCH,GB409_12,1,,MISSING_SOURCE,'No source reference provided. Recommend citing the grammar for this feature.'
dura1244,BATCH,GB409_13,1,,MISSING_SOURCE,'No source reference provided. Recommend citing the grammar for this feature.'
dura1244,BATCH,GB409_14,1,,MISSING_SOURCE,'No source reference provided. Recommend citing the grammar for this feature.'
dura1244,BATCH,GB409_15,1,,MISSING_SOURCE,'No source reference provided. Recommend citing the grammar for this feature.'
dura1244,BATCH,GB409_16,?,,MISSING_VALUE,'Value not resolved ("?"). Researcher must determine correct coding from the grammar source.'
dura1244,BATCH,GB409_17,?,,MISSING_VALUE,'Value not resolved ("?"). Researcher must determine correct coding from the grammar source.'
dura1244,BATCH,GB409_18,1,,MISSING_SOURCE,'No source reference provided. Recommend citing the grammar for this feature.'
dura1244,BATCH,GB409_19,1,,MISSING_SOURCE,'No source reference provided. Recommend citing the grammar for this feature.'
dura1244,BATCH,GB409_20,1,,MISSING_SOURCE,'No source reference provided. Recommend citing the grammar for this feature.'
dura1244,BATCH,GB409_21,?,,MISSING_VALUE,'Value not resolved ("?"). Researcher must determine correct coding from the grammar source.'
dura1244,BATCH,GB409_22,0,,MISSING_SOURCE,'No source reference provided. Recommend citing the grammar for this feature.'
dura1244,BATCH,GB409_23,0,,MISSING_SOURCE,'No source reference provided. Recommend citing the grammar for this feature.'
dura1244,BATCH,GB409_24,?,,MISSING_VALUE,'Value not resolved ("?"). Researcher must determine correct coding from the grammar source.'
duun1241,BATCH,GB409_1,0,,MISSING_SOURCE,'No source reference provided. Recommend citing the grammar for this feature.'
duun1241,BATCH,GB409_2,0,,MISSING_SOURCE,'No source reference provided. Recommend citing the grammar for this feature.'
duun1241,BATCH,GB409_3,0,,MISSING_SOURCE,'No source reference provided. Recommend citing the grammar for this feature.'
duun1241,BATCH,GB409_4,0,,MISSING_SOURCE,'No source reference provided. Recommend citing the grammar for this feature.'
duun1241,BATCH,GB409_5,1,,MISSING_SOURCE,'No source reference provided. Recommend citing the grammar for this feature.'
duun1241,BATCH,GB409_6,?,,MISSING_VALUE,'Value not resolved ("?"). Researcher must determine correct coding from the grammar source.'
duun1241,BATCH,GB409_7,1,,MISSING_SOURCE,'No source reference provided. Recommend citing the grammar for this feature.'
duun1241,BATCH,GB409_8,1,,MISSING_SOURCE,'No source reference provided. Recommend citing the grammar for this feature.'
duun1241,BATCH,GB409_9,1,,MISSING_SOURCE,'No source reference provided. Recommend citing the grammar for this feature.'
duun1241,BATCH,GB409_10,1,,MISSING_SOURCE,'No source reference provided. Recommend citing the grammar for this feature.'
duun1241,BATCH,GB409_11,1,,MISSING_SOURCE,'No source reference provided. Recommend citing the grammar for this feature.'
duun1241,BATCH,GB409_12,1,,MISSING_SOURCE,'No source reference provided. Recommend citing the grammar for this feature.'
duun1241,BATCH,GB409_13,1,,MISSING_SOURCE,'No source reference provided. Recommend citing the grammar for this feature.'
duun1241,BATCH,GB409_14,1,,MISSING_SOURCE,'No source reference provided. Recommend citing the grammar for this feature.'
duun1241,BATCH,GB409_15,1,,MISSING_SOURCE,'No source reference provided. Recommend citing the grammar for this feature.'
duun1241,BATCH,GB409_16,?,,MISSING_VALUE,'Value not resolved ("?"). Researcher must determine correct coding from the grammar source.'
duun1241,BATCH,GB409_17,?,,MISSING_VALUE,'Value not resolved ("?"). Researcher must determine correct coding from the grammar source.'
duun1241,BATCH,GB409_18,1,,MISSING_SOURCE,'No source reference provided. Recommend citing the grammar for this feature.'
duun1241,BATCH,GB409_19,1,,MISSING_SOURCE,'No source reference provided. Recommend citing the grammar for this feature.'
duun1241,BATCH,GB409_20,1,,MISSING_SOURCE,'No source reference provided. Recommend citing the grammar for this feature.'
duun1241,BATCH,GB409_21,?,,MISSING_VALUE,'Value not resolved ("?"). Researcher must determine correct coding from the grammar source.'
duun1241,BATCH,GB409_22,0,,MISSING_SOURCE,'No source reference provided. Recommend citing the grammar for this feature.'
duun1241,BATCH,GB409_23,1,,MISSING_SOURCE,'No source reference provided. Recommend citing the grammar for this feature.'
duun1241,BATCH,GB409_24,1,,MISSING_SOURCE,'No source reference provided. Recommend citing the grammar for this feature.'
dyan1250,BATCH,GB409_1,0,,MISSING_SOURCE,'No source reference provided. Recommend citing the grammar for this feature.'
dyan1250,BATCH,GB409_2,0,,MISSING_SOURCE,'No source reference provided. Recommend citing the grammar for this feature.'
dyan1250,BATCH,GB409_3,0,,MISSING_SOURCE,'No source reference provided. Recommend citing the grammar for this feature.'
dyan1250,BATCH,GB409_4,0,,MISSING_SOURCE,'No source reference provided. Recommend citing the grammar for this feature.'
dyan1250,BATCH,GB409_5,1,,MISSING_SOURCE,'No source reference provided. Recommend citing the grammar for this feature.'
dyan1250,BATCH,GB409_6,1,,MISSING_SOURCE,'No source reference provided. Recommend citing the grammar for this feature.'
dyan1250,BATCH,GB409_7,1,,MISSING_SOURCE,'No source reference provided. Recommend citing the grammar for this feature.'
dyan1250,BATCH,GB409_8,1,,MISSING_SOURCE,'No source reference provided. Recommend citing the grammar for this feature.'
dyan1250,BATCH,GB409_9,1,,MISSING_SOURCE,'No source reference provided. Recommend citing the grammar for this feature.'
dyan1250,BATCH,GB409_10,1,,MISSING_SOURCE,'No source reference provided. Recommend citing the grammar for this feature.'
dyan1250,BATCH,GB409_11,1,,MISSING_SOURCE,'No source reference provided. Recommend citing the grammar for this feature.'
dyan1250,BATCH,GB409_12,1,,MISSING_SOURCE,'No source reference provided. Recommend citing the grammar for this feature.'
dyan1250,BATCH,GB409_13,1,,MISSING_SOURCE,'No source reference provided. Recommend citing the grammar for this feature.'
dyan1250,BATCH,GB409_14,1,,MISSING_SOURCE,'No source reference provided. Recommend citing the grammar for this feature.'
dyan1250,BATCH,GB409_15,1,,MISSING_SOURCE,'No source reference provided. Recommend citing the grammar for this feature.'
dyan1250,BATCH,GB409_16,?,,MISSING_VALUE,'Value not resolved ("?"). Researcher must determine correct coding from the grammar source.'
dyan1250,BATCH,GB409_17,?,,MISSING_VALUE,'Value not resolved ("?"). Researcher must determine correct coding from the grammar source.'
dyan1250,BATCH,GB409_18,1,,MISSING_SOURCE,'No source reference provided. Recommend citing the grammar for this feature.'
dyan1250,BATCH,GB409_19,1,,MISSING_SOURCE,'No source reference provided. Recommend citing the grammar for this feature.'
dyan1250,BATCH,GB409_20,1,,MISSING_SOURCE,'No source reference provided. Recommend citing the grammar for this feature.'
dyan1250,BATCH,GB409_21,1,,MISSING_SOURCE,'No source reference provided. Recommend citing the grammar for this feature.'
dyan1250,BATCH,GB409_22,0,,MISSING_SOURCE,'No source reference provided. Recommend citing the grammar for this feature.'
dyan1250,BATCH,GB409_23,0,,MISSING_SOURCE,'No source reference provided. Recommend citing the grammar for this feature.'
dyan1250,BATCH,GB409_24,1,,MISSING_SOURCE,'No source reference provided. Recommend citing the grammar for this feature.'
dyir1250,BATCH,GB409_1,0,,MISSING_SOURCE,'No source reference provided. Recommend citing the grammar for this feature.'
dyir1250,BATCH,GB409_5,1,,MISSING_SOURCE,'No source reference provided. Recommend citing the grammar for this feature.'
dyir1250,BATCH,GB409_8,1,,MISSING_SOURCE,'No source reference provided. Recommend citing the grammar for this feature.'
dyir1250,BATCH,GB409_9,1,,MISSING_SOURCE,'No source reference provided. Recommend citing the grammar for this feature.'
dyir1250,BATCH,GB409_10,1,,MISSING_SOURCE,'No source reference provided. Recommend citing the grammar for this feature.'
dyir1250,BATCH,GB409_11,1,,MISSING_SOURCE,'No source reference provided. Recommend citing the grammar for this feature.'
dyir1250,BATCH,GB409_12,1,,MISSING_SOURCE,'No source reference provided. Recommend citing the grammar for this feature.'
dyir1250,BATCH,GB409_14,1,,MISSING_SOURCE,'No source reference provided. Recommend citing the grammar for this feature.'
dyir1250,BATCH,GB409_18,1,,MISSING_SOURCE,'No source reference provided. Recommend citing the grammar for this feature.'
dyir1250,BATCH,GB409_20,1,,MISSING_SOURCE,'No source reference provided. Recommend citing the grammar for this feature.'
dyir1250,BATCH,GB409_24,1,,MISSING_SOURCE,'No source reference provided. Recommend citing the grammar for this feature.'
dyir1250,BATCH,GB409_23,,,MISSING_SOURCE,'No source reference. Researcher should cite the grammar for ERG/GEN or ERG/INSTR marker comparison.'
dzon1239,BATCH,GB409_2,1,,MISSING_SOURCE,'No source reference provided. Recommend citing the grammar for this feature.'
dzon1239,BATCH,GB409_3,?,,MISSING_VALUE,'Value not resolved ("?"). Researcher must determine correct coding from the grammar source.'
dzon1239,BATCH,GB409_4,?,,MISSING_VALUE,'Value not resolved ("?"). Researcher must determine correct coding from the grammar source.'
dzon1239,BATCH,GB409_5,1,,MISSING_SOURCE,'No source reference provided. Recommend citing the grammar for this feature.'
dzon1239,BATCH,GB409_6,1,,MISSING_SOURCE,'No source reference provided. Recommend citing the grammar for this feature.'
dzon1239,BATCH,GB409_7,?,,MISSING_VALUE,'Value not resolved ("?"). Researcher must determine correct coding from the grammar source.'
dzon1239,BATCH,GB409_8,1,,MISSING_SOURCE,'No source reference provided. Recommend citing the grammar for this feature.'
dzon1239,BATCH,GB409_9,1,,MISSING_SOURCE,'No source reference provided. Recommend citing the grammar for this feature.'
dzon1239,BATCH,GB409_10,1,,MISSING_SOURCE,'No source reference provided. Recommend citing the grammar for this feature.'
dzon1239,BATCH,GB409_11,1,,MISSING_SOURCE,'No source reference provided. Recommend citing the grammar for this feature.'
dzon1239,BATCH,GB409_12,1,,MISSING_SOURCE,'No source reference provided. Recommend citing the grammar for this feature.'
dzon1239,BATCH,GB409_13,?,,MISSING_VALUE,'Value not resolved ("?"). Researcher must determine correct coding from the grammar source.'
dzon1239,BATCH,GB409_14,1,,MISSING_SOURCE,'No source reference provided. Recommend citing the grammar for this feature.'
dzon1239,BATCH,GB409_15,1,,MISSING_SOURCE,'No source reference provided. Recommend citing the grammar for this feature.'
dzon1239,BATCH,GB409_16,?,,MISSING_VALUE,'Value not resolved ("?"). Researcher must determine correct coding from the grammar source.'
dzon1239,BATCH,GB409_17,?,,MISSING_VALUE,'Value not resolved ("?"). Researcher must determine correct coding from the grammar source.'
dzon1239,BATCH,GB409_18,1,,MISSING_SOURCE,'No source reference provided. Recommend citing the grammar for this feature.'
dzon1239,BATCH,GB409_19,?,,MISSING_VALUE,'Value not resolved ("?"). Researcher must determine correct coding from the grammar source.'
dzon1239,BATCH,GB409_20,1,,MISSING_SOURCE,'No source reference provided. Recommend citing the grammar for this feature.'
dzon1239,BATCH,GB409_21,?,,MISSING_VALUE,'Value not resolved ("?"). Researcher must determine correct coding from the grammar source.'
dzon1239,BATCH,GB409_22,?,,MISSING_VALUE,'Value not resolved ("?"). Researcher must determine correct coding from the grammar source.'
dzon1239,BATCH,GB409_23,1,,MISSING_SOURCE,'No source reference provided. Recommend citing the grammar for this feature.'
dzon1239,BATCH,GB409_24,1,,MISSING_SOURCE,'No source reference provided. Recommend citing the grammar for this feature.'
east2343,BATCH,GB409_1,0,,MISSING_SOURCE,'No source reference provided. Recommend citing the grammar for this feature.'
east2343,BATCH,GB409_2,1,,MISSING_SOURCE,'No source reference provided. Recommend citing the grammar for this feature.'
east2343,BATCH,GB409_3,?,,MISSING_VALUE,'Value not resolved ("?"). Researcher must determine correct coding from the grammar source.'
east2343,BATCH,GB409_4,1,,MISSING_SOURCE,'No source reference provided. Recommend citing the grammar for this feature.'
east2343,BATCH,GB409_5,1,,MISSING_SOURCE,'No source reference provided. Recommend citing the grammar for this feature.'
east2343,BATCH,GB409_6,1,,MISSING_SOURCE,'No source reference provided. Recommend citing the grammar for this feature.'
east2343,BATCH,GB409_7,1,,MISSING_SOURCE,'No source reference provided. Recommend citing the grammar for this feature.'
east2343,BATCH,GB409_8,1,,MISSING_SOURCE,'No source reference provided. Recommend citing the grammar for this feature.'
east2343,BATCH,GB409_9,1,,MISSING_SOURCE,'No source reference provided. Recommend citing the grammar for this feature.'
east2343,BATCH,GB409_10,1,,MISSING_SOURCE,'No source reference provided. Recommend citing the grammar for this feature.'
east2343,BATCH,GB409_11,?,,MISSING_VALUE,'Value not resolved ("?"). Researcher must determine correct coding from the grammar source.'
east2343,BATCH,GB409_12,1,,MISSING_SOURCE,'No source reference provided. Recommend citing the grammar for this feature.'
east2343,BATCH,GB409_13,?,,MISSING_VALUE,'Value not resolved ("?"). Researcher must determine correct coding from the grammar source.'
east2343,BATCH,GB409_14,1,,MISSING_SOURCE,'No source reference provided. Recommend citing the grammar for this feature.'
east2343,BATCH,GB409_15,1,,MISSING_SOURCE,'No source reference provided. Recommend citing the grammar for this feature.'
east2343,BATCH,GB409_16,?,,MISSING_VALUE,'Value not resolved ("?"). Researcher must determine correct coding from the grammar source.'
east2343,BATCH,GB409_17,?,,MISSING_VALUE,'Value not resolved ("?"). Researcher must determine correct coding from the grammar source.'
east2343,BATCH,GB409_18,1,,MISSING_SOURCE,'No source reference provided. Recommend citing the grammar for this feature.'
east2343,BATCH,GB409_19,?,,MISSING_VALUE,'Value not resolved ("?"). Researcher must determine correct coding from the grammar source.'
east2343,BATCH,GB409_20,1,,MISSING_SOURCE,'No source reference provided. Recommend citing the grammar for this feature.'
east2343,BATCH,GB409_21,1,,MISSING_SOURCE,'No source reference provided. Recommend citing the grammar for this feature.'
east2343,BATCH,GB409_22,0,,MISSING_SOURCE,'No source reference provided. Recommend citing the grammar for this feature.'
east2343,BATCH,GB409_23,1,,MISSING_SOURCE,'No source reference provided. Recommend citing the grammar for this feature.'
east2343,BATCH,GB409_24,1,,MISSING_SOURCE,'No source reference provided. Recommend citing the grammar for this feature.'
east2379,BATCH,GB409_2,1,,MISSING_SOURCE,'No source reference provided. Recommend citing the grammar for this feature.'
east2379,BATCH,GB409_3,0,,MISSING_SOURCE,'No source reference provided. Recommend citing the grammar for this feature.'
east2379,BATCH,GB409_4,0,,MISSING_SOURCE,'No source reference provided. Recommend citing the grammar for this feature.'
east2379,BATCH,GB409_23,0,,MISSING_SOURCE,'No source reference provided. Recommend citing the grammar for this feature.'
east2379,BATCH,GB409_24,?,,MISSING_VALUE,'Value not resolved ("?"). Researcher must determine correct coding from the grammar source.'
east2447,BATCH,GB409_1,0,,MISSING_SOURCE,'No source reference provided. Recommend citing the grammar for this feature.'
east2447,BATCH,GB409_2,1,,MISSING_SOURCE,'No source reference provided. Recommend citing the grammar for this feature.'
east2447,BATCH,GB409_3,1,,MISSING_SOURCE,'No source reference provided. Recommend citing the grammar for this feature.'
east2447,BATCH,GB409_4,1,,MISSING_SOURCE,'No source reference provided. Recommend citing the grammar for this feature.'
east2447,BATCH,GB409_5,1,,MISSING_SOURCE,'No source reference provided. Recommend citing the grammar for this feature.'
east2447,BATCH,GB409_6,1,,MISSING_SOURCE,'No source reference provided. Recommend citing the grammar for this feature.'
east2447,BATCH,GB409_7,?,,MISSING_VALUE,'Value not resolved ("?"). Researcher must determine correct coding from the grammar source.'
east2447,BATCH,GB409_8,1,,MISSING_SOURCE,'No source reference provided. Recommend citing the grammar for this feature.'
east2447,BATCH,GB409_9,?,,MISSING_VALUE,'Value not resolved ("?"). Researcher must determine correct coding from the grammar source.'
east2447,BATCH,GB409_10,1,,MISSING_SOURCE,'No source reference provided. Recommend citing the grammar for this feature.'
east2447,BATCH,GB409_11,?,,MISSING_VALUE,'Value not resolved ("?"). Researcher must determine correct coding from the grammar source.'
east2447,BATCH,GB409_12,1,,MISSING_SOURCE,'No source reference provided. Recommend citing the grammar for this feature.'
east2447,BATCH,GB409_13,?,,MISSING_VALUE,'Value not resolved ("?"). Researcher must determine correct coding from the grammar source.'
east2447,BATCH,GB409_14,1,,MISSING_SOURCE,'No source reference provided. Recommend citing the grammar for this feature.'
east2447,BATCH,GB409_15,1,,MISSING_SOURCE,'No source reference provided. Recommend citing the grammar for this feature.'
east2447,BATCH,GB409_16,?,,MISSING_VALUE,'Value not resolved ("?"). Researcher must determine correct coding from the grammar source.'
east2447,BATCH,GB409_17,?,,MISSING_VALUE,'Value not resolved ("?"). Researcher must determine correct coding from the grammar source.'
east2447,BATCH,GB409_18,?,,MISSING_VALUE,'Value not resolved ("?"). Researcher must determine correct coding from the grammar source.'
east2447,BATCH,GB409_19,?,,MISSING_VALUE,'Value not resolved ("?"). Researcher must determine correct coding from the grammar source.'
east2447,BATCH,GB409_20,1,,MISSING_SOURCE,'No source reference provided. Recommend citing the grammar for this feature.'
east2447,BATCH,GB409_21,?,,MISSING_VALUE,'Value not resolved ("?"). Researcher must determine correct coding from the grammar source.'
east2447,BATCH,GB409_22,1,,MISSING_SOURCE,'No source reference provided. Recommend citing the grammar for this feature.'
east2447,BATCH,GB409_23,1,,MISSING_SOURCE,'No source reference provided. Recommend citing the grammar for this feature.'
east2447,BATCH,GB409_24,?,,MISSING_VALUE,'Value not resolved ("?"). Researcher must determine correct coding from the grammar source.'
east2516,BATCH,GB409_1,0,,MISSING_SOURCE,'No source reference provided. Recommend citing the grammar for this feature.'
east2516,BATCH,GB409_2,1,,MISSING_SOURCE,'No source reference provided. Recommend citing the grammar for this feature.'
east2516,BATCH,GB409_3,1,,MISSING_SOURCE,'No source reference provided. Recommend citing the grammar for this feature.'
east2516,BATCH,GB409_4,1,,MISSING_SOURCE,'No source reference provided. Recommend citing the grammar for this feature.'
east2516,BATCH,GB409_5,1,,MISSING_SOURCE,'No source reference provided. Recommend citing the grammar for this feature.'
east2516,BATCH,GB409_6,1,,MISSING_SOURCE,'No source reference provided. Recommend citing the grammar for this feature.'
east2516,BATCH,GB409_7,1,,MISSING_SOURCE,'No source reference provided. Recommend citing the grammar for this feature.'
east2516,BATCH,GB409_8,1,,MISSING_SOURCE,'No source reference provided. Recommend citing the grammar for this feature.'
east2516,BATCH,GB409_9,1,,MISSING_SOURCE,'No source reference provided. Recommend citing the grammar for this feature.'
east2516,BATCH,GB409_10,1,,MISSING_SOURCE,'No source reference provided. Recommend citing the grammar for this feature.'
east2516,BATCH,GB409_11,1,,MISSING_SOURCE,'No source reference provided. Recommend citing the grammar for this feature.'
east2516,BATCH,GB409_12,1,,MISSING_SOURCE,'No source reference provided. Recommend citing the grammar for this feature.'
east2516,BATCH,GB409_13,1,,MISSING_SOURCE,'No source reference provided. Recommend citing the grammar for this feature.'
east2516,BATCH,GB409_14,1,,MISSING_SOURCE,'No source reference provided. Recommend citing the grammar for this feature.'
east2516,BATCH,GB409_15,1,,MISSING_SOURCE,'No source reference provided. Recommend citing the grammar for this feature.'
east2516,BATCH,GB409_16,1,,MISSING_SOURCE,'No source reference provided. Recommend citing the grammar for this feature.'
east2516,BATCH,GB409_17,1,,MISSING_SOURCE,'No source reference provided. Recommend citing the grammar for this feature.'
east2516,BATCH,GB409_18,1,,MISSING_SOURCE,'No source reference provided. Recommend citing the grammar for this feature.'
east2516,BATCH,GB409_19,1,,MISSING_SOURCE,'No source reference provided. Recommend citing the grammar for this feature.'
east2516,BATCH,GB409_20,1,,MISSING_SOURCE,'No source reference provided. Recommend citing the grammar for this feature.'
east2516,BATCH,GB409_21,1,,MISSING_SOURCE,'No source reference provided. Recommend citing the grammar for this feature.'
east2516,BATCH,GB409_22,?,,MISSING_VALUE,'Value not resolved ("?"). Researcher must determine correct coding from the grammar source.'
east2516,BATCH,GB409_23,1,,MISSING_SOURCE,'No source reference provided. Recommend citing the grammar for this feature.'
east2516,BATCH,GB409_24,1,,MISSING_SOURCE,'No source reference provided. Recommend citing the grammar for this feature.'
east2545,BATCH,GB409_1,1,,MISSING_SOURCE,'No source reference provided. Recommend citing the grammar for this feature.'
east2545,BATCH,GB409_2,?,,MISSING_VALUE,'Value not resolved ("?"). Researcher must determine correct coding from the grammar source.'
east2545,BATCH,GB409_3,?,,MISSING_VALUE,'Value not resolved ("?"). Researcher must determine correct coding from the grammar source.'
east2545,BATCH,GB409_4,?,,MISSING_VALUE,'Value not resolved ("?"). Researcher must determine correct coding from the grammar source.'
east2545,BATCH,GB409_5,1,,MISSING_SOURCE,'No source reference provided. Recommend citing the grammar for this feature.'
east2545,BATCH,GB409_6,1,,MISSING_SOURCE,'No source reference provided. Recommend citing the grammar for this feature.'
east2545,BATCH,GB409_7,1,,MISSING_SOURCE,'No source reference provided. Recommend citing the grammar for this feature.'
east2545,BATCH,GB409_8,1,,MISSING_SOURCE,'No source reference provided. Recommend citing the grammar for this feature.'
east2545,BATCH,GB409_9,1,,MISSING_SOURCE,'No source reference provided. Recommend citing the grammar for this feature.'
east2545,BATCH,GB409_10,1,,MISSING_SOURCE,'No source reference provided. Recommend citing the grammar for this feature.'
east2545,BATCH,GB409_11,?,,MISSING_VALUE,'Value not resolved ("?"). Researcher must determine correct coding from the grammar source.'
east2545,BATCH,GB409_12,1,,MISSING_SOURCE,'No source reference provided. Recommend citing the grammar for this feature.'
east2545,BATCH,GB409_13,?,,MISSING_VALUE,'Value not resolved ("?"). Researcher must determine correct coding from the grammar source.'
east2545,BATCH,GB409_14,1,,MISSING_SOURCE,'No source reference provided. Recommend citing the grammar for this feature.'
east2545,BATCH,GB409_15,?,,MISSING_VALUE,'Value not resolved ("?"). Researcher must determine correct coding from the grammar source.'
east2545,BATCH,GB409_16,?,,MISSING_VALUE,'Value not resolved ("?"). Researcher must determine correct coding from the grammar source.'
east2545,BATCH,GB409_17,?,,MISSING_VALUE,'Value not resolved ("?"). Researcher must determine correct coding from the grammar source.'
east2545,BATCH,GB409_18,1,,MISSING_SOURCE,'No source reference provided. Recommend citing the grammar for this feature.'
east2545,BATCH,GB409_19,?,,MISSING_VALUE,'Value not resolved ("?"). Researcher must determine correct coding from the grammar source.'
east2545,BATCH,GB409_20,1,,MISSING_SOURCE,'No source reference provided. Recommend citing the grammar for this feature.'
east2545,BATCH,GB409_21,1,,MISSING_SOURCE,'No source reference provided. Recommend citing the grammar for this feature.'
east2545,BATCH,GB409_22,1,,MISSING_SOURCE,'No source reference provided. Recommend citing the grammar for this feature.'
east2545,BATCH,GB409_23,0,,MISSING_SOURCE,'No source reference provided. Recommend citing the grammar for this feature.'
east2545,BATCH,GB409_24,0,,MISSING_SOURCE,'No source reference provided. Recommend citing the grammar for this feature.'
east2694,BATCH,GB409_1,?,,MISSING_VALUE,'Value not resolved ("?"). Researcher must determine correct coding from the grammar source.'
east2694,BATCH,GB409_2,0,,MISSING_SOURCE,'No source reference provided. Recommend citing the grammar for this feature.'
east2694,BATCH,GB409_3,0,,MISSING_SOURCE,'No source reference provided. Recommend citing the grammar for this feature.'
east2694,BATCH,GB409_4,0,,MISSING_SOURCE,'No source reference provided. Recommend citing the grammar for this feature.'
east2694,BATCH,GB409_5,1,,MISSING_SOURCE,'No source reference provided. Recommend citing the grammar for this feature.'
east2694,BATCH,GB409_6,?,,MISSING_VALUE,'Value not resolved ("?"). Researcher must determine correct coding from the grammar source.'
east2694,BATCH,GB409_7,?,,MISSING_VALUE,'Value not resolved ("?"). Researcher must determine correct coding from the grammar source.'
east2694,BATCH,GB409_8,?,,MISSING_VALUE,'Value not resolved ("?"). Researcher must determine correct coding from the grammar source.'
east2694,BATCH,GB409_9,?,,MISSING_VALUE,'Value not resolved ("?"). Researcher must determine correct coding from the grammar source.'
east2694,BATCH,GB409_10,?,,MISSING_VALUE,'Value not resolved ("?"). Researcher must determine correct coding from the grammar source.'
east2694,BATCH,GB409_11,?,,MISSING_VALUE,'Value not resolved ("?"). Researcher must determine correct coding from the grammar source.'
east2694,BATCH,GB409_12,?,,MISSING_VALUE,'Value not resolved ("?"). Researcher must determine correct coding from the grammar source.'
east2694,BATCH,GB409_13,?,,MISSING_VALUE,'Value not resolved ("?"). Researcher must determine correct coding from the grammar source.'
east2694,BATCH,GB409_14,?,,MISSING_VALUE,'Value not resolved ("?"). Researcher must determine correct coding from the grammar source.'
east2694,BATCH,GB409_15,?,,MISSING_VALUE,'Value not resolved ("?"). Researcher must determine correct coding from the grammar source.'
east2694,BATCH,GB409_16,?,,MISSING_VALUE,'Value not resolved ("?"). Researcher must determine correct coding from the grammar source.'
east2694,BATCH,GB409_17,?,,MISSING_VALUE,'Value not resolved ("?"). Researcher must determine correct coding from the grammar source.'
east2694,BATCH,GB409_18,?,,MISSING_VALUE,'Value not resolved ("?"). Researcher must determine correct coding from the grammar source.'
east2694,BATCH,GB409_19,?,,MISSING_VALUE,'Value not resolved ("?"). Researcher must determine correct coding from the grammar source.'
east2694,BATCH,GB409_20,1,,MISSING_SOURCE,'No source reference provided. Recommend citing the grammar for this feature.'
east2694,BATCH,GB409_21,1,,MISSING_SOURCE,'No source reference provided. Recommend citing the grammar for this feature.'
east2694,BATCH,GB409_22,?,,MISSING_VALUE,'Value not resolved ("?"). Researcher must determine correct coding from the grammar source.'
east2694,BATCH,GB409_23,?,,MISSING_VALUE,'Value not resolved ("?"). Researcher must determine correct coding from the grammar source.'
east2694,BATCH,GB409_24,?,,MISSING_VALUE,'Value not resolved ("?"). Researcher must determine correct coding from the grammar source.'
east2773,BATCH,GB409_1,0,,MISSING_SOURCE,'No source reference provided. Recommend citing the grammar for this feature.'
east2773,BATCH,GB409_2,1,,MISSING_SOURCE,'No source reference provided. Recommend citing the grammar for this feature.'
east2773,BATCH,GB409_3,1,,MISSING_SOURCE,'No source reference provided. Recommend citing the grammar for this feature.'
east2773,BATCH,GB409_4,1,,MISSING_SOURCE,'No source reference provided. Recommend citing the grammar for this feature.'
east2773,BATCH,GB409_5,1,,MISSING_SOURCE,'No source reference provided. Recommend citing the grammar for this feature.'
east2773,BATCH,GB409_6,1,,MISSING_SOURCE,'No source reference provided. Recommend citing the grammar for this feature.'
east2773,BATCH,GB409_7,1,,MISSING_SOURCE,'No source reference provided. Recommend citing the grammar for this feature.'
east2773,BATCH,GB409_8,1,,MISSING_SOURCE,'No source reference provided. Recommend citing the grammar for this feature.'
east2773,BATCH,GB409_9,1,,MISSING_SOURCE,'No source reference provided. Recommend citing the grammar for this feature.'
east2773,BATCH,GB409_10,1,,MISSING_SOURCE,'No source reference provided. Recommend citing the grammar for this feature.'
east2773,BATCH,GB409_11,1,,MISSING_SOURCE,'No source reference provided. Recommend citing the grammar for this feature.'
east2773,BATCH,GB409_12,1,,MISSING_SOURCE,'No source reference provided. Recommend citing the grammar for this feature.'
east2773,BATCH,GB409_13,1,,MISSING_SOURCE,'No source reference provided. Recommend citing the grammar for this feature.'
east2773,BATCH,GB409_14,1,,MISSING_SOURCE,'No source reference provided. Recommend citing the grammar for this feature.'
east2773,BATCH,GB409_15,1,,MISSING_SOURCE,'No source reference provided. Recommend citing the grammar for this feature.'
east2773,BATCH,GB409_16,?,,MISSING_VALUE,'Value not resolved ("?"). Researcher must determine correct coding from the grammar source.'
east2773,BATCH,GB409_17,?,,MISSING_VALUE,'Value not resolved ("?"). Researcher must determine correct coding from the grammar source.'
east2773,BATCH,GB409_18,1,,MISSING_SOURCE,'No source reference provided. Recommend citing the grammar for this feature.'
east2773,BATCH,GB409_19,?,,MISSING_VALUE,'Value not resolved ("?"). Researcher must determine correct coding from the grammar source.'
east2773,BATCH,GB409_20,1,,MISSING_SOURCE,'No source reference provided. Recommend citing the grammar for this feature.'
east2773,BATCH,GB409_21,1,,MISSING_SOURCE,'No source reference provided. Recommend citing the grammar for this feature.'
east2773,BATCH,GB409_22,0,,MISSING_SOURCE,'No source reference provided. Recommend citing the grammar for this feature.'
east2773,BATCH,GB409_23,0,,MISSING_SOURCE,'No source reference provided. Recommend citing the grammar for this feature.'
east2773,BATCH,GB409_24,1,,MISSING_SOURCE,'No source reference provided. Recommend citing the grammar for this feature.'
east2851,BATCH,GB409_1,0,,MISSING_SOURCE,'No source reference provided. Recommend citing the grammar for this feature.'
east2851,BATCH,GB409_2,1,,MISSING_SOURCE,'No source reference provided. Recommend citing the grammar for this feature.'
east2851,BATCH,GB409_3,1,,MISSING_SOURCE,'No source reference provided. Recommend citing the grammar for this feature.'
east2851,BATCH,GB409_4,1,,MISSING_SOURCE,'No source reference provided. Recommend citing the grammar for this feature.'
east2851,BATCH,GB409_5,1,,MISSING_SOURCE,'No source reference provided. Recommend citing the grammar for this feature.'
east2851,BATCH,GB409_6,1,,MISSING_SOURCE,'No source reference provided. Recommend citing the grammar for this feature.'
east2851,BATCH,GB409_7,1,,MISSING_SOURCE,'No source reference provided. Recommend citing the grammar for this feature.'
east2851,BATCH,GB409_8,1,,MISSING_SOURCE,'No source reference provided. Recommend citing the grammar for this feature.'
east2851,BATCH,GB409_9,1,,MISSING_SOURCE,'No source reference provided. Recommend citing the grammar for this feature.'
east2851,BATCH,GB409_10,1,,MISSING_SOURCE,'No source reference provided. Recommend citing the grammar for this feature.'
east2851,BATCH,GB409_11,1,,MISSING_SOURCE,'No source reference provided. Recommend citing the grammar for this feature.'
east2851,BATCH,GB409_12,1,,MISSING_SOURCE,'No source reference provided. Recommend citing the grammar for this feature.'
east2851,BATCH,GB409_13,1,,MISSING_SOURCE,'No source reference provided. Recommend citing the grammar for this feature.'
east2851,BATCH,GB409_14,1,,MISSING_SOURCE,'No source reference provided. Recommend citing the grammar for this feature.'
east2851,BATCH,GB409_15,1,,MISSING_SOURCE,'No source reference provided. Recommend citing the grammar for this feature.'
east2851,BATCH,GB409_16,1,,MISSING_SOURCE,'No source reference provided. Recommend citing the grammar for this feature.'
east2851,BATCH,GB409_17,1,,MISSING_SOURCE,'No source reference provided. Recommend citing the grammar for this feature.'
east2851,BATCH,GB409_18,1,,MISSING_SOURCE,'No source reference provided. Recommend citing the grammar for this feature.'
east2851,BATCH,GB409_19,1,,MISSING_SOURCE,'No source reference provided. Recommend citing the grammar for this feature.'
east2851,BATCH,GB409_20,1,,MISSING_SOURCE,'No source reference provided. Recommend citing the grammar for this feature.'
east2851,BATCH,GB409_21,1,,MISSING_SOURCE,'No source reference provided. Recommend citing the grammar for this feature.'
east2851,BATCH,GB409_22,0,,MISSING_SOURCE,'No source reference provided. Recommend citing the grammar for this feature.'
east2851,BATCH,GB409_23,0,,MISSING_SOURCE,'No source reference provided. Recommend citing the grammar for this feature.'
east2851,BATCH,GB409_24,0,,MISSING_SOURCE,'No source reference provided. Recommend citing the grammar for this feature.'
emai1242,BATCH,GB409_1,0,,MISSING_SOURCE,'No source reference provided. Recommend citing the grammar for this feature.'
emai1242,BATCH,GB409_2,0,,MISSING_SOURCE,'No source reference provided. Recommend citing the grammar for this feature.'
emai1242,BATCH,GB409_3,0,,MISSING_SOURCE,'No source reference provided. Recommend citing the grammar for this feature.'
emai1242,BATCH,GB409_4,0,,MISSING_SOURCE,'No source reference provided. Recommend citing the grammar for this feature.'
emai1242,BATCH,GB409_5,1,,MISSING_SOURCE,'No source reference provided. Recommend citing the grammar for this feature.'
emai1242,BATCH,GB409_6,1,,MISSING_SOURCE,'No source reference provided. Recommend citing the grammar for this feature.'
emai1242,BATCH,GB409_7,0,,MISSING_SOURCE,'No source reference provided. Recommend citing the grammar for this feature.'
emai1242,BATCH,GB409_8,0,,MISSING_SOURCE,'No source reference provided. Recommend citing the grammar for this feature.'
emai1242,BATCH,GB409_9,1,,MISSING_SOURCE,'No source reference provided. Recommend citing the grammar for this feature.'
emai1242,BATCH,GB409_10,1,,MISSING_SOURCE,'No source reference provided. Recommend citing the grammar for this feature.'
emai1242,BATCH,GB409_11,?,,MISSING_VALUE,'Value not resolved ("?"). Researcher must determine correct coding from the grammar source.'
emai1242,BATCH,GB409_12,1,,MISSING_SOURCE,'No source reference provided. Recommend citing the grammar for this feature.'
emai1242,BATCH,GB409_13,1,,MISSING_SOURCE,'No source reference provided. Recommend citing the grammar for this feature.'
emai1242,BATCH,GB409_14,1,,MISSING_SOURCE,'No source reference provided. Recommend citing the grammar for this feature.'
emai1242,BATCH,GB409_15,?,,MISSING_VALUE,'Value not resolved ("?"). Researcher must determine correct coding from the grammar source.'
emai1242,BATCH,GB409_16,?,,MISSING_VALUE,'Value not resolved ("?"). Researcher must determine correct coding from the grammar source.'
emai1242,BATCH,GB409_17,?,,MISSING_VALUE,'Value not resolved ("?"). Researcher must determine correct coding from the grammar source.'
emai1242,BATCH,GB409_18,1,,MISSING_SOURCE,'No source reference provided. Recommend citing the grammar for this feature.'
emai1242,BATCH,GB409_19,?,,MISSING_VALUE,'Value not resolved ("?"). Researcher must determine correct coding from the grammar source.'
emai1242,BATCH,GB409_20,1,,MISSING_SOURCE,'No source reference provided. Recommend citing the grammar for this feature.'
emai1242,BATCH,GB409_21,?,,MISSING_VALUE,'Value not resolved ("?"). Researcher must determine correct coding from the grammar source.'
emai1242,BATCH,GB409_22,1,,MISSING_SOURCE,'No source reference provided. Recommend citing the grammar for this feature.'
emai1242,BATCH,GB409_23,0,,MISSING_SOURCE,'No source reference provided. Recommend citing the grammar for this feature.'
emai1242,BATCH,GB409_24,0,,MISSING_SOURCE,'No source reference provided. Recommend citing the grammar for this feature.'
ersu1241,BATCH,GB409_1,1,,MISSING_SOURCE,'No source reference provided. Recommend citing the grammar for this feature.'
ersu1241,BATCH,GB409_2,1,,MISSING_SOURCE,'No source reference provided. Recommend citing the grammar for this feature.'
ersu1241,BATCH,GB409_3,1,,MISSING_SOURCE,'No source reference provided. Recommend citing the grammar for this feature.'
ersu1241,BATCH,GB409_4,1,,MISSING_SOURCE,'No source reference provided. Recommend citing the grammar for this feature.'
ersu1241,BATCH,GB409_5,1,,MISSING_SOURCE,'No source reference provided. Recommend citing the grammar for this feature.'
ersu1241,BATCH,GB409_6,?,,MISSING_VALUE,'Value not resolved ("?"). Researcher must determine correct coding from the grammar source.'
ersu1241,BATCH,GB409_7,1,,MISSING_SOURCE,'No source reference provided. Recommend citing the grammar for this feature.'
ersu1241,BATCH,GB409_8,1,,MISSING_SOURCE,'No source reference provided. Recommend citing the grammar for this feature.'
ersu1241,BATCH,GB409_9,1,,MISSING_SOURCE,'No source reference provided. Recommend citing the grammar for this feature.'
ersu1241,BATCH,GB409_10,1,,MISSING_SOURCE,'No source reference provided. Recommend citing the grammar for this feature.'
ersu1241,BATCH,GB409_11,?,,MISSING_VALUE,'Value not resolved ("?"). Researcher must determine correct coding from the grammar source.'
ersu1241,BATCH,GB409_12,1,,MISSING_SOURCE,'No source reference provided. Recommend citing the grammar for this feature.'
ersu1241,BATCH,GB409_13,?,,MISSING_VALUE,'Value not resolved ("?"). Researcher must determine correct coding from the grammar source.'
ersu1241,BATCH,GB409_14,1,,MISSING_SOURCE,'No source reference provided. Recommend citing the grammar for this feature.'
ersu1241,BATCH,GB409_15,?,,MISSING_VALUE,'Value not resolved ("?"). Researcher must determine correct coding from the grammar source.'
ersu1241,BATCH,GB409_16,1,,MISSING_SOURCE,'No source reference provided. Recommend citing the grammar for this feature.'
ersu1241,BATCH,GB409_17,?,,MISSING_VALUE,'Value not resolved ("?"). Researcher must determine correct coding from the grammar source.'
ersu1241,BATCH,GB409_18,1,,MISSING_SOURCE,'No source reference provided. Recommend citing the grammar for this feature.'
ersu1241,BATCH,GB409_19,1,,MISSING_SOURCE,'No source reference provided. Recommend citing the grammar for this feature.'
ersu1241,BATCH,GB409_20,1,,MISSING_SOURCE,'No source reference provided. Recommend citing the grammar for this feature.'
ersu1241,BATCH,GB409_21,1,,MISSING_SOURCE,'No source reference provided. Recommend citing the grammar for this feature.'
ersu1241,BATCH,GB409_22,?,,MISSING_VALUE,'Value not resolved ("?"). Researcher must determine correct coding from the grammar source.'
ersu1241,BATCH,GB409_23,1,,MISSING_SOURCE,'No source reference provided. Recommend citing the grammar for this feature.'
ersu1241,BATCH,GB409_24,?,,MISSING_VALUE,'Value not resolved ("?"). Researcher must determine correct coding from the grammar source.'
fala1243,BATCH,GB409_1,0,,MISSING_SOURCE,'No source reference provided. Recommend citing the grammar for this feature.'
fala1243,BATCH,GB409_2,?,,MISSING_VALUE,'Value not resolved ("?"). Researcher must determine correct coding from the grammar source.'
fala1243,BATCH,GB409_3,?,,MISSING_VALUE,'Value not resolved ("?"). Researcher must determine correct coding from the grammar source.'
fala1243,BATCH,GB409_4,?,,MISSING_VALUE,'Value not resolved ("?"). Researcher must determine correct coding from the grammar source.'
fala1243,BATCH,GB409_5,1,,MISSING_SOURCE,'No source reference provided. Recommend citing the grammar for this feature.'
fala1243,BATCH,GB409_6,1,,MISSING_SOURCE,'No source reference provided. Recommend citing the grammar for this feature.'
fala1243,BATCH,GB409_7,1,,MISSING_SOURCE,'No source reference provided. Recommend citing the grammar for this feature.'
fala1243,BATCH,GB409_8,1,,MISSING_SOURCE,'No source reference provided. Recommend citing the grammar for this feature.'
fala1243,BATCH,GB409_9,1,,MISSING_SOURCE,'No source reference provided. Recommend citing the grammar for this feature.'
fala1243,BATCH,GB409_10,1,,MISSING_SOURCE,'No source reference provided. Recommend citing the grammar for this feature.'
fala1243,BATCH,GB409_11,?,,MISSING_VALUE,'Value not resolved ("?"). Researcher must determine correct coding from the grammar source.'
fala1243,BATCH,GB409_12,1,,MISSING_SOURCE,'No source reference provided. Recommend citing the grammar for this feature.'
fala1243,BATCH,GB409_13,1,,MISSING_SOURCE,'No source reference provided. Recommend citing the grammar for this feature.'
fala1243,BATCH,GB409_14,1,,MISSING_SOURCE,'No source reference provided. Recommend citing the grammar for this feature.'
fala1243,BATCH,GB409_15,?,,MISSING_VALUE,'Value not resolved ("?"). Researcher must determine correct coding from the grammar source.'
fala1243,BATCH,GB409_16,1,,MISSING_SOURCE,'No source reference provided. Recommend citing the grammar for this feature.'
fala1243,BATCH,GB409_17,1,,MISSING_SOURCE,'No source reference provided. Recommend citing the grammar for this feature.'
fala1243,BATCH,GB409_18,1,,MISSING_SOURCE,'No source reference provided. Recommend citing the grammar for this feature.'
fala1243,BATCH,GB409_19,1,,MISSING_SOURCE,'No source reference provided. Recommend citing the grammar for this feature.'
fala1243,BATCH,GB409_20,1,,MISSING_SOURCE,'No source reference provided. Recommend citing the grammar for this feature.'
fala1243,BATCH,GB409_21,1,,MISSING_SOURCE,'No source reference provided. Recommend citing the grammar for this feature.'
fala1243,BATCH,GB409_22,?,,MISSING_VALUE,'Value not resolved ("?"). Researcher must determine correct coding from the grammar source.'
fala1243,BATCH,GB409_23,0,,MISSING_SOURCE,'No source reference provided. Recommend citing the grammar for this feature.'
fala1243,BATCH,GB409_24,1,,MISSING_SOURCE,'No source reference provided. Recommend citing the grammar for this feature.'
fasu1242,BATCH,GB409_2,?,,MISSING_VALUE,'Value not resolved ("?"). Researcher must determine correct coding from the grammar source.'
fasu1242,BATCH,GB409_3,?,,MISSING_VALUE,'Value not resolved ("?"). Researcher must determine correct coding from the grammar source.'
fasu1242,BATCH,GB409_5,?,,MISSING_VALUE,'Value not resolved ("?"). Researcher must determine correct coding from the grammar source.'
fasu1242,BATCH,GB409_6,?,,MISSING_VALUE,'Value not resolved ("?"). Researcher must determine correct coding from the grammar source.'
fasu1242,BATCH,GB409_7,?,,MISSING_VALUE,'Value not resolved ("?"). Researcher must determine correct coding from the grammar source.'
fasu1242,BATCH,GB409_8,?,,MISSING_VALUE,'Value not resolved ("?"). Researcher must determine correct coding from the grammar source.'
fasu1242,BATCH,GB409_9,?,,MISSING_VALUE,'Value not resolved ("?"). Researcher must determine correct coding from the grammar source.'
fasu1242,BATCH,GB409_10,?,,MISSING_VALUE,'Value not resolved ("?"). Researcher must determine correct coding from the grammar source.'
fasu1242,BATCH,GB409_11,?,,MISSING_VALUE,'Value not resolved ("?"). Researcher must determine correct coding from the grammar source.'
fasu1242,BATCH,GB409_12,?,,MISSING_VALUE,'Value not resolved ("?"). Researcher must determine correct coding from the grammar source.'
fasu1242,BATCH,GB409_13,?,,MISSING_VALUE,'Value not resolved ("?"). Researcher must determine correct coding from the grammar source.'
fasu1242,BATCH,GB409_14,?,,MISSING_VALUE,'Value not resolved ("?"). Researcher must determine correct coding from the grammar source.'
fasu1242,BATCH,GB409_15,?,,MISSING_VALUE,'Value not resolved ("?"). Researcher must determine correct coding from the grammar source.'
fasu1242,BATCH,GB409_16,?,,MISSING_VALUE,'Value not resolved ("?"). Researcher must determine correct coding from the grammar source.'
fasu1242,BATCH,GB409_17,?,,MISSING_VALUE,'Value not resolved ("?"). Researcher must determine correct coding from the grammar source.'
fasu1242,BATCH,GB409_19,?,,MISSING_VALUE,'Value not resolved ("?"). Researcher must determine correct coding from the grammar source.'
fasu1242,BATCH,GB409_21,?,,MISSING_VALUE,'Value not resolved ("?"). Researcher must determine correct coding from the grammar source.'
fasu1242,BATCH,GB409_22,?,,MISSING_VALUE,'Value not resolved ("?"). Researcher must determine correct coding from the grammar source.'
fasu1242,BATCH,GB409_23,?,,MISSING_VALUE,'Value not resolved ("?"). Researcher must determine correct coding from the grammar source.'
fasu1242,BATCH,GB409_24,?,,MISSING_VALUE,'Value not resolved ("?"). Researcher must determine correct coding from the grammar source.'
fuln1247,BATCH,GB409_11,?,,MISSING_VALUE,'Value not resolved ("?"). Researcher must determine correct coding from the grammar source.'
fuln1247,BATCH,GB409_13,?,,MISSING_VALUE,'Value not resolved ("?"). Researcher must determine correct coding from the grammar source.'
fuln1247,BATCH,GB409_19,?,,MISSING_VALUE,'Value not resolved ("?"). Researcher must determine correct coding from the grammar source.'
fuln1247,BATCH,GB409_21,?,,MISSING_VALUE,'Value not resolved ("?"). Researcher must determine correct coding from the grammar source.'
futu1245,BATCH,GB409_21,?,,MISSING_VALUE,'Value not resolved ("?"). Researcher must determine correct coding from the grammar source.'
futu1245,BATCH,GB409_22,?,,MISSING_VALUE,'Value not resolved ("?"). Researcher must determine correct coding from the grammar source.'
gahr1239,BATCH,GB409_13,?,,MISSING_VALUE,'Value not resolved ("?"). Researcher must determine correct coding from the grammar source.'
gahr1239,BATCH,GB409_15,?,,MISSING_VALUE,'Value not resolved ("?"). Researcher must determine correct coding from the grammar source.'
gahr1239,BATCH,GB409_17,?,,MISSING_VALUE,'Value not resolved ("?"). Researcher must determine correct coding from the grammar source.'
gahr1239,BATCH,GB409_19,?,,MISSING_VALUE,'Value not resolved ("?"). Researcher must determine correct coding from the grammar source.'
gahr1239,BATCH,GB409_21,?,,MISSING_VALUE,'Value not resolved ("?"). Researcher must determine correct coding from the grammar source.'
gugu1255,BATCH,GB409_2,?,,MISSING_VALUE,'Value not resolved ("?"). Researcher must determine correct coding from the grammar source.'
gugu1255,BATCH,GB409_9,?,,MISSING_VALUE,'Value not resolved ("?"). Researcher must determine correct coding from the grammar source.'
gugu1255,BATCH,GB409_13,?,,MISSING_VALUE,'Value not resolved ("?"). Researcher must determine correct coding from the grammar source.'
gugu1255,BATCH,GB409_15,?,,MISSING_VALUE,'Value not resolved ("?"). Researcher must determine correct coding from the grammar source.'
gugu1255,BATCH,GB409_17,?,,MISSING_VALUE,'Value not resolved ("?"). Researcher must determine correct coding from the grammar source.'
gugu1255,BATCH,GB409_21,?,,MISSING_VALUE,'Value not resolved ("?"). Researcher must determine correct coding from the grammar source.'
gugu1255,BATCH,GB409_22,?,,MISSING_VALUE,'Value not resolved ("?"). Researcher must determine correct coding from the grammar source.'
guiq1238,BATCH,GB409_9,?,,MISSING_VALUE,'Value not resolved ("?"). Researcher must determine correct coding from the grammar source.'
guiq1238,BATCH,GB409_15,?,,MISSING_VALUE,'Value not resolved ("?"). Researcher must determine correct coding from the grammar source.'
guiq1238,BATCH,GB409_21,?,,MISSING_VALUE,'Value not resolved ("?"). Researcher must determine correct coding from the grammar source.'
guiq1238,BATCH,GB409_22,?,,MISSING_VALUE,'Value not resolved ("?"). Researcher must determine correct coding from the grammar source.'
guny1241,BATCH,GB409_6,?,,MISSING_VALUE,'Value not resolved ("?"). Researcher must determine correct coding from the grammar source.'
guny1241,BATCH,GB409_9,?,,MISSING_VALUE,'Value not resolved ("?"). Researcher must determine correct coding from the grammar source.'
guny1241,BATCH,GB409_13,?,,MISSING_VALUE,'Value not resolved ("?"). Researcher must determine correct coding from the grammar source.'
guny1241,BATCH,GB409_14,?,,MISSING_VALUE,'Value not resolved ("?"). Researcher must determine correct coding from the grammar source.'
guny1241,BATCH,GB409_16,?,,MISSING_VALUE,'Value not resolved ("?"). Researcher must determine correct coding from the grammar source.'
guny1241,BATCH,GB409_19,?,,MISSING_VALUE,'Value not resolved ("?"). Researcher must determine correct coding from the grammar source.'
guny1241,BATCH,GB409_21,?,,MISSING_VALUE,'Value not resolved ("?"). Researcher must determine correct coding from the grammar source.'
guru1261,BATCH,GB409_1,?,,MISSING_VALUE,'Value not resolved ("?"). Researcher must determine correct coding from the grammar source.'
guru1261,BATCH,GB409_2,?,,MISSING_VALUE,'Value not resolved ("?"). Researcher must determine correct coding from the grammar source.'
guru1261,BATCH,GB409_3,?,,MISSING_VALUE,'Value not resolved ("?"). Researcher must determine correct coding from the grammar source.'
guru1261,BATCH,GB409_6,?,,MISSING_VALUE,'Value not resolved ("?"). Researcher must determine correct coding from the grammar source.'
guru1261,BATCH,GB409_7,?,,MISSING_VALUE,'Value not resolved ("?"). Researcher must determine correct coding from the grammar source.'
guru1261,BATCH,GB409_8,?,,MISSING_VALUE,'Value not resolved ("?"). Researcher must determine correct coding from the grammar source.'
guru1261,BATCH,GB409_9,?,,MISSING_VALUE,'Value not resolved ("?"). Researcher must determine correct coding from the grammar source.'
guru1261,BATCH,GB409_11,?,,MISSING_VALUE,'Value not resolved ("?"). Researcher must determine correct coding from the grammar source.'
guru1261,BATCH,GB409_13,?,,MISSING_VALUE,'Value not resolved ("?"). Researcher must determine correct coding from the grammar source.'
guru1261,BATCH,GB409_15,?,,MISSING_VALUE,'Value not resolved ("?"). Researcher must determine correct coding from the grammar source.'
guru1261,BATCH,GB409_17,?,,MISSING_VALUE,'Value not resolved ("?"). Researcher must determine correct coding from the grammar source.'
guru1261,BATCH,GB409_19,?,,MISSING_VALUE,'Value not resolved ("?"). Researcher must determine correct coding from the grammar source.'
guru1261,BATCH,GB409_21,?,,MISSING_VALUE,'Value not resolved ("?"). Researcher must determine correct coding from the grammar source.'
guru1261,BATCH,GB409_22,?,,MISSING_VALUE,'Value not resolved ("?"). Researcher must determine correct coding from the grammar source.'
guru1261,BATCH,GB409_23,?,,MISSING_VALUE,'Value not resolved ("?"). Researcher must determine correct coding from the grammar source.'
guru1261,BATCH,GB409_24,?,,MISSING_VALUE,'Value not resolved ("?"). Researcher must determine correct coding from the grammar source.'
haka1240,BATCH,GB409_3,?,,MISSING_VALUE,'Value not resolved ("?"). Researcher must determine correct coding from the grammar source.'
haka1240,BATCH,GB409_6,?,,MISSING_VALUE,'Value not resolved ("?"). Researcher must determine correct coding from the grammar source.'
haka1240,BATCH,GB409_9,?,,MISSING_VALUE,'Value not resolved ("?"). Researcher must determine correct coding from the grammar source.'
haka1240,BATCH,GB409_11,?,,MISSING_VALUE,'Value not resolved ("?"). Researcher must determine correct coding from the grammar source.'
haka1240,BATCH,GB409_13,?,,MISSING_VALUE,'Value not resolved ("?"). Researcher must determine correct coding from the grammar source.'
haka1240,BATCH,GB409_15,?,,MISSING_VALUE,'Value not resolved ("?"). Researcher must determine correct coding from the grammar source.'
haka1240,BATCH,GB409_17,?,,MISSING_VALUE,'Value not resolved ("?"). Researcher must determine correct coding from the grammar source.'
haka1240,BATCH,GB409_19,?,,MISSING_VALUE,'Value not resolved ("?"). Researcher must determine correct coding from the grammar source.'
haka1240,BATCH,GB409_21,?,,MISSING_VALUE,'Value not resolved ("?"). Researcher must determine correct coding from the grammar source.'
haka1240,BATCH,GB409_22,?,,MISSING_VALUE,'Value not resolved ("?"). Researcher must determine correct coding from the grammar source.'
haka1240,BATCH,GB409_23,?,,MISSING_VALUE,'Value not resolved ("?"). Researcher must determine correct coding from the grammar source.'
hida1246,BATCH,GB409_21,?,,MISSING_VALUE,'Value not resolved ("?"). Researcher must determine correct coding from the grammar source.'
hind1269,BATCH,GB409_16,?,,MISSING_VALUE,'Value not resolved ("?"). Researcher must determine correct coding from the grammar source.'
hind1269,BATCH,GB409_17,?,,MISSING_VALUE,'Value not resolved ("?"). Researcher must determine correct coding from the grammar source.'
hind1269,BATCH,GB409_19,?,,MISSING_VALUE,'Value not resolved ("?"). Researcher must determine correct coding from the grammar source.'
huas1242,BATCH,GB409_11,?,,MISSING_VALUE,'Value not resolved ("?"). Researcher must determine correct coding from the grammar source.'
huli1244,BATCH,GB409_6,?,,MISSING_VALUE,'Value not resolved ("?"). Researcher must determine correct coding from the grammar source.'
huli1244,BATCH,GB409_13,?,,MISSING_VALUE,'Value not resolved ("?"). Researcher must determine correct coding from the grammar source.'
huli1244,BATCH,GB409_15,?,,MISSING_VALUE,'Value not resolved ("?"). Researcher must determine correct coding from the grammar source.'
huli1244,BATCH,GB409_17,?,,MISSING_VALUE,'Value not resolved ("?"). Researcher must determine correct coding from the grammar source.'
huli1244,BATCH,GB409_19,?,,MISSING_VALUE,'Value not resolved ("?"). Researcher must determine correct coding from the grammar source.'
huli1244,BATCH,GB409_21,?,,MISSING_VALUE,'Value not resolved ("?"). Researcher must determine correct coding from the grammar source.'
huli1244,BATCH,GB409_23,?,,MISSING_VALUE,'Value not resolved ("?"). Researcher must determine correct coding from the grammar source.'
hunz1247,BATCH,GB409_22,0,1,VALUE_CORRECTED,'Tense-based split ergativity detected (ERG in past/perfective but not in non-past/non-indicative/irrealis). GB409_22=0 ('
hurr1240,BATCH,GB409_6,?,,MISSING_VALUE,'Value not resolved ("?"). Researcher must determine correct coding from the grammar source.'
hurr1240,BATCH,GB409_7,?,,MISSING_VALUE,'Value not resolved ("?"). Researcher must determine correct coding from the grammar source.'
hurr1240,BATCH,GB409_8,?,,MISSING_VALUE,'Value not resolved ("?"). Researcher must determine correct coding from the grammar source.'
hurr1240,BATCH,GB409_9,?,,MISSING_VALUE,'Value not resolved ("?"). Researcher must determine correct coding from the grammar source.'
hurr1240,BATCH,GB409_11,?,,MISSING_VALUE,'Value not resolved ("?"). Researcher must determine correct coding from the grammar source.'
hurr1240,BATCH,GB409_12,?,,MISSING_VALUE,'Value not resolved ("?"). Researcher must determine correct coding from the grammar source.'
hurr1240,BATCH,GB409_13,?,,MISSING_VALUE,'Value not resolved ("?"). Researcher must determine correct coding from the grammar source.'
hurr1240,BATCH,GB409_14,?,,MISSING_VALUE,'Value not resolved ("?"). Researcher must determine correct coding from the grammar source.'
hurr1240,BATCH,GB409_15,?,,MISSING_VALUE,'Value not resolved ("?"). Researcher must determine correct coding from the grammar source.'
hurr1240,BATCH,GB409_16,?,,MISSING_VALUE,'Value not resolved ("?"). Researcher must determine correct coding from the grammar source.'
hurr1240,BATCH,GB409_17,?,,MISSING_VALUE,'Value not resolved ("?"). Researcher must determine correct coding from the grammar source.'
hurr1240,BATCH,GB409_18,?,,MISSING_VALUE,'Value not resolved ("?"). Researcher must determine correct coding from the grammar source.'
hurr1240,BATCH,GB409_19,?,,MISSING_VALUE,'Value not resolved ("?"). Researcher must determine correct coding from the grammar source.'
hurr1240,BATCH,GB409_20,?,,MISSING_VALUE,'Value not resolved ("?"). Researcher must determine correct coding from the grammar source.'
hurr1240,BATCH,GB409_21,?,,MISSING_VALUE,'Value not resolved ("?"). Researcher must determine correct coding from the grammar source.'
hurr1240,BATCH,GB409_22,?,,MISSING_VALUE,'Value not resolved ("?"). Researcher must determine correct coding from the grammar source.'
iaai1238,BATCH,GB409_1,?,,MISSING_VALUE,'Value not resolved ("?"). Researcher must determine correct coding from the grammar source.'
iaai1238,BATCH,GB409_2,?,,MISSING_VALUE,'Value not resolved ("?"). Researcher must determine correct coding from the grammar source.'
iaai1238,BATCH,GB409_3,?,,MISSING_VALUE,'Value not resolved ("?"). Researcher must determine correct coding from the grammar source.'
iaai1238,BATCH,GB409_4,?,,MISSING_VALUE,'Value not resolved ("?"). Researcher must determine correct coding from the grammar source.'
iaai1238,BATCH,GB409_5,?,,MISSING_VALUE,'Value not resolved ("?"). Researcher must determine correct coding from the grammar source.'
iaai1238,BATCH,GB409_6,?,,MISSING_VALUE,'Value not resolved ("?"). Researcher must determine correct coding from the grammar source.'
iaai1238,BATCH,GB409_7,?,,MISSING_VALUE,'Value not resolved ("?"). Researcher must determine correct coding from the grammar source.'
iaai1238,BATCH,GB409_8,?,,MISSING_VALUE,'Value not resolved ("?"). Researcher must determine correct coding from the grammar source.'
iaai1238,BATCH,GB409_9,?,,MISSING_VALUE,'Value not resolved ("?"). Researcher must determine correct coding from the grammar source.'
iaai1238,BATCH,GB409_10,?,,MISSING_VALUE,'Value not resolved ("?"). Researcher must determine correct coding from the grammar source.'
iaai1238,BATCH,GB409_11,?,,MISSING_VALUE,'Value not resolved ("?"). Researcher must determine correct coding from the grammar source.'
iaai1238,BATCH,GB409_12,?,,MISSING_VALUE,'Value not resolved ("?"). Researcher must determine correct coding from the grammar source.'
iaai1238,BATCH,GB409_13,?,,MISSING_VALUE,'Value not resolved ("?"). Researcher must determine correct coding from the grammar source.'
iaai1238,BATCH,GB409_14,?,,MISSING_VALUE,'Value not resolved ("?"). Researcher must determine correct coding from the grammar source.'
iaai1238,BATCH,GB409_15,?,,MISSING_VALUE,'Value not resolved ("?"). Researcher must determine correct coding from the grammar source.'
iaai1238,BATCH,GB409_16,?,,MISSING_VALUE,'Value not resolved ("?"). Researcher must determine correct coding from the grammar source.'
iaai1238,BATCH,GB409_17,?,,MISSING_VALUE,'Value not resolved ("?"). Researcher must determine correct coding from the grammar source.'
iaai1238,BATCH,GB409_18,?,,MISSING_VALUE,'Value not resolved ("?"). Researcher must determine correct coding from the grammar source.'
iaai1238,BATCH,GB409_19,?,,MISSING_VALUE,'Value not resolved ("?"). Researcher must determine correct coding from the grammar source.'
iaai1238,BATCH,GB409_20,?,,MISSING_VALUE,'Value not resolved ("?"). Researcher must determine correct coding from the grammar source.'
iaai1238,BATCH,GB409_21,?,,MISSING_VALUE,'Value not resolved ("?"). Researcher must determine correct coding from the grammar source.'
iaai1238,BATCH,GB409_22,?,,MISSING_VALUE,'Value not resolved ("?"). Researcher must determine correct coding from the grammar source.'
iaai1238,BATCH,GB409_23,?,,MISSING_VALUE,'Value not resolved ("?"). Researcher must determine correct coding from the grammar source.'
iaai1238,BATCH,GB409_24,?,,MISSING_VALUE,'Value not resolved ("?"). Researcher must determine correct coding from the grammar source.'
ibal1244,BATCH,GB409_6,?,,MISSING_VALUE,'Value not resolved ("?"). Researcher must determine correct coding from the grammar source.'
ibal1244,BATCH,GB409_9,?,,MISSING_VALUE,'Value not resolved ("?"). Researcher must determine correct coding from the grammar source.'
ibal1244,BATCH,GB409_15,?,,MISSING_VALUE,'Value not resolved ("?"). Researcher must determine correct coding from the grammar source.'
ibal1244,BATCH,GB409_17,?,,MISSING_VALUE,'Value not resolved ("?"). Researcher must determine correct coding from the grammar source.'
ibal1244,BATCH,GB409_19,?,,MISSING_VALUE,'Value not resolved ("?"). Researcher must determine correct coding from the grammar source.'
ibal1244,BATCH,GB409_22,?,,MISSING_VALUE,'Value not resolved ("?"). Researcher must determine correct coding from the grammar source.'
iban1267,BATCH,GB409_6,?,,MISSING_VALUE,'Value not resolved ("?"). Researcher must determine correct coding from the grammar source.'
iban1267,BATCH,GB409_19,?,,MISSING_VALUE,'Value not resolved ("?"). Researcher must determine correct coding from the grammar source.'
iban1267,BATCH,GB409_21,?,,MISSING_VALUE,'Value not resolved ("?"). Researcher must determine correct coding from the grammar source.'
iban1267,BATCH,GB409_22,?,,MISSING_VALUE,'Value not resolved ("?"). Researcher must determine correct coding from the grammar source.'
ilon1239,BATCH,GB409_1,?,,MISSING_VALUE,'Value not resolved ("?"). Researcher must determine correct coding from the grammar source.'
ilon1239,BATCH,GB409_2,?,,MISSING_VALUE,'Value not resolved ("?"). Researcher must determine correct coding from the grammar source.'
ilon1239,BATCH,GB409_3,?,,MISSING_VALUE,'Value not resolved ("?"). Researcher must determine correct coding from the grammar source.'
ilon1239,BATCH,GB409_4,?,,MISSING_VALUE,'Value not resolved ("?"). Researcher must determine correct coding from the grammar source.'
ilon1239,BATCH,GB409_5,?,,MISSING_VALUE,'Value not resolved ("?"). Researcher must determine correct coding from the grammar source.'
ilon1239,BATCH,GB409_6,?,,MISSING_VALUE,'Value not resolved ("?"). Researcher must determine correct coding from the grammar source.'
ilon1239,BATCH,GB409_7,?,,MISSING_VALUE,'Value not resolved ("?"). Researcher must determine correct coding from the grammar source.'
ilon1239,BATCH,GB409_8,?,,MISSING_VALUE,'Value not resolved ("?"). Researcher must determine correct coding from the grammar source.'
ilon1239,BATCH,GB409_9,?,,MISSING_VALUE,'Value not resolved ("?"). Researcher must determine correct coding from the grammar source.'
ilon1239,BATCH,GB409_10,?,,MISSING_VALUE,'Value not resolved ("?"). Researcher must determine correct coding from the grammar source.'
ilon1239,BATCH,GB409_11,?,,MISSING_VALUE,'Value not resolved ("?"). Researcher must determine correct coding from the grammar source.'
ilon1239,BATCH,GB409_12,?,,MISSING_VALUE,'Value not resolved ("?"). Researcher must determine correct coding from the grammar source.'
ilon1239,BATCH,GB409_13,?,,MISSING_VALUE,'Value not resolved ("?"). Researcher must determine correct coding from the grammar source.'
ilon1239,BATCH,GB409_14,?,,MISSING_VALUE,'Value not resolved ("?"). Researcher must determine correct coding from the grammar source.'
ilon1239,BATCH,GB409_15,?,,MISSING_VALUE,'Value not resolved ("?"). Researcher must determine correct coding from the grammar source.'
ilon1239,BATCH,GB409_16,?,,MISSING_VALUE,'Value not resolved ("?"). Researcher must determine correct coding from the grammar source.'
ilon1239,BATCH,GB409_17,?,,MISSING_VALUE,'Value not resolved ("?"). Researcher must determine correct coding from the grammar source.'
ilon1239,BATCH,GB409_18,?,,MISSING_VALUE,'Value not resolved ("?"). Researcher must determine correct coding from the grammar source.'
ilon1239,BATCH,GB409_19,?,,MISSING_VALUE,'Value not resolved ("?"). Researcher must determine correct coding from the grammar source.'
ilon1239,BATCH,GB409_20,?,,MISSING_VALUE,'Value not resolved ("?"). Researcher must determine correct coding from the grammar source.'
ilon1239,BATCH,GB409_21,?,,MISSING_VALUE,'Value not resolved ("?"). Researcher must determine correct coding from the grammar source.'
ilon1239,BATCH,GB409_22,?,,MISSING_VALUE,'Value not resolved ("?"). Researcher must determine correct coding from the grammar source.'
ilon1239,BATCH,GB409_23,?,,MISSING_VALUE,'Value not resolved ("?"). Researcher must determine correct coding from the grammar source.'
ilon1239,BATCH,GB409_24,?,,MISSING_VALUE,'Value not resolved ("?"). Researcher must determine correct coding from the grammar source.'
isco1239,BATCH,GB409_1,0,,MISSING_SOURCE,'No source reference provided. Recommend citing the grammar for this feature.'
isco1239,BATCH,GB409_2,0,,MISSING_SOURCE,'No source reference provided. Recommend citing the grammar for this feature.'
isco1239,BATCH,GB409_3,0,,MISSING_SOURCE,'No source reference provided. Recommend citing the grammar for this feature.'
isco1239,BATCH,GB409_4,1,,MISSING_SOURCE,'No source reference provided. Recommend citing the grammar for this feature.'
isco1239,BATCH,GB409_5,1,,MISSING_SOURCE,'No source reference provided. Recommend citing the grammar for this feature.'
isco1239,BATCH,GB409_6,1,,MISSING_SOURCE,'No source reference provided. Recommend citing the grammar for this feature.'
isco1239,BATCH,GB409_7,1,,MISSING_SOURCE,'No source reference provided. Recommend citing the grammar for this feature.'
isco1239,BATCH,GB409_8,1,,MISSING_SOURCE,'No source reference provided. Recommend citing the grammar for this feature.'
isco1239,BATCH,GB409_9,1,,MISSING_SOURCE,'No source reference provided. Recommend citing the grammar for this feature.'
isco1239,BATCH,GB409_10,1,,MISSING_SOURCE,'No source reference provided. Recommend citing the grammar for this feature.'
isco1239,BATCH,GB409_11,0,,MISSING_SOURCE,'No source reference provided. Recommend citing the grammar for this feature.'
isco1239,BATCH,GB409_12,1,,MISSING_SOURCE,'No source reference provided. Recommend citing the grammar for this feature.'
isco1239,BATCH,GB409_13,0,,MISSING_SOURCE,'No source reference provided. Recommend citing the grammar for this feature.'
isco1239,BATCH,GB409_14,1,,MISSING_SOURCE,'No source reference provided. Recommend citing the grammar for this feature.'
isco1239,BATCH,GB409_15,1,,MISSING_SOURCE,'No source reference provided. Recommend citing the grammar for this feature.'
isco1239,BATCH,GB409_16,1,,MISSING_SOURCE,'No source reference provided. Recommend citing the grammar for this feature.'
isco1239,BATCH,GB409_17,1,,MISSING_SOURCE,'No source reference provided. Recommend citing the grammar for this feature.'
isco1239,BATCH,GB409_18,1,,MISSING_SOURCE,'No source reference provided. Recommend citing the grammar for this feature.'
isco1239,BATCH,GB409_19,1,,MISSING_SOURCE,'No source reference provided. Recommend citing the grammar for this feature.'
isco1239,BATCH,GB409_20,1,,MISSING_SOURCE,'No source reference provided. Recommend citing the grammar for this feature.'
isco1239,BATCH,GB409_21,1,,MISSING_SOURCE,'No source reference provided. Recommend citing the grammar for this feature.'
isco1239,BATCH,GB409_22,1,,MISSING_SOURCE,'No source reference provided. Recommend citing the grammar for this feature.'
isco1239,BATCH,GB409_23,1,,MISSING_SOURCE,'No source reference provided. Recommend citing the grammar for this feature.'
isco1239,BATCH,GB409_24,0,,MISSING_SOURCE,'No source reference provided. Recommend citing the grammar for this feature.'
isin1239,BATCH,GB409_22,?,,MISSING_VALUE,'Value not resolved ("?"). Researcher must determine correct coding from the grammar source.'
iwam1256,BATCH,GB409_11,?,,MISSING_VALUE,'Value not resolved ("?"). Researcher must determine correct coding from the grammar source.'
iwam1256,BATCH,GB409_21,?,,MISSING_VALUE,'Value not resolved ("?"). Researcher must determine correct coding from the grammar source.'
japh1234,BATCH,GB409_6,?,,MISSING_VALUE,'Value not resolved ("?"). Researcher must determine correct coding from the grammar source.'
japh1234,BATCH,GB409_8,?,,MISSING_VALUE,'Value not resolved ("?"). Researcher must determine correct coding from the grammar source.'
japh1234,BATCH,GB409_11,?,,MISSING_VALUE,'Value not resolved ("?"). Researcher must determine correct coding from the grammar source.'
japh1234,BATCH,GB409_13,?,,MISSING_VALUE,'Value not resolved ("?"). Researcher must determine correct coding from the grammar source.'
japh1234,BATCH,GB409_14,?,,MISSING_VALUE,'Value not resolved ("?"). Researcher must determine correct coding from the grammar source.'
japh1234,BATCH,GB409_15,?,,MISSING_VALUE,'Value not resolved ("?"). Researcher must determine correct coding from the grammar source.'
japh1234,BATCH,GB409_16,?,,MISSING_VALUE,'Value not resolved ("?"). Researcher must determine correct coding from the grammar source.'
japh1234,BATCH,GB409_17,?,,MISSING_VALUE,'Value not resolved ("?"). Researcher must determine correct coding from the grammar source.'
japh1234,BATCH,GB409_20,1,,MISSING_SOURCE,'No source reference provided. Recommend citing the grammar for this feature.'
japh1234,BATCH,GB409_21,?,,MISSING_VALUE,'Value not resolved ("?"). Researcher must determine correct coding from the grammar source.'
japh1234,BATCH,GB409_22,?,,MISSING_VALUE,'Value not resolved ("?"). Researcher must determine correct coding from the grammar source.'
jaru1254,BATCH,GB409_21,?,,MISSING_VALUE,'Value not resolved ("?"). Researcher must determine correct coding from the grammar source.'
jaru1254,BATCH,GB409_22,?,,MISSING_VALUE,'Value not resolved ("?"). Researcher must determine correct coding from the grammar source.'
jeru1240,BATCH,GB409_15,?,,MISSING_VALUE,'Value not resolved ("?"). Researcher must determine correct coding from the grammar source.'
jeru1240,BATCH,GB409_17,?,,MISSING_VALUE,'Value not resolved ("?"). Researcher must determine correct coding from the grammar source.'
jeru1240,BATCH,GB409_21,?,,MISSING_VALUE,'Value not resolved ("?"). Researcher must determine correct coding from the grammar source.'
kaba1278,BATCH,GB409_15,?,,MISSING_VALUE,'Value not resolved ("?"). Researcher must determine correct coding from the grammar source.'
kaba1278,BATCH,GB409_17,?,,MISSING_VALUE,'Value not resolved ("?"). Researcher must determine correct coding from the grammar source.'
kaba1278,BATCH,GB409_22,?,,MISSING_VALUE,'Value not resolved ("?"). Researcher must determine correct coding from the grammar source.'
kaba1278,BATCH,GB409_23,?,,MISSING_VALUE,'Value not resolved ("?"). Researcher must determine correct coding from the grammar source.'
kaga1256,BATCH,GB409_21,?,,MISSING_VALUE,'Value not resolved ("?"). Researcher must determine correct coding from the grammar source.'
kaik1246,BATCH,GB409_15,?,,MISSING_VALUE,'Value not resolved ("?"). Researcher must determine correct coding from the grammar source.'
kaik1246,BATCH,GB409_17,?,,MISSING_VALUE,'Value not resolved ("?"). Researcher must determine correct coding from the grammar source.'
kaik1246,BATCH,GB409_21,?,,MISSING_VALUE,'Value not resolved ("?"). Researcher must determine correct coding from the grammar source.'
kaik1246,BATCH,GB409_22,?,,MISSING_VALUE,'Value not resolved ("?"). Researcher must determine correct coding from the grammar source.'
kaki1249,BATCH,GB409_1,?,,MISSING_VALUE,'Value not resolved ("?"). Researcher must determine correct coding from the grammar source.'
kaki1249,BATCH,GB409_9,?,,MISSING_VALUE,'Value not resolved ("?"). Researcher must determine correct coding from the grammar source.'
kaki1249,BATCH,GB409_13,?,,MISSING_VALUE,'Value not resolved ("?"). Researcher must determine correct coding from the grammar source.'
kaki1249,BATCH,GB409_15,?,,MISSING_VALUE,'Value not resolved ("?"). Researcher must determine correct coding from the grammar source.'
kaki1249,BATCH,GB409_17,?,,MISSING_VALUE,'Value not resolved ("?"). Researcher must determine correct coding from the grammar source.'
kaki1249,BATCH,GB409_21,?,,MISSING_VALUE,'Value not resolved ("?"). Researcher must determine correct coding from the grammar source.'
kaki1249,BATCH,GB409_22,?,,MISSING_VALUE,'Value not resolved ("?"). Researcher must determine correct coding from the grammar source.'
kaki1249,BATCH,GB409_23,?,,MISSING_VALUE,'Value not resolved ("?"). Researcher must determine correct coding from the grammar source.'
kaki1249,BATCH,GB409_24,?,,MISSING_VALUE,'Value not resolved ("?"). Researcher must determine correct coding from the grammar source.'
kalk1246,BATCH,GB409_21,?,,MISSING_VALUE,'Value not resolved ("?"). Researcher must determine correct coding from the grammar source.'
kalk1246,BATCH,GB409_22,?,,MISSING_VALUE,'Value not resolved ("?"). Researcher must determine correct coding from the grammar source.'
kamu1260,BATCH,GB409_13,?,,MISSING_VALUE,'Value not resolved ("?"). Researcher must determine correct coding from the grammar source.'
kamu1260,BATCH,GB409_15,?,,MISSING_VALUE,'Value not resolved ("?"). Researcher must determine correct coding from the grammar source.'
kamu1260,BATCH,GB409_17,?,,MISSING_VALUE,'Value not resolved ("?"). Researcher must determine correct coding from the grammar source.'
kamu1260,BATCH,GB409_21,?,,MISSING_VALUE,'Value not resolved ("?"). Researcher must determine correct coding from the grammar source.'
kamu1260,BATCH,GB409_23,?,,MISSING_VALUE,'Value not resolved ("?"). Researcher must determine correct coding from the grammar source.'
kank1243,BATCH,GB409_9,?,,MISSING_VALUE,'Value not resolved ("?"). Researcher must determine correct coding from the grammar source.'
kank1243,BATCH,GB409_13,?,,MISSING_VALUE,'Value not resolved ("?"). Researcher must determine correct coding from the grammar source.'
kank1243,BATCH,GB409_19,?,,MISSING_VALUE,'Value not resolved ("?"). Researcher must determine correct coding from the grammar source.'
kank1243,BATCH,GB409_21,1,,MISSING_SOURCE,'No source reference provided. Recommend citing the grammar for this feature.'
kank1243,BATCH,GB409_22,?,,MISSING_VALUE,'Value not resolved ("?"). Researcher must determine correct coding from the grammar source.'
kara1487,BATCH,GB409_21,?,,MISSING_VALUE,'Value not resolved ("?"). Researcher must determine correct coding from the grammar source.'
kara1487,BATCH,GB409_22,?,,MISSING_VALUE,'Value not resolved ("?"). Researcher must determine correct coding from the grammar source.'
kara1500,BATCH,GB409_2,?,,MISSING_VALUE,'Value not resolved ("?"). Researcher must determine correct coding from the grammar source.'
kara1500,BATCH,GB409_3,?,,MISSING_VALUE,'Value not resolved ("?"). Researcher must determine correct coding from the grammar source.'
kara1500,BATCH,GB409_4,?,,MISSING_VALUE,'Value not resolved ("?"). Researcher must determine correct coding from the grammar source.'
kara1500,BATCH,GB409_5,?,,MISSING_VALUE,'Value not resolved ("?"). Researcher must determine correct coding from the grammar source.'
kara1500,BATCH,GB409_6,?,,MISSING_VALUE,'Value not resolved ("?"). Researcher must determine correct coding from the grammar source.'
kara1500,BATCH,GB409_7,?,,MISSING_VALUE,'Value not resolved ("?"). Researcher must determine correct coding from the grammar source.'
kara1500,BATCH,GB409_8,?,,MISSING_VALUE,'Value not resolved ("?"). Researcher must determine correct coding from the grammar source.'
kara1500,BATCH,GB409_9,?,,MISSING_VALUE,'Value not resolved ("?"). Researcher must determine correct coding from the grammar source.'
kara1500,BATCH,GB409_10,?,,MISSING_VALUE,'Value not resolved ("?"). Researcher must determine correct coding from the grammar source.'
kara1500,BATCH,GB409_11,?,,MISSING_VALUE,'Value not resolved ("?"). Researcher must determine correct coding from the grammar source.'
kara1500,BATCH,GB409_12,?,,MISSING_VALUE,'Value not resolved ("?"). Researcher must determine correct coding from the grammar source.'
kara1500,BATCH,GB409_13,?,,MISSING_VALUE,'Value not resolved ("?"). Researcher must determine correct coding from the grammar source.'
kara1500,BATCH,GB409_14,?,,MISSING_VALUE,'Value not resolved ("?"). Researcher must determine correct coding from the grammar source.'
kara1500,BATCH,GB409_15,?,,MISSING_VALUE,'Value not resolved ("?"). Researcher must determine correct coding from the grammar source.'
kara1500,BATCH,GB409_16,?,,MISSING_VALUE,'Value not resolved ("?"). Researcher must determine correct coding from the grammar source.'
kara1500,BATCH,GB409_17,?,,MISSING_VALUE,'Value not resolved ("?"). Researcher must determine correct coding from the grammar source.'
kara1500,BATCH,GB409_18,?,,MISSING_VALUE,'Value not resolved ("?"). Researcher must determine correct coding from the grammar source.'
kara1500,BATCH,GB409_19,?,,MISSING_VALUE,'Value not resolved ("?"). Researcher must determine correct coding from the grammar source.'
kara1500,BATCH,GB409_20,?,,MISSING_VALUE,'Value not resolved ("?"). Researcher must determine correct coding from the grammar source.'
kara1500,BATCH,GB409_21,?,,MISSING_VALUE,'Value not resolved ("?"). Researcher must determine correct coding from the grammar source.'
kara1500,BATCH,GB409_22,?,,MISSING_VALUE,'Value not resolved ("?"). Researcher must determine correct coding from the grammar source.'
kara1500,BATCH,GB409_23,?,,MISSING_VALUE,'Value not resolved ("?"). Researcher must determine correct coding from the grammar source.'
kara1500,BATCH,GB409_24,?,,MISSING_VALUE,'Value not resolved ("?"). Researcher must determine correct coding from the grammar source.'
kari1254,BATCH,GB409_6,?,,MISSING_VALUE,'Value not resolved ("?"). Researcher must determine correct coding from the grammar source.'
kari1254,BATCH,GB409_13,?,,MISSING_VALUE,'Value not resolved ("?"). Researcher must determine correct coding from the grammar source.'
kari1254,BATCH,GB409_19,?,,MISSING_VALUE,'Value not resolved ("?"). Researcher must determine correct coding from the grammar source.'
kari1254,BATCH,GB409_21,?,,MISSING_VALUE,'Value not resolved ("?"). Researcher must determine correct coding from the grammar source.'
kari1254,BATCH,GB409_22,?,,MISSING_VALUE,'Value not resolved ("?"). Researcher must determine correct coding from the grammar source.'
katu1276,BATCH,GB409_6,?,,MISSING_VALUE,'Value not resolved ("?"). Researcher must determine correct coding from the grammar source.'
katu1276,BATCH,GB409_9,?,,MISSING_VALUE,'Value not resolved ("?"). Researcher must determine correct coding from the grammar source.'
katu1276,BATCH,GB409_11,?,,MISSING_VALUE,'Value not resolved ("?"). Researcher must determine correct coding from the grammar source.'
katu1276,BATCH,GB409_13,?,,MISSING_VALUE,'Value not resolved ("?"). Researcher must determine correct coding from the grammar source.'
katu1276,BATCH,GB409_15,?,,MISSING_VALUE,'Value not resolved ("?"). Researcher must determine correct coding from the grammar source.'
katu1276,BATCH,GB409_17,?,,MISSING_VALUE,'Value not resolved ("?"). Researcher must determine correct coding from the grammar source.'
katu1276,BATCH,GB409_19,?,,MISSING_VALUE,'Value not resolved ("?"). Researcher must determine correct coding from the grammar source.'
katu1276,BATCH,GB409_21,?,,MISSING_VALUE,'Value not resolved ("?"). Researcher must determine correct coding from the grammar source.'
katu1276,BATCH,GB409_22,?,,MISSING_VALUE,'Value not resolved ("?"). Researcher must determine correct coding from the grammar source.'
lipo1242,BATCH,GB409_22,0,,MISSING_SOURCE,'No source reference provided. Recommend citing the grammar for this feature.'
lipo1242,BATCH,GB409_23,0,,MISSING_SOURCE,'No source reference provided. Recommend citing the grammar for this feature.'
lipo1242,BATCH,GB409_24,0,,MISSING_SOURCE,'No source reference provided. Recommend citing the grammar for this feature.'
mang1381,BATCH,GB409_6,1,,MISSING_SOURCE,'No source reference provided. Recommend citing the grammar for this feature.'
mang1381,BATCH,GB409_7,1,,MISSING_SOURCE,'No source reference provided. Recommend citing the grammar for this feature.'
mang1381,BATCH,GB409_8,1,,MISSING_SOURCE,'No source reference provided. Recommend citing the grammar for this feature.'
mang1381,BATCH,GB409_9,1,,MISSING_SOURCE,'No source reference provided. Recommend citing the grammar for this feature.'
mang1381,BATCH,GB409_10,1,,MISSING_SOURCE,'No source reference provided. Recommend citing the grammar for this feature.'
mang1381,BATCH,GB409_11,1,,MISSING_SOURCE,'No source reference provided. Recommend citing the grammar for this feature.'
mang1381,BATCH,GB409_12,1,,MISSING_SOURCE,'No source reference provided. Recommend citing the grammar for this feature.'
mang1381,BATCH,GB409_13,1,,MISSING_SOURCE,'No source reference provided. Recommend citing the grammar for this feature.'
mang1381,BATCH,GB409_14,1,,MISSING_SOURCE,'No source reference provided. Recommend citing the grammar for this feature.'
mang1381,BATCH,GB409_15,1,,MISSING_SOURCE,'No source reference provided. Recommend citing the grammar for this feature.'
mang1381,BATCH,GB409_16,1,,MISSING_SOURCE,'No source reference provided. Recommend citing the grammar for this feature.'
mang1381,BATCH,GB409_17,1,,MISSING_SOURCE,'No source reference provided. Recommend citing the grammar for this feature.'
mang1381,BATCH,GB409_20,1,,MISSING_SOURCE,'No source reference provided. Recommend citing the grammar for this feature.'
mang1381,BATCH,GB409_21,1,,MISSING_SOURCE,'No source reference provided. Recommend citing the grammar for this feature.'
mang1381,BATCH,GB409_22,0,,MISSING_SOURCE,'No source reference provided. Recommend citing the grammar for this feature.'
mang1381,BATCH,GB409_23,0,,MISSING_SOURCE,'No source reference provided. Recommend citing the grammar for this feature.'
mang1405,BATCH,GB409_1,0,,MISSING_SOURCE,'No source reference provided. Recommend citing the grammar for this feature.'
mang1405,BATCH,GB409_6,1,,MISSING_SOURCE,'No source reference provided. Recommend citing the grammar for this feature.'
mang1405,BATCH,GB409_16,1,,MISSING_SOURCE,'No source reference provided. Recommend citing the grammar for this feature.'
mang1405,BATCH,GB409_17,1,,MISSING_SOURCE,'No source reference provided. Recommend citing the grammar for this feature.'
mang1405,BATCH,GB409_19,?,,MISSING_VALUE,'Value not resolved ("?"). Researcher must determine correct coding from the grammar source.'
mang1405,BATCH,GB409_23,0,,MISSING_SOURCE,'No source reference provided. Recommend citing the grammar for this feature.'
maor1246,BATCH,GB409_3,?,,MISSING_VALUE,'Value not resolved ("?"). Researcher must determine correct coding from the grammar source.'
maor1246,BATCH,GB409_4,?,,MISSING_VALUE,'Value not resolved ("?"). Researcher must determine correct coding from the grammar source.'
maor1246,BATCH,GB409_9,?,,MISSING_VALUE,'Value not resolved ("?"). Researcher must determine correct coding from the grammar source.'
maor1246,BATCH,GB409_15,?,,MISSING_VALUE,'Value not resolved ("?"). Researcher must determine correct coding from the grammar source.'
maor1246,BATCH,GB409_19,?,,MISSING_VALUE,'Value not resolved ("?"). Researcher must determine correct coding from the grammar source.'
maor1246,BATCH,GB409_24,0,,MISSING_SOURCE,'No source reference provided. Recommend citing the grammar for this feature.'
mara1378,BATCH,GB409_11,?,,MISSING_VALUE,'Value not resolved ("?"). Researcher must determine correct coding from the grammar source.'
mara1378,BATCH,GB409_15,?,,MISSING_VALUE,'Value not resolved ("?"). Researcher must determine correct coding from the grammar source.'
mara1378,BATCH,GB409_16,1,,MISSING_SOURCE,'No source reference provided. Recommend citing the grammar for this feature.'
mara1378,BATCH,GB409_17,1,,MISSING_SOURCE,'No source reference provided. Recommend citing the grammar for this feature.'
mara1378,BATCH,GB409_21,?,,MISSING_VALUE,'Value not resolved ("?"). Researcher must determine correct coding from the grammar source.'
mara1378,BATCH,GB409_22,0,,MISSING_SOURCE,'No source reference provided. Recommend citing the grammar for this feature.'
mara1378,BATCH,GB409_23,0,,MISSING_SOURCE,'No source reference provided. Recommend citing the grammar for this feature.'
mara1378,BATCH,GB409_24,1,,MISSING_SOURCE,'No source reference provided. Recommend citing the grammar for this feature.'
marg1253,BATCH,GB409_16,1,,MISSING_SOURCE,'No source reference provided. Recommend citing the grammar for this feature.'
marg1253,BATCH,GB409_17,1,,MISSING_SOURCE,'No source reference provided. Recommend citing the grammar for this feature.'
marg1253,BATCH,GB409_19,?,,MISSING_VALUE,'Value not resolved ("?"). Researcher must determine correct coding from the grammar source.'
marg1253,BATCH,GB409_21,?,,MISSING_VALUE,'Value not resolved ("?"). Researcher must determine correct coding from the grammar source.'
marg1253,BATCH,GB409_22,0,,MISSING_SOURCE,'No source reference provided. Recommend citing the grammar for this feature.'
marg1253,BATCH,GB409_23,0,,MISSING_SOURCE,'No source reference provided. Recommend citing the grammar for this feature.'
mari1416,BATCH,GB409_17,1,,MISSING_SOURCE,'No source reference provided. Recommend citing the grammar for this feature.'
mari1416,BATCH,GB409_19,?,,MISSING_VALUE,'Value not resolved ("?"). Researcher must determine correct coding from the grammar source.'
mari1416,BATCH,GB409_22,0,,MISSING_SOURCE,'No source reference provided. Recommend citing the grammar for this feature.'
mari1416,BATCH,GB409_23,0,,MISSING_SOURCE,'No source reference provided. Recommend citing the grammar for this feature.'
mari1424,BATCH,GB409_1,0,,MISSING_SOURCE,'No source reference provided. Recommend citing the grammar for this feature.'
mari1424,BATCH,GB409_3,1,,MISSING_SOURCE,'No source reference provided. Recommend citing the grammar for this feature.'
mari1424,BATCH,GB409_17,1,,MISSING_SOURCE,'No source reference provided. Recommend citing the grammar for this feature.'
mari1424,BATCH,GB409_21,1,,MISSING_SOURCE,'No source reference provided. Recommend citing the grammar for this feature.'
mari1424,BATCH,GB409_23,0,,MISSING_SOURCE,'No source reference provided. Recommend citing the grammar for this feature.'
masb1238,BATCH,GB409_16,1,,MISSING_SOURCE,'No source reference provided. Recommend citing the grammar for this feature.'
masb1238,BATCH,GB409_17,1,,MISSING_SOURCE,'No source reference provided. Recommend citing the grammar for this feature.'
masb1238,BATCH,GB409_22,0,,MISSING_SOURCE,'No source reference provided. Recommend citing the grammar for this feature.'
masb1238,BATCH,GB409_24,0,,MISSING_SOURCE,'No source reference provided. Recommend citing the grammar for this feature.'
mati1255,BATCH,GB409_1,0,,MISSING_SOURCE,'No source reference provided. Recommend citing the grammar for this feature.'
mati1255,BATCH,GB409_2,1,,MISSING_SOURCE,'No source reference provided. Recommend citing the grammar for this feature.'
mati1255,BATCH,GB409_3,0,,MISSING_SOURCE,'No source reference provided. Recommend citing the grammar for this feature.'
mati1255,BATCH,GB409_4,0,,MISSING_SOURCE,'No source reference provided. Recommend citing the grammar for this feature.'
mati1255,BATCH,GB409_5,1,,MISSING_SOURCE,'No source reference provided. Recommend citing the grammar for this feature.'
mati1255,BATCH,GB409_6,1,,MISSING_SOURCE,'No source reference provided. Recommend citing the grammar for this feature.'
mati1255,BATCH,GB409_7,1,,MISSING_SOURCE,'No source reference provided. Recommend citing the grammar for this feature.'
mati1255,BATCH,GB409_8,1,,MISSING_SOURCE,'No source reference provided. Recommend citing the grammar for this feature.'
mati1255,BATCH,GB409_9,1,,MISSING_SOURCE,'No source reference provided. Recommend citing the grammar for this feature.'
mati1255,BATCH,GB409_10,1,,MISSING_SOURCE,'No source reference provided. Recommend citing the grammar for this feature.'
mati1255,BATCH,GB409_11,1,,MISSING_SOURCE,'No source reference provided. Recommend citing the grammar for this feature.'
mati1255,BATCH,GB409_12,1,,MISSING_SOURCE,'No source reference provided. Recommend citing the grammar for this feature.'
mati1255,BATCH,GB409_13,1,,MISSING_SOURCE,'No source reference provided. Recommend citing the grammar for this feature.'
mati1255,BATCH,GB409_14,1,,MISSING_SOURCE,'No source reference provided. Recommend citing the grammar for this feature.'
mati1255,BATCH,GB409_15,1,,MISSING_SOURCE,'No source reference provided. Recommend citing the grammar for this feature.'
mati1255,BATCH,GB409_16,1,,MISSING_SOURCE,'No source reference provided. Recommend citing the grammar for this feature.'
mati1255,BATCH,GB409_17,1,,MISSING_SOURCE,'No source reference provided. Recommend citing the grammar for this feature.'
mati1255,BATCH,GB409_18,1,,MISSING_SOURCE,'No source reference provided. Recommend citing the grammar for this feature.'
mati1255,BATCH,GB409_19,1,,MISSING_SOURCE,'No source reference provided. Recommend citing the grammar for this feature.'
mati1255,BATCH,GB409_20,1,,MISSING_SOURCE,'No source reference provided. Recommend citing the grammar for this feature.'
mati1255,BATCH,GB409_21,1,,MISSING_SOURCE,'No source reference provided. Recommend citing the grammar for this feature.'
mati1255,BATCH,GB409_22,1,,MISSING_SOURCE,'No source reference provided. Recommend citing the grammar for this feature.'
mati1255,BATCH,GB409_23,1,,MISSING_SOURCE,'No source reference provided. Recommend citing the grammar for this feature.'
mati1255,BATCH,GB409_24,1,,MISSING_SOURCE,'No source reference provided. Recommend citing the grammar for this feature.'
mats1244,BATCH,GB409_1,0,,MISSING_SOURCE,'No source reference provided. Recommend citing the grammar for this feature.'
mats1244,BATCH,GB409_2,1,,MISSING_SOURCE,'No source reference provided. Recommend citing the grammar for this feature.'
mats1244,BATCH,GB409_3,1,,MISSING_SOURCE,'No source reference provided. Recommend citing the grammar for this feature.'
mats1244,BATCH,GB409_4,1,,MISSING_SOURCE,'No source reference provided. Recommend citing the grammar for this feature.'
mats1244,BATCH,GB409_5,1,,MISSING_SOURCE,'No source reference provided. Recommend citing the grammar for this feature.'
mats1244,BATCH,GB409_6,1,,MISSING_SOURCE,'No source reference provided. Recommend citing the grammar for this feature.'
mats1244,BATCH,GB409_7,1,,MISSING_SOURCE,'No source reference provided. Recommend citing the grammar for this feature.'
mats1244,BATCH,GB409_8,1,,MISSING_SOURCE,'No source reference provided. Recommend citing the grammar for this feature.'
mats1244,BATCH,GB409_9,1,,MISSING_SOURCE,'No source reference provided. Recommend citing the grammar for this feature.'
mats1244,BATCH,GB409_10,1,,MISSING_SOURCE,'No source reference provided. Recommend citing the grammar for this feature.'
mats1244,BATCH,GB409_11,1,,MISSING_SOURCE,'No source reference provided. Recommend citing the grammar for this feature.'
mats1244,BATCH,GB409_12,1,,MISSING_SOURCE,'No source reference provided. Recommend citing the grammar for this feature.'
mats1244,BATCH,GB409_13,1,,MISSING_SOURCE,'No source reference provided. Recommend citing the grammar for this feature.'
mats1244,BATCH,GB409_14,1,,MISSING_SOURCE,'No source reference provided. Recommend citing the grammar for this feature.'
mats1244,BATCH,GB409_15,1,,MISSING_SOURCE,'No source reference provided. Recommend citing the grammar for this feature.'
mats1244,BATCH,GB409_16,1,,MISSING_SOURCE,'No source reference provided. Recommend citing the grammar for this feature.'
mats1244,BATCH,GB409_17,1,,MISSING_SOURCE,'No source reference provided. Recommend citing the grammar for this feature.'
mats1244,BATCH,GB409_18,1,,MISSING_SOURCE,'No source reference provided. Recommend citing the grammar for this feature.'
mats1244,BATCH,GB409_19,1,,MISSING_SOURCE,'No source reference provided. Recommend citing the grammar for this feature.'
mats1244,BATCH,GB409_20,1,,MISSING_SOURCE,'No source reference provided. Recommend citing the grammar for this feature.'
mats1244,BATCH,GB409_21,1,,MISSING_SOURCE,'No source reference provided. Recommend citing the grammar for this feature.'
mats1244,BATCH,GB409_22,1,,MISSING_SOURCE,'No source reference provided. Recommend citing the grammar for this feature.'
mats1244,BATCH,GB409_23,1,,MISSING_SOURCE,'No source reference provided. Recommend citing the grammar for this feature.'
mats1244,BATCH,GB409_24,1,,MISSING_SOURCE,'No source reference provided. Recommend citing the grammar for this feature.'
mayk1239,BATCH,GB409_11,?,,MISSING_VALUE,'Value not resolved ("?"). Researcher must determine correct coding from the grammar source.'
mayk1239,BATCH,GB409_16,1,,MISSING_SOURCE,'No source reference provided. Recommend citing the grammar for this feature.'
mayk1239,BATCH,GB409_17,1,,MISSING_SOURCE,'No source reference provided. Recommend citing the grammar for this feature.'
mayk1239,BATCH,GB409_21,?,,MISSING_VALUE,'Value not resolved ("?"). Researcher must determine correct coding from the grammar source.'
mayk1239,BATCH,GB409_22,0,,MISSING_SOURCE,'No source reference provided. Recommend citing the grammar for this feature.'
mayk1239,BATCH,GB409_23,0,,MISSING_SOURCE,'No source reference provided. Recommend citing the grammar for this feature.'
melp1238,BATCH,GB409_1,0,,MISSING_SOURCE,'No source reference provided. Recommend citing the grammar for this feature.'
melp1238,BATCH,GB409_2,1,,MISSING_SOURCE,'No source reference provided. Recommend citing the grammar for this feature.'
melp1238,BATCH,GB409_3,1,,MISSING_SOURCE,'No source reference provided. Recommend citing the grammar for this feature.'
melp1238,BATCH,GB409_4,1,,MISSING_SOURCE,'No source reference provided. Recommend citing the grammar for this feature.'
melp1238,BATCH,GB409_5,1,,MISSING_SOURCE,'No source reference provided. Recommend citing the grammar for this feature.'
melp1238,BATCH,GB409_6,1,,MISSING_SOURCE,'No source reference provided. Recommend citing the grammar for this feature.'
melp1238,BATCH,GB409_7,1,,MISSING_SOURCE,'No source reference provided. Recommend citing the grammar for this feature.'
melp1238,BATCH,GB409_8,1,,MISSING_SOURCE,'No source reference provided. Recommend citing the grammar for this feature.'
melp1238,BATCH,GB409_9,1,,MISSING_SOURCE,'No source reference provided. Recommend citing the grammar for this feature.'
melp1238,BATCH,GB409_10,1,,MISSING_SOURCE,'No source reference provided. Recommend citing the grammar for this feature.'
melp1238,BATCH,GB409_11,1,,MISSING_SOURCE,'No source reference provided. Recommend citing the grammar for this feature.'
melp1238,BATCH,GB409_12,1,,MISSING_SOURCE,'No source reference provided. Recommend citing the grammar for this feature.'
melp1238,BATCH,GB409_13,?,,MISSING_VALUE,'Value not resolved ("?"). Researcher must determine correct coding from the grammar source.'
melp1238,BATCH,GB409_14,1,,MISSING_SOURCE,'No source reference provided. Recommend citing the grammar for this feature.'
melp1238,BATCH,GB409_15,?,,MISSING_VALUE,'Value not resolved ("?"). Researcher must determine correct coding from the grammar source.'
melp1238,BATCH,GB409_16,?,,MISSING_VALUE,'Value not resolved ("?"). Researcher must determine correct coding from the grammar source.'
melp1238,BATCH,GB409_17,?,,MISSING_VALUE,'Value not resolved ("?"). Researcher must determine correct coding from the grammar source.'
melp1238,BATCH,GB409_18,1,,MISSING_SOURCE,'No source reference provided. Recommend citing the grammar for this feature.'
melp1238,BATCH,GB409_19,1,,MISSING_SOURCE,'No source reference provided. Recommend citing the grammar for this feature.'
melp1238,BATCH,GB409_20,1,,MISSING_SOURCE,'No source reference provided. Recommend citing the grammar for this feature.'
melp1238,BATCH,GB409_21,?,,MISSING_VALUE,'Value not resolved ("?"). Researcher must determine correct coding from the grammar source.'
melp1238,BATCH,GB409_22,1,,MISSING_SOURCE,'No source reference provided. Recommend citing the grammar for this feature.'
melp1238,BATCH,GB409_23,?,,MISSING_VALUE,'Value not resolved ("?"). Researcher must determine correct coding from the grammar source.'
melp1238,BATCH,GB409_24,1,,MISSING_SOURCE,'No source reference provided. Recommend citing the grammar for this feature.'
mono1273,BATCH,GB409_1,1,,MISSING_SOURCE,'No source reference provided. Recommend citing the grammar for this feature.'
mono1273,BATCH,GB409_2,1,,MISSING_SOURCE,'No source reference provided. Recommend citing the grammar for this feature.'
mono1273,BATCH,GB409_3,1,,MISSING_SOURCE,'No source reference provided. Recommend citing the grammar for this feature.'
mono1273,BATCH,GB409_4,1,,MISSING_SOURCE,'No source reference provided. Recommend citing the grammar for this feature.'
mono1273,BATCH,GB409_5,1,,MISSING_SOURCE,'No source reference provided. Recommend citing the grammar for this feature.'
mono1273,BATCH,GB409_6,1,,MISSING_SOURCE,'No source reference provided. Recommend citing the grammar for this feature.'
mono1273,BATCH,GB409_7,?,,MISSING_VALUE,'Value not resolved ("?"). Researcher must determine correct coding from the grammar source.'
mono1273,BATCH,GB409_8,0,,MISSING_SOURCE,'No source reference provided. Recommend citing the grammar for this feature.'
mono1273,BATCH,GB409_9,0,,MISSING_SOURCE,'No source reference provided. Recommend citing the grammar for this feature.'
mono1273,BATCH,GB409_10,?,,MISSING_VALUE,'Value not resolved ("?"). Researcher must determine correct coding from the grammar source.'
mono1273,BATCH,GB409_11,?,,MISSING_VALUE,'Value not resolved ("?"). Researcher must determine correct coding from the grammar source.'
mono1273,BATCH,GB409_12,1,,MISSING_SOURCE,'No source reference provided. Recommend citing the grammar for this feature.'
mono1273,BATCH,GB409_13,1,,MISSING_SOURCE,'No source reference provided. Recommend citing the grammar for this feature.'
mono1273,BATCH,GB409_14,1,,MISSING_SOURCE,'No source reference provided. Recommend citing the grammar for this feature.'
mono1273,BATCH,GB409_15,?,,MISSING_VALUE,'Value not resolved ("?"). Researcher must determine correct coding from the grammar source.'
mono1273,BATCH,GB409_16,?,,MISSING_VALUE,'Value not resolved ("?"). Researcher must determine correct coding from the grammar source.'
mono1273,BATCH,GB409_17,?,,MISSING_VALUE,'Value not resolved ("?"). Researcher must determine correct coding from the grammar source.'
mono1273,BATCH,GB409_18,1,,MISSING_SOURCE,'No source reference provided. Recommend citing the grammar for this feature.'
mono1273,BATCH,GB409_19,?,,MISSING_VALUE,'Value not resolved ("?"). Researcher must determine correct coding from the grammar source.'
mono1273,BATCH,GB409_20,1,,MISSING_SOURCE,'No source reference provided. Recommend citing the grammar for this feature.'
mono1273,BATCH,GB409_21,1,,MISSING_SOURCE,'No source reference provided. Recommend citing the grammar for this feature.'
mono1273,BATCH,GB409_22,1,,MISSING_SOURCE,'No source reference provided. Recommend citing the grammar for this feature.'
mono1273,BATCH,GB409_23,0,,MISSING_SOURCE,'No source reference provided. Recommend citing the grammar for this feature.'
mono1273,BATCH,GB409_24,0,,MISSING_SOURCE,'No source reference provided. Recommend citing the grammar for this feature.'
moro1289,BATCH,GB409_1,1,,MISSING_SOURCE,'No source reference provided. Recommend citing the grammar for this feature.'
moro1289,BATCH,GB409_2,1,,MISSING_SOURCE,'No source reference provided. Recommend citing the grammar for this feature.'
moro1289,BATCH,GB409_3,?,,MISSING_VALUE,'Value not resolved ("?"). Researcher must determine correct coding from the grammar source.'
moro1289,BATCH,GB409_4,?,,MISSING_VALUE,'Value not resolved ("?"). Researcher must determine correct coding from the grammar source.'
moro1289,BATCH,GB409_5,1,,MISSING_SOURCE,'No source reference provided. Recommend citing the grammar for this feature.'
moro1289,BATCH,GB409_6,?,,MISSING_VALUE,'Value not resolved ("?"). Researcher must determine correct coding from the grammar source.'
moro1289,BATCH,GB409_7,?,,MISSING_VALUE,'Value not resolved ("?"). Researcher must determine correct coding from the grammar source.'
moro1289,BATCH,GB409_8,1,,MISSING_SOURCE,'No source reference provided. Recommend citing the grammar for this feature.'
moro1289,BATCH,GB409_9,?,,MISSING_VALUE,'Value not resolved ("?"). Researcher must determine correct coding from the grammar source.'
moro1289,BATCH,GB409_10,?,,MISSING_VALUE,'Value not resolved ("?"). Researcher must determine correct coding from the grammar source.'
moro1289,BATCH,GB409_11,?,,MISSING_VALUE,'Value not resolved ("?"). Researcher must determine correct coding from the grammar source.'
moro1289,BATCH,GB409_12,?,,MISSING_VALUE,'Value not resolved ("?"). Researcher must determine correct coding from the grammar source.'
moro1289,BATCH,GB409_13,?,,MISSING_VALUE,'Value not resolved ("?"). Researcher must determine correct coding from the grammar source.'
moro1289,BATCH,GB409_14,?,,MISSING_VALUE,'Value not resolved ("?"). Researcher must determine correct coding from the grammar source.'
moro1289,BATCH,GB409_15,?,,MISSING_VALUE,'Value not resolved ("?"). Researcher must determine correct coding from the grammar source.'
moro1289,BATCH,GB409_16,?,,MISSING_VALUE,'Value not resolved ("?"). Researcher must determine correct coding from the grammar source.'
moro1289,BATCH,GB409_17,?,,MISSING_VALUE,'Value not resolved ("?"). Researcher must determine correct coding from the grammar source.'
moro1289,BATCH,GB409_18,?,,MISSING_VALUE,'Value not resolved ("?"). Researcher must determine correct coding from the grammar source.'
moro1289,BATCH,GB409_19,?,,MISSING_VALUE,'Value not resolved ("?"). Researcher must determine correct coding from the grammar source.'
moro1289,BATCH,GB409_20,1,,MISSING_SOURCE,'No source reference provided. Recommend citing the grammar for this feature.'
moro1289,BATCH,GB409_21,?,,MISSING_VALUE,'Value not resolved ("?"). Researcher must determine correct coding from the grammar source.'
moro1289,BATCH,GB409_22,1,,MISSING_SOURCE,'No source reference provided. Recommend citing the grammar for this feature.'
moro1289,BATCH,GB409_23,?,,MISSING_VALUE,'Value not resolved ("?"). Researcher must determine correct coding from the grammar source.'
moro1289,BATCH,GB409_24,?,,MISSING_VALUE,'Value not resolved ("?"). Researcher must determine correct coding from the grammar source.'
munc1235,BATCH,GB409_1,0,,MISSING_SOURCE,'No source reference provided. Recommend citing the grammar for this feature.'
munc1235,BATCH,GB409_2,1,,MISSING_SOURCE,'No source reference provided. Recommend citing the grammar for this feature.'
munc1235,BATCH,GB409_3,1,,MISSING_SOURCE,'No source reference provided. Recommend citing the grammar for this feature.'
munc1235,BATCH,GB409_4,?,,MISSING_VALUE,'Value not resolved ("?"). Researcher must determine correct coding from the grammar source.'
munc1235,BATCH,GB409_5,1,,MISSING_SOURCE,'No source reference provided. Recommend citing the grammar for this feature.'
munc1235,BATCH,GB409_6,?,,MISSING_VALUE,'Value not resolved ("?"). Researcher must determine correct coding from the grammar source.'
munc1235,BATCH,GB409_7,?,,MISSING_VALUE,'Value not resolved ("?"). Researcher must determine correct coding from the grammar source.'
munc1235,BATCH,GB409_8,1,,MISSING_SOURCE,'No source reference provided. Recommend citing the grammar for this feature.'
munc1235,BATCH,GB409_9,1,,MISSING_SOURCE,'No source reference provided. Recommend citing the grammar for this feature.'
munc1235,BATCH,GB409_10,?,,MISSING_VALUE,'Value not resolved ("?"). Researcher must determine correct coding from the grammar source.'
munc1235,BATCH,GB409_11,?,,MISSING_VALUE,'Value not resolved ("?"). Researcher must determine correct coding from the grammar source.'
munc1235,BATCH,GB409_12,?,,MISSING_VALUE,'Value not resolved ("?"). Researcher must determine correct coding from the grammar source.'
munc1235,BATCH,GB409_13,1,,MISSING_SOURCE,'No source reference provided. Recommend citing the grammar for this feature.'
munc1235,BATCH,GB409_14,1,,MISSING_SOURCE,'No source reference provided. Recommend citing the grammar for this feature.'
munc1235,BATCH,GB409_15,1,,MISSING_SOURCE,'No source reference provided. Recommend citing the grammar for this feature.'
munc1235,BATCH,GB409_16,0,,MISSING_SOURCE,'No source reference provided. Recommend citing the grammar for this feature.'
munc1235,BATCH,GB409_17,1,,MISSING_SOURCE,'No source reference provided. Recommend citing the grammar for this feature.'
munc1235,BATCH,GB409_18,1,,MISSING_SOURCE,'No source reference provided. Recommend citing the grammar for this feature.'
munc1235,BATCH,GB409_19,1,,MISSING_SOURCE,'No source reference provided. Recommend citing the grammar for this feature.'
munc1235,BATCH,GB409_20,1,,MISSING_SOURCE,'No source reference provided. Recommend citing the grammar for this feature.'
munc1235,BATCH,GB409_21,1,,MISSING_SOURCE,'No source reference provided. Recommend citing the grammar for this feature.'
munc1235,BATCH,GB409_22,?,,MISSING_VALUE,'Value not resolved ("?"). Researcher must determine correct coding from the grammar source.'
munc1235,BATCH,GB409_23,0,,MISSING_SOURCE,'No source reference provided. Recommend citing the grammar for this feature.'
munc1235,BATCH,GB409_24,0,,MISSING_SOURCE,'No source reference provided. Recommend citing the grammar for this feature.'
muru1266,BATCH,GB409_1,0,,MISSING_SOURCE,'No source reference provided. Recommend citing the grammar for this feature.'
muru1266,BATCH,GB409_2,1,,MISSING_SOURCE,'No source reference provided. Recommend citing the grammar for this feature.'
muru1266,BATCH,GB409_3,1,,MISSING_SOURCE,'No source reference provided. Recommend citing the grammar for this feature.'
muru1266,BATCH,GB409_4,1,,MISSING_SOURCE,'No source reference provided. Recommend citing the grammar for this feature.'
muru1266,BATCH,GB409_5,1,,MISSING_SOURCE,'No source reference provided. Recommend citing the grammar for this feature.'
muru1266,BATCH,GB409_6,?,,MISSING_VALUE,'Value not resolved ("?"). Researcher must determine correct coding from the grammar source.'
muru1266,BATCH,GB409_7,1,,MISSING_SOURCE,'No source reference provided. Recommend citing the grammar for this feature.'
muru1266,BATCH,GB409_8,1,,MISSING_SOURCE,'No source reference provided. Recommend citing the grammar for this feature.'
muru1266,BATCH,GB409_9,1,,MISSING_SOURCE,'No source reference provided. Recommend citing the grammar for this feature.'
muru1266,BATCH,GB409_10,?,,MISSING_VALUE,'Value not resolved ("?"). Researcher must determine correct coding from the grammar source.'
muru1266,BATCH,GB409_11,1,,MISSING_SOURCE,'No source reference provided. Recommend citing the grammar for this feature.'
muru1266,BATCH,GB409_12,1,,MISSING_SOURCE,'No source reference provided. Recommend citing the grammar for this feature.'
muru1266,BATCH,GB409_13,?,,MISSING_VALUE,'Value not resolved ("?"). Researcher must determine correct coding from the grammar source.'
muru1266,BATCH,GB409_14,1,,MISSING_SOURCE,'No source reference provided. Recommend citing the grammar for this feature.'
muru1266,BATCH,GB409_15,?,,MISSING_VALUE,'Value not resolved ("?"). Researcher must determine correct coding from the grammar source.'
muru1266,BATCH,GB409_16,?,,MISSING_VALUE,'Value not resolved ("?"). Researcher must determine correct coding from the grammar source.'
muru1266,BATCH,GB409_17,?,,MISSING_VALUE,'Value not resolved ("?"). Researcher must determine correct coding from the grammar source.'
muru1266,BATCH,GB409_18,1,,MISSING_SOURCE,'No source reference provided. Recommend citing the grammar for this feature.'
muru1266,BATCH,GB409_19,0,,MISSING_SOURCE,'No source reference provided. Recommend citing the grammar for this feature.'
muru1266,BATCH,GB409_20,1,,MISSING_SOURCE,'No source reference provided. Recommend citing the grammar for this feature.'
muru1266,BATCH,GB409_21,1,,MISSING_SOURCE,'No source reference provided. Recommend citing the grammar for this feature.'
muru1266,BATCH,GB409_22,1,,MISSING_SOURCE,'No source reference provided. Recommend citing the grammar for this feature.'
muru1266,BATCH,GB409_23,0,,MISSING_SOURCE,'No source reference provided. Recommend citing the grammar for this feature.'
muru1266,BATCH,GB409_24,1,,MISSING_SOURCE,'No source reference provided. Recommend citing the grammar for this feature.'
nalc1240,BATCH,GB409_1,1,,MISSING_SOURCE,'No source reference provided. Recommend citing the grammar for this feature.'
nalc1240,BATCH,GB409_2,0,,MISSING_SOURCE,'No source reference provided. Recommend citing the grammar for this feature.'
nalc1240,BATCH,GB409_3,0,,MISSING_SOURCE,'No source reference provided. Recommend citing the grammar for this feature.'
nalc1240,BATCH,GB409_4,0,,MISSING_SOURCE,'No source reference provided. Recommend citing the grammar for this feature.'
nalc1240,BATCH,GB409_5,1,,MISSING_SOURCE,'No source reference provided. Recommend citing the grammar for this feature.'
nalc1240,BATCH,GB409_6,1,,MISSING_SOURCE,'No source reference provided. Recommend citing the grammar for this feature.'
nalc1240,BATCH,GB409_7,1,,MISSING_SOURCE,'No source reference provided. Recommend citing the grammar for this feature.'
nalc1240,BATCH,GB409_8,1,,MISSING_SOURCE,'No source reference provided. Recommend citing the grammar for this feature.'
nalc1240,BATCH,GB409_9,1,,MISSING_SOURCE,'No source reference provided. Recommend citing the grammar for this feature.'
nalc1240,BATCH,GB409_10,?,,MISSING_VALUE,'Value not resolved ("?"). Researcher must determine correct coding from the grammar source.'
nalc1240,BATCH,GB409_11,?,,MISSING_VALUE,'Value not resolved ("?"). Researcher must determine correct coding from the grammar source.'
nalc1240,BATCH,GB409_12,?,,MISSING_VALUE,'Value not resolved ("?"). Researcher must determine correct coding from the grammar source.'
nalc1240,BATCH,GB409_13,?,,MISSING_VALUE,'Value not resolved ("?"). Researcher must determine correct coding from the grammar source.'
nalc1240,BATCH,GB409_14,1,,MISSING_SOURCE,'No source reference provided. Recommend citing the grammar for this feature.'
nalc1240,BATCH,GB409_15,?,,MISSING_VALUE,'Value not resolved ("?"). Researcher must determine correct coding from the grammar source.'
nalc1240,BATCH,GB409_16,1,,MISSING_SOURCE,'No source reference provided. Recommend citing the grammar for this feature.'
nalc1240,BATCH,GB409_17,1,,MISSING_SOURCE,'No source reference provided. Recommend citing the grammar for this feature.'
nalc1240,BATCH,GB409_18,1,,MISSING_SOURCE,'No source reference provided. Recommend citing the grammar for this feature.'
nalc1240,BATCH,GB409_19,?,,MISSING_VALUE,'Value not resolved ("?"). Researcher must determine correct coding from the grammar source.'
nalc1240,BATCH,GB409_20,1,,MISSING_SOURCE,'No source reference provided. Recommend citing the grammar for this feature.'
nalc1240,BATCH,GB409_21,?,,MISSING_VALUE,'Value not resolved ("?"). Researcher must determine correct coding from the grammar source.'
nalc1240,BATCH,GB409_22,1,,MISSING_SOURCE,'No source reference provided. Recommend citing the grammar for this feature.'
nalc1240,BATCH,GB409_23,1,,MISSING_SOURCE,'No source reference provided. Recommend citing the grammar for this feature.'
nalc1240,BATCH,GB409_24,?,,MISSING_VALUE,'Value not resolved ("?"). Researcher must determine correct coding from the grammar source.'
namb1293,BATCH,GB409_1,0,,MISSING_SOURCE,'No source reference provided. Recommend citing the grammar for this feature.'
namb1293,BATCH,GB409_2,1,,MISSING_SOURCE,'No source reference provided. Recommend citing the grammar for this feature.'
namb1293,BATCH,GB409_3,1,,MISSING_SOURCE,'No source reference provided. Recommend citing the grammar for this feature.'
namb1293,BATCH,GB409_4,1,,MISSING_SOURCE,'No source reference provided. Recommend citing the grammar for this feature.'
namb1293,BATCH,GB409_5,1,,MISSING_SOURCE,'No source reference provided. Recommend citing the grammar for this feature.'
namb1293,BATCH,GB409_6,1,,MISSING_SOURCE,'No source reference provided. Recommend citing the grammar for this feature.'
namb1293,BATCH,GB409_7,1,,MISSING_SOURCE,'No source reference provided. Recommend citing the grammar for this feature.'
namb1293,BATCH,GB409_8,1,,MISSING_SOURCE,'No source reference provided. Recommend citing the grammar for this feature.'
namb1293,BATCH,GB409_9,1,,MISSING_SOURCE,'No source reference provided. Recommend citing the grammar for this feature.'
namb1293,BATCH,GB409_10,?,,MISSING_VALUE,'Value not resolved ("?"). Researcher must determine correct coding from the grammar source.'
namb1293,BATCH,GB409_11,1,,MISSING_SOURCE,'No source reference provided. Recommend citing the grammar for this feature.'
namb1293,BATCH,GB409_12,?,,MISSING_VALUE,'Value not resolved ("?"). Researcher must determine correct coding from the grammar source.'
namb1293,BATCH,GB409_13,?,,MISSING_VALUE,'Value not resolved ("?"). Researcher must determine correct coding from the grammar source.'
namb1293,BATCH,GB409_14,1,,MISSING_SOURCE,'No source reference provided. Recommend citing the grammar for this feature.'
namb1293,BATCH,GB409_15,1,,MISSING_SOURCE,'No source reference provided. Recommend citing the grammar for this feature.'
namb1293,BATCH,GB409_16,1,,MISSING_SOURCE,'No source reference provided. Recommend citing the grammar for this feature.'
namb1293,BATCH,GB409_17,1,,MISSING_SOURCE,'No source reference provided. Recommend citing the grammar for this feature.'
namb1293,BATCH,GB409_18,1,,MISSING_SOURCE,'No source reference provided. Recommend citing the grammar for this feature.'
namb1293,BATCH,GB409_19,1,,MISSING_SOURCE,'No source reference provided. Recommend citing the grammar for this feature.'
namb1293,BATCH,GB409_20,1,,MISSING_SOURCE,'No source reference provided. Recommend citing the grammar for this feature.'
namb1293,BATCH,GB409_21,1,,MISSING_SOURCE,'No source reference provided. Recommend citing the grammar for this feature.'
namb1293,BATCH,GB409_22,?,,MISSING_VALUE,'Value not resolved ("?"). Researcher must determine correct coding from the grammar source.'
namb1293,BATCH,GB409_23,?,,MISSING_VALUE,'Value not resolved ("?"). Researcher must determine correct coding from the grammar source.'
namb1293,BATCH,GB409_24,0,,MISSING_SOURCE,'No source reference provided. Recommend citing the grammar for this feature.'
naru1238,BATCH,GB409_1,1,,MISSING_SOURCE,'No source reference provided. Recommend citing the grammar for this feature.'
naru1238,BATCH,GB409_2,1,,MISSING_SOURCE,'No source reference provided. Recommend citing the grammar for this feature.'
naru1238,BATCH,GB409_3,1,,MISSING_SOURCE,'No source reference provided. Recommend citing the grammar for this feature.'
naru1238,BATCH,GB409_4,1,,MISSING_SOURCE,'No source reference provided. Recommend citing the grammar for this feature.'
naru1238,BATCH,GB409_5,0,,MISSING_SOURCE,'No source reference provided. Recommend citing the grammar for this feature.'
naru1238,BATCH,GB409_6,?,,MISSING_VALUE,'Value not resolved ("?"). Researcher must determine correct coding from the grammar source.'
naru1238,BATCH,GB409_7,?,,MISSING_VALUE,'Value not resolved ("?"). Researcher must determine correct coding from the grammar source.'
naru1238,BATCH,GB409_8,?,,MISSING_VALUE,'Value not resolved ("?"). Researcher must determine correct coding from the grammar source.'
naru1238,BATCH,GB409_9,1,,MISSING_SOURCE,'No source reference provided. Recommend citing the grammar for this feature.'
naru1238,BATCH,GB409_10,?,,MISSING_VALUE,'Value not resolved ("?"). Researcher must determine correct coding from the grammar source.'
naru1238,BATCH,GB409_11,?,,MISSING_VALUE,'Value not resolved ("?"). Researcher must determine correct coding from the grammar source.'
naru1238,BATCH,GB409_12,?,,MISSING_VALUE,'Value not resolved ("?"). Researcher must determine correct coding from the grammar source.'
naru1238,BATCH,GB409_13,?,,MISSING_VALUE,'Value not resolved ("?"). Researcher must determine correct coding from the grammar source.'
naru1238,BATCH,GB409_14,1,,MISSING_SOURCE,'No source reference provided. Recommend citing the grammar for this feature.'
naru1238,BATCH,GB409_15,?,,MISSING_VALUE,'Value not resolved ("?"). Researcher must determine correct coding from the grammar source.'
naru1238,BATCH,GB409_16,?,,MISSING_VALUE,'Value not resolved ("?"). Researcher must determine correct coding from the grammar source.'
naru1238,BATCH,GB409_17,?,,MISSING_VALUE,'Value not resolved ("?"). Researcher must determine correct coding from the grammar source.'
naru1238,BATCH,GB409_18,1,,MISSING_SOURCE,'No source reference provided. Recommend citing the grammar for this feature.'
naru1238,BATCH,GB409_19,?,,MISSING_VALUE,'Value not resolved ("?"). Researcher must determine correct coding from the grammar source.'
naru1238,BATCH,GB409_20,1,,MISSING_SOURCE,'No source reference provided. Recommend citing the grammar for this feature.'
naru1238,BATCH,GB409_21,?,,MISSING_VALUE,'Value not resolved ("?"). Researcher must determine correct coding from the grammar source.'
naru1238,BATCH,GB409_22,?,,MISSING_VALUE,'Value not resolved ("?"). Researcher must determine correct coding from the grammar source.'
naru1238,BATCH,GB409_23,?,,MISSING_VALUE,'Value not resolved ("?"). Researcher must determine correct coding from the grammar source.'
naru1238,BATCH,GB409_24,?,,MISSING_VALUE,'Value not resolved ("?"). Researcher must determine correct coding from the grammar source.'
natc1249,BATCH,GB409_1,1,,MISSING_SOURCE,'No source reference provided. Recommend citing the grammar for this feature.'
natc1249,BATCH,GB409_2,?,,MISSING_VALUE,'Value not resolved ("?"). Researcher must determine correct coding from the grammar source.'
natc1249,BATCH,GB409_3,?,,MISSING_VALUE,'Value not resolved ("?"). Researcher must determine correct coding from the grammar source.'
natc1249,BATCH,GB409_4,?,,MISSING_VALUE,'Value not resolved ("?"). Researcher must determine correct coding from the grammar source.'
natc1249,BATCH,GB409_5,1,,MISSING_SOURCE,'No source reference provided. Recommend citing the grammar for this feature.'
natc1249,BATCH,GB409_6,1,,MISSING_SOURCE,'No source reference provided. Recommend citing the grammar for this feature.'
natc1249,BATCH,GB409_7,?,,MISSING_VALUE,'Value not resolved ("?"). Researcher must determine correct coding from the grammar source.'
natc1249,BATCH,GB409_8,1,,MISSING_SOURCE,'No source reference provided. Recommend citing the grammar for this feature.'
natc1249,BATCH,GB409_9,?,,MISSING_VALUE,'Value not resolved ("?"). Researcher must determine correct coding from the grammar source.'
natc1249,BATCH,GB409_10,?,,MISSING_VALUE,'Value not resolved ("?"). Researcher must determine correct coding from the grammar source.'
natc1249,BATCH,GB409_11,?,,MISSING_VALUE,'Value not resolved ("?"). Researcher must determine correct coding from the grammar source.'
natc1249,BATCH,GB409_12,?,,MISSING_VALUE,'Value not resolved ("?"). Researcher must determine correct coding from the grammar source.'
natc1249,BATCH,GB409_13,?,,MISSING_VALUE,'Value not resolved ("?"). Researcher must determine correct coding from the grammar source.'
natc1249,BATCH,GB409_14,1,,MISSING_SOURCE,'No source reference provided. Recommend citing the grammar for this feature.'
natc1249,BATCH,GB409_15,0,,MISSING_SOURCE,'No source reference provided. Recommend citing the grammar for this feature.'
natc1249,BATCH,GB409_16,1,,MISSING_SOURCE,'No source reference provided. Recommend citing the grammar for this feature.'
natc1249,BATCH,GB409_17,1,,MISSING_SOURCE,'No source reference provided. Recommend citing the grammar for this feature.'
natc1249,BATCH,GB409_18,1,,MISSING_SOURCE,'No source reference provided. Recommend citing the grammar for this feature.'
natc1249,BATCH,GB409_19,0,,MISSING_SOURCE,'No source reference provided. Recommend citing the grammar for this feature.'
natc1249,BATCH,GB409_20,1,,MISSING_SOURCE,'No source reference provided. Recommend citing the grammar for this feature.'
natc1249,BATCH,GB409_21,1,,MISSING_SOURCE,'No source reference provided. Recommend citing the grammar for this feature.'
natc1249,BATCH,GB409_22,1,,MISSING_SOURCE,'No source reference provided. Recommend citing the grammar for this feature.'
natc1249,BATCH,GB409_23,0,,MISSING_SOURCE,'No source reference provided. Recommend citing the grammar for this feature.'
natc1249,BATCH,GB409_24,1,,MISSING_SOURCE,'No source reference provided. Recommend citing the grammar for this feature.'
nhan1238,BATCH,GB409_1,1,,MISSING_SOURCE,'No source reference provided. Recommend citing the grammar for this feature.'
nhan1238,BATCH,GB409_2,1,,MISSING_SOURCE,'No source reference provided. Recommend citing the grammar for this feature.'
nhan1238,BATCH,GB409_3,1,,MISSING_SOURCE,'No source reference provided. Recommend citing the grammar for this feature.'
nhan1238,BATCH,GB409_4,1,,MISSING_SOURCE,'No source reference provided. Recommend citing the grammar for this feature.'
nhan1238,BATCH,GB409_5,1,,MISSING_SOURCE,'No source reference provided. Recommend citing the grammar for this feature.'
nhan1238,BATCH,GB409_6,1,,MISSING_SOURCE,'No source reference provided. Recommend citing the grammar for this feature.'
nhan1238,BATCH,GB409_7,1,,MISSING_SOURCE,'No source reference provided. Recommend citing the grammar for this feature.'
nhan1238,BATCH,GB409_8,1,,MISSING_SOURCE,'No source reference provided. Recommend citing the grammar for this feature.'
nhan1238,BATCH,GB409_9,1,,MISSING_SOURCE,'No source reference provided. Recommend citing the grammar for this feature.'
nhan1238,BATCH,GB409_10,1,,MISSING_SOURCE,'No source reference provided. Recommend citing the grammar for this feature.'
nhan1238,BATCH,GB409_11,1,,MISSING_SOURCE,'No source reference provided. Recommend citing the grammar for this feature.'
nhan1238,BATCH,GB409_12,1,,MISSING_SOURCE,'No source reference provided. Recommend citing the grammar for this feature.'
nhan1238,BATCH,GB409_13,1,,MISSING_SOURCE,'No source reference provided. Recommend citing the grammar for this feature.'
nhan1238,BATCH,GB409_14,1,,MISSING_SOURCE,'No source reference provided. Recommend citing the grammar for this feature.'
nhan1238,BATCH,GB409_15,?,,MISSING_VALUE,'Value not resolved ("?"). Researcher must determine correct coding from the grammar source.'
nhan1238,BATCH,GB409_16,1,,MISSING_SOURCE,'No source reference provided. Recommend citing the grammar for this feature.'
nhan1238,BATCH,GB409_17,?,,MISSING_VALUE,'Value not resolved ("?"). Researcher must determine correct coding from the grammar source.'
nhan1238,BATCH,GB409_18,1,,MISSING_SOURCE,'No source reference provided. Recommend citing the grammar for this feature.'
nhan1238,BATCH,GB409_19,1,,MISSING_SOURCE,'No source reference provided. Recommend citing the grammar for this feature.'
nhan1238,BATCH,GB409_20,1,,MISSING_SOURCE,'No source reference provided. Recommend citing the grammar for this feature.'
nhan1238,BATCH,GB409_21,?,,MISSING_VALUE,'Value not resolved ("?"). Researcher must determine correct coding from the grammar source.'
nhan1238,BATCH,GB409_22,?,,MISSING_VALUE,'Value not resolved ("?"). Researcher must determine correct coding from the grammar source.'
nhan1238,BATCH,GB409_23,1,,MISSING_SOURCE,'No source reference provided. Recommend citing the grammar for this feature.'
nhan1238,BATCH,GB409_24,1,,MISSING_SOURCE,'No source reference provided. Recommend citing the grammar for this feature.'
nina1238,BATCH,GB409_1,0,,MISSING_SOURCE,'No source reference provided. Recommend citing the grammar for this feature.'
nina1238,BATCH,GB409_2,0,,MISSING_SOURCE,'No source reference provided. Recommend citing the grammar for this feature.'
nina1238,BATCH,GB409_3,0,,MISSING_SOURCE,'No source reference provided. Recommend citing the grammar for this feature.'
nina1238,BATCH,GB409_4,1,,MISSING_SOURCE,'No source reference provided. Recommend citing the grammar for this feature.'
nina1238,BATCH,GB409_5,1,,MISSING_SOURCE,'No source reference provided. Recommend citing the grammar for this feature.'
nina1238,BATCH,GB409_6,1,,MISSING_SOURCE,'No source reference provided. Recommend citing the grammar for this feature.'
nina1238,BATCH,GB409_7,1,,MISSING_SOURCE,'No source reference provided. Recommend citing the grammar for this feature.'
nina1238,BATCH,GB409_8,1,,MISSING_SOURCE,'No source reference provided. Recommend citing the grammar for this feature.'
nina1238,BATCH,GB409_9,1,,MISSING_SOURCE,'No source reference provided. Recommend citing the grammar for this feature.'
nina1238,BATCH,GB409_10,1,,MISSING_SOURCE,'No source reference provided. Recommend citing the grammar for this feature.'
nina1238,BATCH,GB409_11,0,,MISSING_SOURCE,'No source reference provided. Recommend citing the grammar for this feature.'
nina1238,BATCH,GB409_12,1,,MISSING_SOURCE,'No source reference provided. Recommend citing the grammar for this feature.'
nina1238,BATCH,GB409_13,0,,MISSING_SOURCE,'No source reference provided. Recommend citing the grammar for this feature.'
nina1238,BATCH,GB409_14,?,,MISSING_VALUE,'Value not resolved ("?"). Researcher must determine correct coding from the grammar source.'
nina1238,BATCH,GB409_15,?,,MISSING_VALUE,'Value not resolved ("?"). Researcher must determine correct coding from the grammar source.'
nina1238,BATCH,GB409_16,0,,MISSING_SOURCE,'No source reference provided. Recommend citing the grammar for this feature.'
nina1238,BATCH,GB409_17,0,,MISSING_SOURCE,'No source reference provided. Recommend citing the grammar for this feature.'
nina1238,BATCH,GB409_18,1,,MISSING_SOURCE,'No source reference provided. Recommend citing the grammar for this feature.'
nina1238,BATCH,GB409_19,0,,MISSING_SOURCE,'No source reference provided. Recommend citing the grammar for this feature.'
nina1238,BATCH,GB409_20,0,,MISSING_SOURCE,'No source reference provided. Recommend citing the grammar for this feature.'
nina1238,BATCH,GB409_21,1,,MISSING_SOURCE,'No source reference provided. Recommend citing the grammar for this feature.'
nina1238,BATCH,GB409_22,0,,MISSING_SOURCE,'No source reference provided. Recommend citing the grammar for this feature.'
nina1238,BATCH,GB409_23,0,,MISSING_SOURCE,'No source reference provided. Recommend citing the grammar for this feature.'
nina1238,BATCH,GB409_24,1,,MISSING_SOURCE,'No source reference provided. Recommend citing the grammar for this feature.'
ning1281,BATCH,GB409_1,1,,MISSING_SOURCE,'No source reference provided. Recommend citing the grammar for this feature.'
ning1281,BATCH,GB409_2,1,,MISSING_SOURCE,'No source reference provided. Recommend citing the grammar for this feature.'
ning1281,BATCH,GB409_3,?,,MISSING_VALUE,'Value not resolved ("?"). Researcher must determine correct coding from the grammar source.'
ning1281,BATCH,GB409_4,?,,MISSING_VALUE,'Value not resolved ("?"). Researcher must determine correct coding from the grammar source.'
ning1281,BATCH,GB409_5,1,,MISSING_SOURCE,'No source reference provided. Recommend citing the grammar for this feature.'
ning1281,BATCH,GB409_6,1,,MISSING_SOURCE,'No source reference provided. Recommend citing the grammar for this feature.'
ning1281,BATCH,GB409_7,1,,MISSING_SOURCE,'No source reference provided. Recommend citing the grammar for this feature.'
ning1281,BATCH,GB409_8,?,,MISSING_VALUE,'Value not resolved ("?"). Researcher must determine correct coding from the grammar source.'
ning1281,BATCH,GB409_9,1,,MISSING_SOURCE,'No source reference provided. Recommend citing the grammar for this feature.'
ning1281,BATCH,GB409_10,1,,MISSING_SOURCE,'No source reference provided. Recommend citing the grammar for this feature.'
ning1281,BATCH,GB409_11,?,,MISSING_VALUE,'Value not resolved ("?"). Researcher must determine correct coding from the grammar source.'
ning1281,BATCH,GB409_12,1,,MISSING_SOURCE,'No source reference provided. Recommend citing the grammar for this feature.'
ning1281,BATCH,GB409_13,?,,MISSING_VALUE,'Value not resolved ("?"). Researcher must determine correct coding from the grammar source.'
ning1281,BATCH,GB409_14,0,,MISSING_SOURCE,'No source reference provided. Recommend citing the grammar for this feature.'
ning1281,BATCH,GB409_15,1,,MISSING_SOURCE,'No source reference provided. Recommend citing the grammar for this feature.'
ning1281,BATCH,GB409_16,1,,MISSING_SOURCE,'No source reference provided. Recommend citing the grammar for this feature.'
ning1281,BATCH,GB409_17,0,,MISSING_SOURCE,'No source reference provided. Recommend citing the grammar for this feature.'
ning1281,BATCH,GB409_18,1,,MISSING_SOURCE,'No source reference provided. Recommend citing the grammar for this feature.'
ning1281,BATCH,GB409_19,0,,MISSING_SOURCE,'No source reference provided. Recommend citing the grammar for this feature.'
ning1281,BATCH,GB409_20,1,,MISSING_SOURCE,'No source reference provided. Recommend citing the grammar for this feature.'
ning1281,BATCH,GB409_21,?,,MISSING_VALUE,'Value not resolved ("?"). Researcher must determine correct coding from the grammar source.'
ning1281,BATCH,GB409_22,?,,MISSING_VALUE,'Value not resolved ("?"). Researcher must determine correct coding from the grammar source.'
ning1281,BATCH,GB409_23,0,,MISSING_SOURCE,'No source reference provided. Recommend citing the grammar for this feature.'
ning1281,BATCH,GB409_24,0,,MISSING_SOURCE,'No source reference provided. Recommend citing the grammar for this feature.'
niue1239,BATCH,GB409_1,1,,MISSING_SOURCE,'No source reference provided. Recommend citing the grammar for this feature.'
niue1239,BATCH,GB409_2,1,,MISSING_SOURCE,'No source reference provided. Recommend citing the grammar for this feature.'
niue1239,BATCH,GB409_3,1,,MISSING_SOURCE,'No source reference provided. Recommend citing the grammar for this feature.'
niue1239,BATCH,GB409_4,1,,MISSING_SOURCE,'No source reference provided. Recommend citing the grammar for this feature.'
niue1239,BATCH,GB409_5,1,,MISSING_SOURCE,'No source reference provided. Recommend citing the grammar for this feature.'
niue1239,BATCH,GB409_6,1,,MISSING_SOURCE,'No source reference provided. Recommend citing the grammar for this feature.'
niue1239,BATCH,GB409_7,1,,MISSING_SOURCE,'No source reference provided. Recommend citing the grammar for this feature.'
niue1239,BATCH,GB409_8,1,,MISSING_SOURCE,'No source reference provided. Recommend citing the grammar for this feature.'
niue1239,BATCH,GB409_9,1,,MISSING_SOURCE,'No source reference provided. Recommend citing the grammar for this feature.'
niue1239,BATCH,GB409_10,1,,MISSING_SOURCE,'No source reference provided. Recommend citing the grammar for this feature.'
niue1239,BATCH,GB409_11,1,,MISSING_SOURCE,'No source reference provided. Recommend citing the grammar for this feature.'
niue1239,BATCH,GB409_12,1,,MISSING_SOURCE,'No source reference provided. Recommend citing the grammar for this feature.'
niue1239,BATCH,GB409_13,1,,MISSING_SOURCE,'No source reference provided. Recommend citing the grammar for this feature.'
niue1239,BATCH,GB409_14,1,,MISSING_SOURCE,'No source reference provided. Recommend citing the grammar for this feature.'
niue1239,BATCH,GB409_15,1,,MISSING_SOURCE,'No source reference provided. Recommend citing the grammar for this feature.'
niue1239,BATCH,GB409_16,1,,MISSING_SOURCE,'No source reference provided. Recommend citing the grammar for this feature.'
niue1239,BATCH,GB409_17,1,,MISSING_SOURCE,'No source reference provided. Recommend citing the grammar for this feature.'
niue1239,BATCH,GB409_18,1,,MISSING_SOURCE,'No source reference provided. Recommend citing the grammar for this feature.'
niue1239,BATCH,GB409_19,1,,MISSING_SOURCE,'No source reference provided. Recommend citing the grammar for this feature.'
niue1239,BATCH,GB409_20,1,,MISSING_SOURCE,'No source reference provided. Recommend citing the grammar for this feature.'
niue1239,BATCH,GB409_21,1,,MISSING_SOURCE,'No source reference provided. Recommend citing the grammar for this feature.'
niue1239,BATCH,GB409_22,1,,MISSING_SOURCE,'No source reference provided. Recommend citing the grammar for this feature.'
niue1239,BATCH,GB409_23,1,,MISSING_SOURCE,'No source reference provided. Recommend citing the grammar for this feature.'
niue1239,BATCH,GB409_24,0,,MISSING_SOURCE,'No source reference provided. Recommend citing the grammar for this feature.'
noct1238,BATCH,GB409_1,0,,MISSING_SOURCE,'No source reference provided. Recommend citing the grammar for this feature.'
noct1238,BATCH,GB409_2,0,,MISSING_SOURCE,'No source reference provided. Recommend citing the grammar for this feature.'
noct1238,BATCH,GB409_3,0,,MISSING_SOURCE,'No source reference provided. Recommend citing the grammar for this feature.'
noct1238,BATCH,GB409_4,1,,MISSING_SOURCE,'No source reference provided. Recommend citing the grammar for this feature.'
noct1238,BATCH,GB409_5,1,,MISSING_SOURCE,'No source reference provided. Recommend citing the grammar for this feature.'
noct1238,BATCH,GB409_6,1,,MISSING_SOURCE,'No source reference provided. Recommend citing the grammar for this feature.'
noct1238,BATCH,GB409_7,1,,MISSING_SOURCE,'No source reference provided. Recommend citing the grammar for this feature.'
noct1238,BATCH,GB409_8,1,,MISSING_SOURCE,'No source reference provided. Recommend citing the grammar for this feature.'
noct1238,BATCH,GB409_9,1,,MISSING_SOURCE,'No source reference provided. Recommend citing the grammar for this feature.'
noct1238,BATCH,GB409_10,1,,MISSING_SOURCE,'No source reference provided. Recommend citing the grammar for this feature.'
noct1238,BATCH,GB409_11,?,,MISSING_VALUE,'Value not resolved ("?"). Researcher must determine correct coding from the grammar source.'
noct1238,BATCH,GB409_12,0,,MISSING_SOURCE,'No source reference provided. Recommend citing the grammar for this feature.'
noct1238,BATCH,GB409_13,0,,MISSING_SOURCE,'No source reference provided. Recommend citing the grammar for this feature.'
noct1238,BATCH,GB409_14,1,,MISSING_SOURCE,'No source reference provided. Recommend citing the grammar for this feature.'
noct1238,BATCH,GB409_15,?,,MISSING_VALUE,'Value not resolved ("?"). Researcher must determine correct coding from the grammar source.'
noct1238,BATCH,GB409_16,?,,MISSING_VALUE,'Value not resolved ("?"). Researcher must determine correct coding from the grammar source.'
noct1238,BATCH,GB409_17,?,,MISSING_VALUE,'Value not resolved ("?"). Researcher must determine correct coding from the grammar source.'
noct1238,BATCH,GB409_18,1,,MISSING_SOURCE,'No source reference provided. Recommend citing the grammar for this feature.'
noct1238,BATCH,GB409_19,?,,MISSING_VALUE,'Value not resolved ("?"). Researcher must determine correct coding from the grammar source.'
noct1238,BATCH,GB409_20,1,,MISSING_SOURCE,'No source reference provided. Recommend citing the grammar for this feature.'
noct1238,BATCH,GB409_21,1,,MISSING_SOURCE,'No source reference provided. Recommend citing the grammar for this feature.'
noct1238,BATCH,GB409_22,?,,MISSING_VALUE,'Value not resolved ("?"). Researcher must determine correct coding from the grammar source.'
noct1238,BATCH,GB409_23,0,,MISSING_SOURCE,'No source reference provided. Recommend citing the grammar for this feature.'
noct1238,BATCH,GB409_24,1,,MISSING_SOURCE,'No source reference provided. Recommend citing the grammar for this feature.'
nort2745,BATCH,GB409_1,1,,MISSING_SOURCE,'No source reference provided. Recommend citing the grammar for this feature.'
nort2745,BATCH,GB409_2,1,,MISSING_SOURCE,'No source reference provided. Recommend citing the grammar for this feature.'
nort2745,BATCH,GB409_3,1,,MISSING_SOURCE,'No source reference provided. Recommend citing the grammar for this feature.'
nort2745,BATCH,GB409_4,1,,MISSING_SOURCE,'No source reference provided. Recommend citing the grammar for this feature.'
nort2745,BATCH,GB409_5,1,,MISSING_SOURCE,'No source reference provided. Recommend citing the grammar for this feature.'
nort2745,BATCH,GB409_6,1,,MISSING_SOURCE,'No source reference provided. Recommend citing the grammar for this feature.'
nort2745,BATCH,GB409_7,1,,MISSING_SOURCE,'No source reference provided. Recommend citing the grammar for this feature.'
nort2745,BATCH,GB409_8,1,,MISSING_SOURCE,'No source reference provided. Recommend citing the grammar for this feature.'
nort2745,BATCH,GB409_9,1,,MISSING_SOURCE,'No source reference provided. Recommend citing the grammar for this feature.'
nort2745,BATCH,GB409_10,1,,MISSING_SOURCE,'No source reference provided. Recommend citing the grammar for this feature.'
nort2745,BATCH,GB409_11,1,,MISSING_SOURCE,'No source reference provided. Recommend citing the grammar for this feature.'
nort2745,BATCH,GB409_12,1,,MISSING_SOURCE,'No source reference provided. Recommend citing the grammar for this feature.'
nort2745,BATCH,GB409_13,1,,MISSING_SOURCE,'No source reference provided. Recommend citing the grammar for this feature.'
nort2745,BATCH,GB409_14,1,,MISSING_SOURCE,'No source reference provided. Recommend citing the grammar for this feature.'
nort2745,BATCH,GB409_15,1,,MISSING_SOURCE,'No source reference provided. Recommend citing the grammar for this feature.'
nort2745,BATCH,GB409_16,1,,MISSING_SOURCE,'No source reference provided. Recommend citing the grammar for this feature.'
nort2745,BATCH,GB409_17,0,,MISSING_SOURCE,'No source reference provided. Recommend citing the grammar for this feature.'
nort2745,BATCH,GB409_18,1,,MISSING_SOURCE,'No source reference provided. Recommend citing the grammar for this feature.'
nort2745,BATCH,GB409_19,1,,MISSING_SOURCE,'No source reference provided. Recommend citing the grammar for this feature.'
nort2745,BATCH,GB409_20,1,,MISSING_SOURCE,'No source reference provided. Recommend citing the grammar for this feature.'
nort2745,BATCH,GB409_21,0,,MISSING_SOURCE,'No source reference provided. Recommend citing the grammar for this feature.'
nort2745,BATCH,GB409_22,0,,MISSING_SOURCE,'No source reference provided. Recommend citing the grammar for this feature.'
nort2745,BATCH,GB409_23,0,,MISSING_SOURCE,'No source reference provided. Recommend citing the grammar for this feature.'
nort2745,BATCH,GB409_24,0,,MISSING_SOURCE,'No source reference provided. Recommend citing the grammar for this feature.'
nort2885,BATCH,GB409_1,1,,MISSING_SOURCE,'No source reference provided. Recommend citing the grammar for this feature.'
nort2885,BATCH,GB409_2,1,,MISSING_SOURCE,'No source reference provided. Recommend citing the grammar for this feature.'
nort2885,BATCH,GB409_3,1,,MISSING_SOURCE,'No source reference provided. Recommend citing the grammar for this feature.'
nort2885,BATCH,GB409_4,1,,MISSING_SOURCE,'No source reference provided. Recommend citing the grammar for this feature.'
nort2885,BATCH,GB409_5,1,,MISSING_SOURCE,'No source reference provided. Recommend citing the grammar for this feature.'
nort2885,BATCH,GB409_6,1,,MISSING_SOURCE,'No source reference provided. Recommend citing the grammar for this feature.'
nort2885,BATCH,GB409_7,1,,MISSING_SOURCE,'No source reference provided. Recommend citing the grammar for this feature.'
nort2885,BATCH,GB409_8,1,,MISSING_SOURCE,'No source reference provided. Recommend citing the grammar for this feature.'
nort2885,BATCH,GB409_9,1,,MISSING_SOURCE,'No source reference provided. Recommend citing the grammar for this feature.'
nort2885,BATCH,GB409_10,1,,MISSING_SOURCE,'No source reference provided. Recommend citing the grammar for this feature.'
nort2885,BATCH,GB409_11,1,,MISSING_SOURCE,'No source reference provided. Recommend citing the grammar for this feature.'
nort2885,BATCH,GB409_12,1,,MISSING_SOURCE,'No source reference provided. Recommend citing the grammar for this feature.'
nort2885,BATCH,GB409_13,1,,MISSING_SOURCE,'No source reference provided. Recommend citing the grammar for this feature.'
nort2885,BATCH,GB409_14,1,,MISSING_SOURCE,'No source reference provided. Recommend citing the grammar for this feature.'
nort2885,BATCH,GB409_15,1,,MISSING_SOURCE,'No source reference provided. Recommend citing the grammar for this feature.'
nort2885,BATCH,GB409_16,1,,MISSING_SOURCE,'No source reference provided. Recommend citing the grammar for this feature.'
nort2885,BATCH,GB409_17,1,,MISSING_SOURCE,'No source reference provided. Recommend citing the grammar for this feature.'
nort2885,BATCH,GB409_18,1,,MISSING_SOURCE,'No source reference provided. Recommend citing the grammar for this feature.'
nort2885,BATCH,GB409_19,1,,MISSING_SOURCE,'No source reference provided. Recommend citing the grammar for this feature.'
nort2885,BATCH,GB409_20,1,,MISSING_SOURCE,'No source reference provided. Recommend citing the grammar for this feature.'
nort2885,BATCH,GB409_21,1,,MISSING_SOURCE,'No source reference provided. Recommend citing the grammar for this feature.'
nort2885,BATCH,GB409_22,1,,MISSING_SOURCE,'No source reference provided. Recommend citing the grammar for this feature.'
nort2885,BATCH,GB409_23,1,,MISSING_SOURCE,'No source reference provided. Recommend citing the grammar for this feature.'
nort2885,BATCH,GB409_24,1,,MISSING_SOURCE,'No source reference provided. Recommend citing the grammar for this feature.'
panj1256,BATCH,GB409_1,1,,MISSING_SOURCE,'No source reference provided. Recommend citing the grammar for this feature.'
panj1256,BATCH,GB409_2,0,,MISSING_SOURCE,'No source reference provided. Recommend citing the grammar for this feature.'
panj1256,BATCH,GB409_3,0,,MISSING_SOURCE,'No source reference provided. Recommend citing the grammar for this feature.'
panj1256,BATCH,GB409_4,1,,MISSING_SOURCE,'No source reference provided. Recommend citing the grammar for this feature.'
panj1256,BATCH,GB409_5,1,,MISSING_SOURCE,'No source reference provided. Recommend citing the grammar for this feature.'
panj1256,BATCH,GB409_6,0,,MISSING_SOURCE,'No source reference provided. Recommend citing the grammar for this feature.'
panj1256,BATCH,GB409_7,1,,MISSING_SOURCE,'No source reference provided. Recommend citing the grammar for this feature.'
panj1256,BATCH,GB409_8,1,,MISSING_SOURCE,'No source reference provided. Recommend citing the grammar for this feature.'
panj1256,BATCH,GB409_9,1,,MISSING_SOURCE,'No source reference provided. Recommend citing the grammar for this feature.'
panj1256,BATCH,GB409_10,1,,MISSING_SOURCE,'No source reference provided. Recommend citing the grammar for this feature.'
panj1256,BATCH,GB409_11,1,,MISSING_SOURCE,'No source reference provided. Recommend citing the grammar for this feature.'
panj1256,BATCH,GB409_12,1,,MISSING_SOURCE,'No source reference provided. Recommend citing the grammar for this feature.'
panj1256,BATCH,GB409_13,?,,MISSING_VALUE,'Value not resolved ("?"). Researcher must determine correct coding from the grammar source.'
panj1256,BATCH,GB409_14,1,,MISSING_SOURCE,'No source reference provided. Recommend citing the grammar for this feature.'
panj1256,BATCH,GB409_15,1,,MISSING_SOURCE,'No source reference provided. Recommend citing the grammar for this feature.'
panj1256,BATCH,GB409_16,1,,MISSING_SOURCE,'No source reference provided. Recommend citing the grammar for this feature.'
panj1256,BATCH,GB409_17,1,,MISSING_SOURCE,'No source reference provided. Recommend citing the grammar for this feature.'
panj1256,BATCH,GB409_18,1,,MISSING_SOURCE,'No source reference provided. Recommend citing the grammar for this feature.'
panj1256,BATCH,GB409_19,?,,MISSING_VALUE,'Value not resolved ("?"). Researcher must determine correct coding from the grammar source.'
panj1256,BATCH,GB409_20,1,,MISSING_SOURCE,'No source reference provided. Recommend citing the grammar for this feature.'
panj1256,BATCH,GB409_21,1,,MISSING_SOURCE,'No source reference provided. Recommend citing the grammar for this feature.'
panj1256,BATCH,GB409_22,?,,MISSING_VALUE,'Value not resolved ("?"). Researcher must determine correct coding from the grammar source.'
panj1256,BATCH,GB409_23,0,,MISSING_SOURCE,'No source reference provided. Recommend citing the grammar for this feature.'
panj1256,BATCH,GB409_24,0,,MISSING_SOURCE,'No source reference provided. Recommend citing the grammar for this feature.'
patt1248,BATCH,GB409_1,1,,MISSING_SOURCE,'No source reference provided. Recommend citing the grammar for this feature.'
patt1248,BATCH,GB409_2,1,,MISSING_SOURCE,'No source reference provided. Recommend citing the grammar for this feature.'
patt1248,BATCH,GB409_3,1,,MISSING_SOURCE,'No source reference provided. Recommend citing the grammar for this feature.'
patt1248,BATCH,GB409_4,1,,MISSING_SOURCE,'No source reference provided. Recommend citing the grammar for this feature.'
patt1248,BATCH,GB409_5,1,,MISSING_SOURCE,'No source reference provided. Recommend citing the grammar for this feature.'
patt1248,BATCH,GB409_6,?,,MISSING_VALUE,'Value not resolved ("?"). Researcher must determine correct coding from the grammar source.'
patt1248,BATCH,GB409_7,?,,MISSING_VALUE,'Value not resolved ("?"). Researcher must determine correct coding from the grammar source.'
patt1248,BATCH,GB409_8,?,,MISSING_VALUE,'Value not resolved ("?"). Researcher must determine correct coding from the grammar source.'
patt1248,BATCH,GB409_9,?,,MISSING_VALUE,'Value not resolved ("?"). Researcher must determine correct coding from the grammar source.'
patt1248,BATCH,GB409_10,1,,MISSING_SOURCE,'No source reference provided. Recommend citing the grammar for this feature.'
patt1248,BATCH,GB409_11,?,,MISSING_VALUE,'Value not resolved ("?"). Researcher must determine correct coding from the grammar source.'
patt1248,BATCH,GB409_12,?,,MISSING_VALUE,'Value not resolved ("?"). Researcher must determine correct coding from the grammar source.'
patt1248,BATCH,GB409_13,?,,MISSING_VALUE,'Value not resolved ("?"). Researcher must determine correct coding from the grammar source.'
patt1248,BATCH,GB409_14,?,,MISSING_VALUE,'Value not resolved ("?"). Researcher must determine correct coding from the grammar source.'
patt1248,BATCH,GB409_15,?,,MISSING_VALUE,'Value not resolved ("?"). Researcher must determine correct coding from the grammar source.'
patt1248,BATCH,GB409_16,?,,MISSING_VALUE,'Value not resolved ("?"). Researcher must determine correct coding from the grammar source.'
patt1248,BATCH,GB409_17,?,,MISSING_VALUE,'Value not resolved ("?"). Researcher must determine correct coding from the grammar source.'
patt1248,BATCH,GB409_18,?,,MISSING_VALUE,'Value not resolved ("?"). Researcher must determine correct coding from the grammar source.'
patt1248,BATCH,GB409_19,?,,MISSING_VALUE,'Value not resolved ("?"). Researcher must determine correct coding from the grammar source.'
patt1248,BATCH,GB409_20,1,,MISSING_SOURCE,'No source reference provided. Recommend citing the grammar for this feature.'
patt1248,BATCH,GB409_21,?,,MISSING_VALUE,'Value not resolved ("?"). Researcher must determine correct coding from the grammar source.'
patt1248,BATCH,GB409_22,0,,MISSING_SOURCE,'No source reference provided. Recommend citing the grammar for this feature.'
patt1248,BATCH,GB409_23,1,,MISSING_SOURCE,'No source reference provided. Recommend citing the grammar for this feature.'
patt1248,BATCH,GB409_24,?,,MISSING_VALUE,'Value not resolved ("?"). Researcher must determine correct coding from the grammar source.'
pemo1248,BATCH,GB409_1,0,,MISSING_SOURCE,'No source reference provided. Recommend citing the grammar for this feature.'
pemo1248,BATCH,GB409_2,0,,MISSING_SOURCE,'No source reference provided. Recommend citing the grammar for this feature.'
pemo1248,BATCH,GB409_3,0,,MISSING_SOURCE,'No source reference provided. Recommend citing the grammar for this feature.'
pemo1248,BATCH,GB409_4,0,,MISSING_SOURCE,'No source reference provided. Recommend citing the grammar for this feature.'
pemo1248,BATCH,GB409_5,1,,MISSING_SOURCE,'No source reference provided. Recommend citing the grammar for this feature.'
pemo1248,BATCH,GB409_6,1,,MISSING_SOURCE,'No source reference provided. Recommend citing the grammar for this feature.'
pemo1248,BATCH,GB409_7,1,,MISSING_SOURCE,'No source reference provided. Recommend citing the grammar for this feature.'
pemo1248,BATCH,GB409_8,1,,MISSING_SOURCE,'No source reference provided. Recommend citing the grammar for this feature.'
pemo1248,BATCH,GB409_9,1,,MISSING_SOURCE,'No source reference provided. Recommend citing the grammar for this feature.'
pemo1248,BATCH,GB409_10,1,,MISSING_SOURCE,'No source reference provided. Recommend citing the grammar for this feature.'
pemo1248,BATCH,GB409_11,1,,MISSING_SOURCE,'No source reference provided. Recommend citing the grammar for this feature.'
pemo1248,BATCH,GB409_12,1,,MISSING_SOURCE,'No source reference provided. Recommend citing the grammar for this feature.'
pemo1248,BATCH,GB409_13,?,,MISSING_VALUE,'Value not resolved ("?"). Researcher must determine correct coding from the grammar source.'
pemo1248,BATCH,GB409_14,1,,MISSING_SOURCE,'No source reference provided. Recommend citing the grammar for this feature.'
pemo1248,BATCH,GB409_15,?,,MISSING_VALUE,'Value not resolved ("?"). Researcher must determine correct coding from the grammar source.'
pemo1248,BATCH,GB409_16,?,,MISSING_VALUE,'Value not resolved ("?"). Researcher must determine correct coding from the grammar source.'
pemo1248,BATCH,GB409_17,?,,MISSING_VALUE,'Value not resolved ("?"). Researcher must determine correct coding from the grammar source.'
pemo1248,BATCH,GB409_18,1,,MISSING_SOURCE,'No source reference provided. Recommend citing the grammar for this feature.'
pemo1248,BATCH,GB409_19,1,,MISSING_SOURCE,'No source reference provided. Recommend citing the grammar for this feature.'
pemo1248,BATCH,GB409_20,0,,MISSING_SOURCE,'No source reference provided. Recommend citing the grammar for this feature.'
pemo1248,BATCH,GB409_21,1,,MISSING_SOURCE,'No source reference provided. Recommend citing the grammar for this feature.'
pemo1248,BATCH,GB409_22,0,,MISSING_SOURCE,'No source reference provided. Recommend citing the grammar for this feature.'
pemo1248,BATCH,GB409_23,0,,MISSING_SOURCE,'No source reference provided. Recommend citing the grammar for this feature.'
pemo1248,BATCH,GB409_24,0,,MISSING_SOURCE,'No source reference provided. Recommend citing the grammar for this feature.'
pend1242,BATCH,GB409_1,0,,MISSING_SOURCE,'No source reference provided. Recommend citing the grammar for this feature.'
pend1242,BATCH,GB409_2,0,,MISSING_SOURCE,'No source reference provided. Recommend citing the grammar for this feature.'
pend1242,BATCH,GB409_3,0,,MISSING_SOURCE,'No source reference provided. Recommend citing the grammar for this feature.'
pend1242,BATCH,GB409_4,0,,MISSING_SOURCE,'No source reference provided. Recommend citing the grammar for this feature.'
pend1242,BATCH,GB409_5,1,,MISSING_SOURCE,'No source reference provided. Recommend citing the grammar for this feature.'
pend1242,BATCH,GB409_6,1,,MISSING_SOURCE,'No source reference provided. Recommend citing the grammar for this feature.'
pend1242,BATCH,GB409_7,?,,MISSING_VALUE,'Value not resolved ("?"). Researcher must determine correct coding from the grammar source.'
pend1242,BATCH,GB409_8,1,,MISSING_SOURCE,'No source reference provided. Recommend citing the grammar for this feature.'
pend1242,BATCH,GB409_9,?,,MISSING_VALUE,'Value not resolved ("?"). Researcher must determine correct coding from the grammar source.'
pend1242,BATCH,GB409_10,1,,MISSING_SOURCE,'No source reference provided. Recommend citing the grammar for this feature.'
pend1242,BATCH,GB409_11,?,,MISSING_VALUE,'Value not resolved ("?"). Researcher must determine correct coding from the grammar source.'
pend1242,BATCH,GB409_12,1,,MISSING_SOURCE,'No source reference provided. Recommend citing the grammar for this feature.'
pend1242,BATCH,GB409_13,1,,MISSING_SOURCE,'No source reference provided. Recommend citing the grammar for this feature.'
pend1242,BATCH,GB409_14,1,,MISSING_SOURCE,'No source reference provided. Recommend citing the grammar for this feature.'
pend1242,BATCH,GB409_15,1,,MISSING_SOURCE,'No source reference provided. Recommend citing the grammar for this feature.'
pend1242,BATCH,GB409_16,?,,MISSING_VALUE,'Value not resolved ("?"). Researcher must determine correct coding from the grammar source.'
pend1242,BATCH,GB409_17,?,,MISSING_VALUE,'Value not resolved ("?"). Researcher must determine correct coding from the grammar source.'
pend1242,BATCH,GB409_18,1,,MISSING_SOURCE,'No source reference provided. Recommend citing the grammar for this feature.'
pend1242,BATCH,GB409_19,1,,MISSING_SOURCE,'No source reference provided. Recommend citing the grammar for this feature.'
pend1242,BATCH,GB409_20,1,,MISSING_SOURCE,'No source reference provided. Recommend citing the grammar for this feature.'
pend1242,BATCH,GB409_21,?,,MISSING_VALUE,'Value not resolved ("?"). Researcher must determine correct coding from the grammar source.'
pend1242,BATCH,GB409_22,1,,MISSING_SOURCE,'No source reference provided. Recommend citing the grammar for this feature.'
pend1242,BATCH,GB409_23,1,,MISSING_SOURCE,'No source reference provided. Recommend citing the grammar for this feature.'
pend1242,BATCH,GB409_24,1,,MISSING_SOURCE,'No source reference provided. Recommend citing the grammar for this feature.'
ship1254,BATCH,GB409_1,1,,MISSING_SOURCE,'No source reference provided. Recommend citing the grammar for this feature.'
ship1254,BATCH,GB409_2,1,,MISSING_SOURCE,'No source reference provided. Recommend citing the grammar for this feature.'
ship1254,BATCH,GB409_3,1,,MISSING_SOURCE,'No source reference provided. Recommend citing the grammar for this feature.'
ship1254,BATCH,GB409_4,1,,MISSING_SOURCE,'No source reference provided. Recommend citing the grammar for this feature.'
ship1254,BATCH,GB409_5,1,,MISSING_SOURCE,'No source reference provided. Recommend citing the grammar for this feature.'
ship1254,BATCH,GB409_6,1,,MISSING_SOURCE,'No source reference provided. Recommend citing the grammar for this feature.'
ship1254,BATCH,GB409_7,1,,MISSING_SOURCE,'No source reference provided. Recommend citing the grammar for this feature.'
ship1254,BATCH,GB409_8,1,,MISSING_SOURCE,'No source reference provided. Recommend citing the grammar for this feature.'
ship1254,BATCH,GB409_9,1,,MISSING_SOURCE,'No source reference provided. Recommend citing the grammar for this feature.'
ship1254,BATCH,GB409_10,1,,MISSING_SOURCE,'No source reference provided. Recommend citing the grammar for this feature.'
ship1254,BATCH,GB409_11,1,,MISSING_SOURCE,'No source reference provided. Recommend citing the grammar for this feature.'
ship1254,BATCH,GB409_12,1,,MISSING_SOURCE,'No source reference provided. Recommend citing the grammar for this feature.'
ship1254,BATCH,GB409_13,1,,MISSING_SOURCE,'No source reference provided. Recommend citing the grammar for this feature.'
ship1254,BATCH,GB409_14,1,,MISSING_SOURCE,'No source reference provided. Recommend citing the grammar for this feature.'
ship1254,BATCH,GB409_15,1,,MISSING_SOURCE,'No source reference provided. Recommend citing the grammar for this feature.'
ship1254,BATCH,GB409_16,1,,MISSING_SOURCE,'No source reference provided. Recommend citing the grammar for this feature.'
ship1254,BATCH,GB409_17,1,,MISSING_SOURCE,'No source reference provided. Recommend citing the grammar for this feature.'
ship1254,BATCH,GB409_18,1,,MISSING_SOURCE,'No source reference provided. Recommend citing the grammar for this feature.'
ship1254,BATCH,GB409_19,1,,MISSING_SOURCE,'No source reference provided. Recommend citing the grammar for this feature.'
ship1254,BATCH,GB409_20,1,,MISSING_SOURCE,'No source reference provided. Recommend citing the grammar for this feature.'
ship1254,BATCH,GB409_21,1,,MISSING_SOURCE,'No source reference provided. Recommend citing the grammar for this feature.'
ship1254,BATCH,GB409_22,1,,MISSING_SOURCE,'No source reference provided. Recommend citing the grammar for this feature.'
ship1254,BATCH,GB409_23,1,,MISSING_SOURCE,'No source reference provided. Recommend citing the grammar for this feature.'
ship1254,BATCH,GB409_24,1,,MISSING_SOURCE,'No source reference provided. Recommend citing the grammar for this feature.'
yami1256,BATCH,GB409_1,0,,MISSING_SOURCE,'No source reference provided. Recommend citing the grammar for this feature.'
yami1256,BATCH,GB409_2,0,,MISSING_SOURCE,'No source reference provided. Recommend citing the grammar for this feature.'
yami1256,BATCH,GB409_3,0,,MISSING_SOURCE,'No source reference provided. Recommend citing the grammar for this feature.'
yami1256,BATCH,GB409_4,0,,MISSING_SOURCE,'No source reference provided. Recommend citing the grammar for this feature.'
yami1256,BATCH,GB409_5,1,,MISSING_SOURCE,'No source reference provided. Recommend citing the grammar for this feature.'
yami1256,BATCH,GB409_6,1,,MISSING_SOURCE,'No source reference provided. Recommend citing the grammar for this feature.'
yami1256,BATCH,GB409_7,1,,MISSING_SOURCE,'No source reference provided. Recommend citing the grammar for this feature.'
yami1256,BATCH,GB409_8,1,,MISSING_SOURCE,'No source reference provided. Recommend citing the grammar for this feature.'
yami1256,BATCH,GB409_9,1,,MISSING_SOURCE,'No source reference provided. Recommend citing the grammar for this feature.'
yami1256,BATCH,GB409_10,1,,MISSING_SOURCE,'No source reference provided. Recommend citing the grammar for this feature.'
yami1256,BATCH,GB409_11,1,,MISSING_SOURCE,'No source reference provided. Recommend citing the grammar for this feature.'
yami1256,BATCH,GB409_12,1,,MISSING_SOURCE,'No source reference provided. Recommend citing the grammar for this feature.'
yami1256,BATCH,GB409_13,1,,MISSING_SOURCE,'No source reference provided. Recommend citing the grammar for this feature.'
yami1256,BATCH,GB409_14,1,,MISSING_SOURCE,'No source reference provided. Recommend citing the grammar for this feature.'
yami1256,BATCH,GB409_15,1,,MISSING_SOURCE,'No source reference provided. Recommend citing the grammar for this feature.'
yami1256,BATCH,GB409_16,1,,MISSING_SOURCE,'No source reference provided. Recommend citing the grammar for this feature.'
yami1256,BATCH,GB409_17,1,,MISSING_SOURCE,'No source reference provided. Recommend citing the grammar for this feature.'
yami1256,BATCH,GB409_18,1,,MISSING_SOURCE,'No source reference provided. Recommend citing the grammar for this feature.'
yami1256,BATCH,GB409_19,1,,MISSING_SOURCE,'No source reference provided. Recommend citing the grammar for this feature.'
yami1256,BATCH,GB409_20,1,,MISSING_SOURCE,'No source reference provided. Recommend citing the grammar for this feature.'
yami1256,BATCH,GB409_21,1,,MISSING_SOURCE,'No source reference provided. Recommend citing the grammar for this feature.'
yami1256,BATCH,GB409_22,0,,MISSING_SOURCE,'No source reference provided. Recommend citing the grammar for this feature.'
yami1256,BATCH,GB409_23,1,,MISSING_SOURCE,'No source reference provided. Recommend citing the grammar for this feature.'
yami1256,BATCH,GB409_24,0,,MISSING_SOURCE,'No source reference provided. Recommend citing the grammar for this feature.'
hunz1247,Hunzib,GB409_5,0,1,VALUE_CORRECTED,"Van den Berg (1995:42) section 3.4.2 gives full NP ergative examples in PRESENT tense: ol-di-l m-uq es (boy-OBL-ERG eat-PRES apple); wexa-l-lo n-uq xo (shepherd-OBL-ERG eat-PRES meat). Section 6.4.2 (p.122-123) confirms Agent+Patient [ERG+NOM] transitive pattern with full NPs. Original value 0 is incorrect."
hunz1247,Hunzib,GB409_9,0,,VALUE_FLAGGED,"Present-tense and intentional/future examples show ERG on A (Van den Berg 1995:42, 86). If ERG is unrestricted across tenses, value should be corrected to 1 and the batch correction to GB409_22 should be reverted to 0."
hunz1247,Hunzib,GB409_22,1,,COMMENT,"Batch correction (0→1) was based on apparent tense split (GB409_8=1, GB409_9=0). PDF review shows GB409_9=0 may be wrong. If GB409_9 corrected to 1, GB409_22 should revert to 0. Resolution pending GB409_9 verification."
japh1234,Japhug,GB409_5,0,1,VALUE_CORRECTED,"Jacques (2004:464) example (340) shows full NP with ERG suffix -kə: tə-rmi-ndʒês-kə (homme-duel-ERG). P.465 confirms: 'l'actant marqué à l'ergatif des verbes transitifs'. Same page cited for GB409_4=1 and GB409_5=0 is internally inconsistent. Corrected to 1."
kaba1278,Kabardian,GB409_5,0,1,VALUE_CORRECTED,"Applebaum (2013:77) Table 3.25 explicitly shows common nouns ERG=-m. Same marker as 3rd person singular pronouns. Value 0 is incorrect; corrected to 1."
naru1238,Narungga,GB409_5,0,,DATA_QUALITY,"Value 0 defensible but requires context. Eira (2010:55) explicitly states historical data insufficient for ergative/absolutive distinction in full NPs. Pronoun ERG forms (GB409_2-4=1) are workshop-reconstructed. Full NP ERG is unattested; Proto Thura-Yura *-nggu/-lu is hypothesised but not confirmed for synchronic Narungga."
east2379,Mparntwe Arrernte,GB409_5,,1,VALUE_ANNOTATED,"Feature was blank. Henderson (2013:13): full NPs have distinct ERG case (NOM/ACC are syncretised in nominals but ERG is separate). Consistent with pronoun pattern (GB409_2=1 for 1sg, GB409_3/4=0 for other persons where ERG/NOM are syncretised)."
hunz1247,Hunzib,GB409_9,0,1,VALUE_CORRECTED,"Van den Berg (1995:84-86) shows ERG on NPs in aorist (non-past/habitual): o:>.u-l kec' ix-6: (that/OBL-ERG sing-AOR); future: ol.u-l b-ox-6cr (that/OBL-ERG 4-buy-FUT); intentional: ol.u-l da heh-a (that/OBL-ERG me hit-INF). ERG is not restricted to past tenses."
hunz1247,Hunzib,GB409_22,1,0,VALUE_CORRECTED,"Batch-correction (0→1) was premised on tense-based split (GB409_9=0). Since GB409_9 is now confirmed as 1 (ERG in non-past), there is no split and no conditioning factor. Original value 0 confirmed and restored."
iaai1238,Iaai,ALL_FEATURES,?,0,VALUE_RESOLVED,"Iaai is nominative-accusative with no ergative alignment. Ozanne-Rivierre (1976:148-149) §4.37-4.39: Personnels 1 mark both intransitive S and transitive A (same paradigm). NPs are unmarked (§4.3, p.133). Transitivity marked on verb, not NPs. All 24 features changed from ? to 0."
ilon1239,Ilongot,GB409_1,?,1,VALUE_RESOLVED,"Ilongot has ergative-absolutive alignment (Philippine focus system). NOM marker ma marks absolutive ..."
ilon1239,Ilongot,GB409_2,?,1,VALUE_RESOLVED,"GEN pronoun =ko (1sg agent) vs NOM =/(C)ak (1sg S/O). Liao (2008:5-6) Table 1 and §4.2.2: NOM pronou..."
ilon1239,Ilongot,GB409_3,?,1,VALUE_RESOLVED,"GEN pronoun =mo (2sg agent) vs NOM =ka (2sg S/O). Liao (2008:5-6) Table 1 and §4.2.2. Same pattern a..."
ilon1239,Ilongot,GB409_4,?,1,VALUE_RESOLVED,"GEN pronoun =to/=tu (3sg agent) vs no NOM 3sg form (zero/absent). Liao (2008:5-6) Table 1: 3sg NOM i..."
ilon1239,Ilongot,GB409_5,?,1,VALUE_RESOLVED,"Full NP: ni (GEN, agent marker) vs ma (NOM, patient/S marker). Liao (2008:3) ex.(4): kinan ni Madiya..."
ilon1239,Ilongot,GB409_6,?,?,SOURCE_INSUFFICIENT,"Liao (2008) is a 10-page preliminary study covering only word order and pronoun ..."
ilon1239,Ilongot,GB409_7,?,?,SOURCE_INSUFFICIENT,"Liao (2008) is a 10-page preliminary study covering only word order and pronoun ..."
ilon1239,Ilongot,GB409_8,?,?,SOURCE_INSUFFICIENT,"Liao (2008) is a 10-page preliminary study covering only word order and pronoun ..."
ilon1239,Ilongot,GB409_9,?,?,SOURCE_INSUFFICIENT,"Liao (2008) is a 10-page preliminary study covering only word order and pronoun ..."
ilon1239,Ilongot,GB409_10,?,?,SOURCE_INSUFFICIENT,"Liao (2008) is a 10-page preliminary study covering only word order and pronoun ..."
ilon1239,Ilongot,GB409_11,?,?,SOURCE_INSUFFICIENT,"Liao (2008) is a 10-page preliminary study covering only word order and pronoun ..."
ilon1239,Ilongot,GB409_12,?,?,SOURCE_INSUFFICIENT,"Liao (2008) is a 10-page preliminary study covering only word order and pronoun ..."
ilon1239,Ilongot,GB409_13,?,?,SOURCE_INSUFFICIENT,"Liao (2008) is a 10-page preliminary study covering only word order and pronoun ..."
ilon1239,Ilongot,GB409_14,?,?,SOURCE_INSUFFICIENT,"Liao (2008) is a 10-page preliminary study covering only word order and pronoun ..."
ilon1239,Ilongot,GB409_15,?,?,SOURCE_INSUFFICIENT,"Liao (2008) is a 10-page preliminary study covering only word order and pronoun ..."
ilon1239,Ilongot,GB409_16,?,?,SOURCE_INSUFFICIENT,"Liao (2008) is a 10-page preliminary study covering only word order and pronoun ..."
ilon1239,Ilongot,GB409_17,?,?,SOURCE_INSUFFICIENT,"Liao (2008) is a 10-page preliminary study covering only word order and pronoun ..."
ilon1239,Ilongot,GB409_18,?,?,SOURCE_INSUFFICIENT,"Liao (2008) is a 10-page preliminary study covering only word order and pronoun ..."
ilon1239,Ilongot,GB409_19,?,?,SOURCE_INSUFFICIENT,"Liao (2008) is a 10-page preliminary study covering only word order and pronoun ..."
ilon1239,Ilongot,GB409_20,?,?,SOURCE_INSUFFICIENT,"Liao (2008) is a 10-page preliminary study covering only word order and pronoun ..."
ilon1239,Ilongot,GB409_21,?,?,SOURCE_INSUFFICIENT,"Liao (2008) is a 10-page preliminary study covering only word order and pronoun ..."
ilon1239,Ilongot,GB409_22,?,?,SOURCE_INSUFFICIENT,"Liao (2008) is a 10-page preliminary study covering only word order and pronoun ..."
ilon1239,Ilongot,GB409_23,?,1,VALUE_RESOLVED,"ERG=GEN: The ergative/agent marker IS the genitive marker in Ilongot. Liao (2008:4) §4.2.1: "the gen..."
ilon1239,Ilongot,GB409_24,?,?,SOURCE_INSUFFICIENT,"Liao (2008) is a 10-page preliminary study covering only word order and pronoun ..."
kara1500,Karajá,GB409_1,1,1,VALUE_FLAGGED,"FLAGGED: Value 1 cannot be confirmed from cited source (Ribeiro 2012:257). Page 257 discusses nominalized complements where possessive prefixes (wa- 1sg, a- 2sg, i- 3sg) mark the absolutive argument o"
kara1500,Karajá,GB409_2,?,0,VALUE_RESOLVED,"Original value ""?"" resolved to 0. Free pronouns (dIkará̩ ""I"", kai ""you"", Ʌ́kɪ ""s/he"") are the same for S (intransitive subject) and A (transitive subject) — nominative pattern. Pronominal objects are "
kara1500,Karajá,GB409_3,?,0,VALUE_RESOLVED,"Original value ""?"" resolved to 0. Same evidence as GB409_2: free pronouns show no ergative-absolutive distinction (nominative pattern). Source: Ribeiro 2012:174, 191-192."
kara1500,Karajá,GB409_4,?,0,VALUE_RESOLVED,"Original value ""?"" resolved to 0. Third person free pronoun Ʌ́kɪ ""s/he"" is used for both intransitive S and transitive A (nominative pattern). Third person objects are incorporated into the verb. Sour"
kara1500,Karajá,GB409_5,?,0,VALUE_RESOLVED,"Original value ""?"" resolved to 0. Full NPs show no overt case marking. Ribeiro (2012:51) explicitly states: ""when both subject and object are nouns, they can only be distinguished by the word order, c"
kara1500,Karajá,GB409_6,?,0,VALUE_RESOLVED,"Resolved to 0. No ergative flagging in Karajá (nominative-accusative language, Ribeiro 2012:54,174). No aspect-conditioned case split possible. Source: Ribeiro 2012."
kara1500,Karajá,GB409_7,?,0,VALUE_RESOLVED,Resolved to 0. No ergative flagging in Karajá. Source: Ribeiro 2012.
kara1500,Karajá,GB409_8,?,0,VALUE_RESOLVED,Resolved to 0. No ergative flagging in Karajá. Source: Ribeiro 2012.
kara1500,Karajá,GB409_9,?,0,VALUE_RESOLVED,Resolved to 0. No ergative flagging in Karajá. Source: Ribeiro 2012.
kara1500,Karajá,GB409_10,?,0,VALUE_RESOLVED,Resolved to 0. No ergative flagging in Karajá. Source: Ribeiro 2012.
kara1500,Karajá,GB409_11,?,0,VALUE_RESOLVED,Resolved to 0. No ergative flagging in Karajá. Source: Ribeiro 2012.
kara1500,Karajá,GB409_12,?,0,VALUE_RESOLVED,Resolved to 0. No ergative flagging in Karajá. Source: Ribeiro 2012.
kara1500,Karajá,GB409_13,?,0,VALUE_RESOLVED,Resolved to 0. No ergative flagging in Karajá. Source: Ribeiro 2012.
kara1500,Karajá,GB409_14,?,0,VALUE_RESOLVED,Resolved to 0. No ergative flagging in Karajá. Source: Ribeiro 2012.
kara1500,Karajá,GB409_15,?,0,VALUE_RESOLVED,Resolved to 0. No ergative flagging in Karajá. Source: Ribeiro 2012.
kara1500,Karajá,GB409_16,?,0,VALUE_RESOLVED,Resolved to 0. No ergative flagging in Karajá. Source: Ribeiro 2012.
kara1500,Karajá,GB409_17,?,0,VALUE_RESOLVED,Resolved to 0. No ergative flagging in Karajá. Source: Ribeiro 2012.
kara1500,Karajá,GB409_18,?,0,VALUE_RESOLVED,Resolved to 0. No ergative flagging in Karajá. Source: Ribeiro 2012.
kara1500,Karajá,GB409_19,?,0,VALUE_RESOLVED,Resolved to 0. No ergative flagging in Karajá. Source: Ribeiro 2012.
kara1500,Karajá,GB409_20,?,0,VALUE_RESOLVED,Resolved to 0. No ergative flagging in Karajá. Source: Ribeiro 2012.
kara1500,Karajá,GB409_21,?,0,VALUE_RESOLVED,Resolved to 0. No ergative flagging in Karajá. Source: Ribeiro 2012.
kara1500,Karajá,GB409_22,?,0,VALUE_RESOLVED,"Resolved to 0. No ergative flagging in Karajá, so no conditioning factor applies. Source: Ribeiro 2012."
kara1500,Karajá,GB409_23,?,0,VALUE_RESOLVED,"Resolved to 0. No ergative marker exists in Karajá. Genitive/possessive uses prefixes (wa-, a-, i-) on the possessed noun, which have no ergative function. Source: Ribeiro 2012:52."
kara1500,Karajá,GB409_24,?,0,VALUE_RESOLVED,Resolved to 0. No ergative marker exists in Karajá. The instrumental postposition èdɪ is distinct from any argument-marking morphology. Source: Ribeiro 2012:234.
moro1289,Marori,GB409_3,?,1,VALUE_RESOLVED,"Original ""?"" resolved to 1. Table 1 (Arka 2012:152) lists 2SG ka with undergoer prefix k- on the verb. The =i absolutive clitic marks all U arguments (P and patientive S) regardless of person. While no direct ka=i example is cited, the paradigm is sy"
moro1289,Marori,GB409_4,?,1,VALUE_RESOLVED,"Original ""?"" resolved to 1. Table 1 (Arka 2012:152) shows 3SG efi and 3NonSG emnde with zero undergoer prefix on verb (Ø), but the =i clitic still attaches to the U pronoun/NP itself. This is confirmed by full-NP examples such as Robertus=i, Maria=i "
moro1289,Marori,GB409_6,?,1,VALUE_RESOLVED,Resolved to 1. The =i absolutive marker is not conditioned by aspect. Examples across different aspect/tense contexts show consistent =i marking on U arguments. Source: Arka 2012:153-154.
moro1289,Marori,GB409_7,?,1,VALUE_RESOLVED,"Resolved to 1. Perfective examples: tamba=na Robertus=i ... feri (already=1SG Robertus=U ... give.RPST, ex.6a p.154). =i present with remote past (perfective). Source: Arka 2012:154."
moro1289,Marori,GB409_8,1,1,VALUE_REVIEWED,"Resolved to 1. Multiple past-tense examples show =i on U: na=i ... kaswa=ri-ma-m (hit=1-AUX-2/3NonPL.PST, ex.5b p.154); Robertus=i ... feri (ex.6a p.154). Source: Arka 2012:153-154."
moro1289,Marori,GB409_9,?,1,VALUE_RESOLVED,"Resolved to 1. Present/non-past example: daka=i taw=Ø-ramon (water=U take=3-AUX.1NonPL.PST, ex.7b p.154) and di Ø-nda-Ø (NPST, ex.7a). The =i marking is not conditioned by tense. Source: Arka 2012:154."
moro1289,Marori,GB409_10,?,1,VALUE_RESOLVED,Resolved to 1. All attested examples with =i are in the indicative mood. Source: Arka 2012:153-154.
moro1289,Marori,GB409_11,?,?,SOURCE_INSUFFICIENT,"SOURCE_INSUFFICIENT. Non-indicative moods (imperative, subjunctive, etc.) and their interaction with =i marking are not discussed in this 24-page article. Value remains ""?"" pending a fuller grammar. Source: Arka 2012 (no relevant examples)."
moro1289,Marori,GB409_12,?,1,VALUE_RESOLVED,Resolved to 1. All attested examples are realis contexts. Source: Arka 2012:153-154.
moro1289,Marori,GB409_13,?,?,SOURCE_INSUFFICIENT,"SOURCE_INSUFFICIENT. Irrealis contexts not attested with =i in this article. Value remains ""?"" pending a fuller grammar. Source: Arka 2012."
moro1289,Marori,GB409_14,?,1,VALUE_RESOLVED,Resolved to 1. Ergative alignment of flagging (=i on U) is consistently present when A is agentive (all transitive examples). Source: Arka 2012:153-154.
moro1289,Marori,GB409_15,?,?,SOURCE_INSUFFICIENT,"SOURCE_INSUFFICIENT. Non-agentive A (experiencer-type) constructions are not discussed in this article. Value remains ""?"". Source: Arka 2012."
moro1289,Marori,GB409_16,?,?,SOURCE_INSUFFICIENT,"SOURCE_INSUFFICIENT. Topicality as a conditioning factor for =i is not discussed in this article. Value remains ""?"". Source: Arka 2012."
moro1289,Marori,GB409_17,?,?,SOURCE_INSUFFICIENT,SOURCE_INSUFFICIENT. Topicality conditioning not discussed. Source: Arka 2012.
moro1289,Marori,GB409_18,?,?,SOURCE_INSUFFICIENT,SOURCE_INSUFFICIENT. Animacy as a conditioning factor for =i is not discussed. Source: Arka 2012.
moro1289,Marori,GB409_19,?,?,SOURCE_INSUFFICIENT,SOURCE_INSUFFICIENT. Animacy conditioning not discussed. Source: Arka 2012.
moro1289,Marori,GB409_20,1,1,VALUE_REVIEWED,Resolved to 1. All examples with =i are in main clauses. Source: Arka 2012:153-154.
moro1289,Marori,GB409_21,?,?,SOURCE_INSUFFICIENT,"SOURCE_INSUFFICIENT. The article does not discuss =i in subordinate/relative clauses specifically. Value remains ""?"". Source: Arka 2012."
moro1289,Marori,GB409_22,1,1,VALUE_REVIEWED,"Resolved to 1. The absolutive =i marking is conditioned by split intransitivity: patientive S of STATE predicates → =i (example 3a: na=i patar ""I suffered from cold""); patientive S of MOTION predicates → suffix agreement instead (example 4: pa=saron-"
moro1289,Marori,GB409_23,?,0,VALUE_RESOLVED,"Resolved to 0. There is no distinct ERGATIVE case marker in Marori. Transitive A (actor) is zero-marked; the language uses an ABSOLUTIVE marker =i (not ergative marking). Genitive/possessive uses a different marker (=na/=n for beneficiary, p.154). So"
moro1289,Marori,GB409_24,?,0,VALUE_RESOLVED,Resolved to 0. No distinct ergative marker exists; A is zero-marked. The instrumental is not discussed as related to the absolutive =i. Source: Arka 2012:152-154.
hurr1240,Hurrian,GB409_6,?,1,VALUE_RESOLVED,"Resolved to 1. Hurrian ergative case (-š) is not conditioned by aspect. The imperfective/future aspect (suffix -et-, Wegner 2007:86-87) uses the same ergative marking as other aspects. Table 1 (pp.64-65) shows no aspect conditioning. Source: Wegner 2"
hurr1240,Hurrian,GB409_7,?,1,VALUE_RESOLVED,"Resolved to 1. Perfective/preterite aspect (suffix -os-, Wegner 2007:86-87) shows the same ergative alignment. Ergative (-š) marks A consistently. Source: Wegner 2007:64-65, 86-87."
hurr1240,Hurrian,GB409_8,?,1,VALUE_RESOLVED,"Resolved to 1. Preterite (past) tense forms show ergative alignment; preterite uses perfective aspect suffix -os-. Ergative (-š) applies in past tense. Source: Wegner 2007:64-65, 86-87."
hurr1240,Hurrian,GB409_9,?,1,VALUE_RESOLVED,"Resolved to 1. Present/non-past tense (null aspect marker, Wegner 2007:86) also shows ergative alignment. Ergative is not conditioned by tense. Source: Wegner 2007:64-65, 86-87."
hurr1240,Hurrian,GB409_11,?,1,VALUE_RESOLVED,"Resolved to 1. Non-indicative forms (Jussiv/jussive, section 5.6, Wegner 2007:102-103) also show the transitive/intransitive (ergative/absolutive) distinction. Ergative alignment extends to non-indicative moods. Source: Wegner 2007:102-103."
hurr1240,Hurrian,GB409_12,?,1,VALUE_RESOLVED,"Resolved to 1. Realis (indicative) forms consistently show ergative alignment (GB409_10=1 already confirmed). Source: Wegner 2007:64-65, 94."
hurr1240,Hurrian,GB409_13,?,1,VALUE_RESOLVED,"Resolved to 1. Irrealis/non-indicative forms (jussive section 5.6, Wegner 2007:102-103) also show the transitive-ergative distinction. Ergative alignment applies in irrealis contexts. Source: Wegner 2007:102-103."
hurr1240,Hurrian,GB409_14,?,1,VALUE_RESOLVED,Resolved to 1. Ergative marks all A arguments in transitive sentences. No restriction to agentive A is mentioned. Source: Wegner 2007:64-67.
hurr1240,Hurrian,GB409_15,?,1,VALUE_RESOLVED,"Resolved to 1. The grammar (Wegner 2007:66-67) defines the ergative as ""Subjektkasus in transitiven objekthaltigen Sätzen"" (subject case in transitive sentences with object) without any restriction to agentive A. No evidence of absolutive marking for"
hurr1240,Hurrian,GB409_16,?,1,VALUE_RESOLVED,Resolved to 1. No topicality conditioning of the ergative case is mentioned in Wegner (2007). Ergative marks all A arguments regardless of topicality. Source: Wegner 2007:64-67.
hurr1240,Hurrian,GB409_17,?,1,VALUE_RESOLVED,Resolved to 1. No topicality conditioning mentioned; ergative applies uniformly. Source: Wegner 2007:64-67.
hurr1240,Hurrian,GB409_18,?,1,VALUE_RESOLVED,Resolved to 1. No animacy hierarchy for ergative marking mentioned in Wegner (2007). Animate A takes ergative. Source: Wegner 2007:64-67.
hurr1240,Hurrian,GB409_19,?,1,VALUE_RESOLVED,Resolved to 1. No animacy conditioning mentioned; ergative applies to both animate and inanimate A arguments. Source: Wegner 2007:64-67.
hurr1240,Hurrian,GB409_20,?,1,VALUE_RESOLVED,Resolved to 1. Main clause ergative alignment confirmed by all cited examples. Source: Wegner 2007:64-67.
hurr1240,Hurrian,GB409_21,?,1,VALUE_RESOLVED,"Resolved to 1. Ergative case marking persists in subordinate/relative clauses. The relative pronoun is always absolutive (Wegner 2007:84-85) because it relativizes the absolutive position, but full NPs in transitive subordinate clauses still take erg"
hurr1240,Hurrian,GB409_22,?,0,VALUE_RESOLVED,"Resolved to 0. Hurrian ergative is not conditioned by any additional factor beyond standard transitivity (presence of object). The ergative applies uniformly regardless of tense, aspect, mood, animacy, or topicality. The antipassive construction (abs"
guru1261,Gurung,GB409_1,?,0,VALUE_RESOLVED,"Resolved to 0. Absolutive (S and O) is zero-marked in Gurung. Table 4 (p.74) and Fig.14 (p.77) show Intransitive Subject: UM (unmarked) and Transitive Object: UM (unmarked). Glover (p.71) describes the system as ""nominative-ergative"" (= ergative-absolutive), meaning A takes -d and S/O are zero. Source: Glover 1974:70-77."
guru1261,Gurung,GB409_2,?,1,VALUE_RESOLVED,"Resolved to 1. 1sg pronoun Qa/Ia takes ergative -d in transitive clauses: ""Qa-d ... ax-ca-syo"" (me-ER not-eat-EM, p.82 ex.42); ""Ia-dl ... bo-la"" (me-ER take-PLUP, p.77 ex.24). Source: Glover 1974:77,82."
guru1261,Gurung,GB409_3,?,1,VALUE_RESOLVED,"Resolved to 1. 2sg pronoun kxl takes ergative -d: ""kxl-d ax-bl-le tl-Ql-d"" (you-ER stay-IM, p.85 ex.49). Also attested at p.85 ex.51-52 with 2nd person topic+ergative stacking. Source: Glover 1974:84-85."
guru1261,Gurung,GB409_6,?,1,VALUE_RESOLVED,"Resolved to 1. Ergative marking occurs in non-past (imperfective) tenses. Ex.26 (p.77-78): ""Ixy6-d ... ka'gada Ixyo-m"" (we.INCL-ER paper look.at-NP); ex.27 (p.78): ""bomw~-d puja la-m"" (Brahmin-ER do-NP). Both use nonpast suffix -m. Source: Glover 1974:77-78."
guru1261,Gurung,GB409_7,?,1,VALUE_RESOLVED,"Resolved to 1. Ergative marking occurs in perfective/past tenses. Ex.24 (p.77): ""Ia-dl bo-la"" (me-ER take-PLUP); ex.43 (p.83): ""a99a-d cha'b thaudi-f"" (office-ER stamp affix-PA). Source: Glover 1974:77,83."
guru1261,Gurung,GB409_8,?,1,VALUE_RESOLVED,"Resolved to 1. Ergative marking occurs consistently in past tenses (past -l/-i and pluperfect -la/-lu). Multiple examples: ex.24 ""Ia-dl bo-la"" (p.77), ex.43 ""a99a-d thaudi-f"" (p.83). Source: Glover 1974:77,83."
guru1261,Gurung,GB409_9,?,1,VALUE_RESOLVED,"Resolved to 1. Ergative marking occurs in non-past tenses. Ex.26 (p.77-78): ""Ixy6-d ka'gada Ixyo-m"" (we.INCL-ER paper look.at-NP); ex.27 (p.78): ""bomw~-d puja la-m"" (Brahmin-ER do-NP). Both use nonpast -m with ergative-marked agent. Source: Glover 1974:77-78."
guru1261,Gurung,GB409_11,?,1,VALUE_RESOLVED,"Resolved to 1. Ergative -d appears in non-indicative (imperative) forms. Ex.49 (p.85): ""kxl-d ax-bl-le tl-Ql-d"" (you-ER [without-saying-anything] stay-IM) — ergative-marked 2sg in imperative clause. As a case clitic, -d applies regardless of mood. Source: Glover 1974:85."
guru1261,Gurung,GB409_13,?,1,VALUE_RESOLVED,"Resolved to 1. Ergative marking is not conditioned by realis/irrealis status. Glover's categorical statement (p.76): ""ergative for the Transitive Clause."" Ex.29 (p.122): ""l~ma-d ... ax-cxu-m~la"" (lama-ER not-prepare-PLUP.HAB) shows ergative with habituative -mala (modal). The unreal -mala (apodosis, ex.27, p.122) has OCR-ambiguous text but no exception to ergative is stated. Source: Glover 1974:74-77,122."
guru1261,Gurung,GB409_15,?,1,VALUE_RESOLVED,"Resolved to 1. Non-agentive A (Instrument, Non-instigative Cause) takes ergative -d. Table 4 (p.74) lists Transitive Subject roles as ""A, C, AX"" where C = Cause/Instrument; all take ER marking. Ex.25 (p.77-78): ""n~'-d ... p~'-l"" (rain-ER soak-PA) — rain = Non-instigative Cause with ergative. Book p.30 states Instrumental is realized with -d. Source: Glover 1974:30,74,77-78."
guru1261,Gurung,GB409_17,?,1,VALUE_RESOLVED,"Resolved to 1. Non-topical agents take ergative. Most ergative-marked agents in the corpus carry no topic particle (e.g., ex.25 ""n~'-d"", ex.43 ""a99a-d"", ex.27 ""bomw~-d""). Crucially, ex.51-52 (pp.84-85) show agents taking BOTH ergative AND topic marker simultaneously (-d-am = ER+TOPIC), confirming ergative is not replaced by topic-marking. Source: Glover 1974:82-85."
guru1261,Gurung,GB409_19,?,1,VALUE_RESOLVED,"Resolved to 1. Inanimate agents take ergative -d. Ex.25 (p.77-78): ""n~'-d ... p~'-l"" (rain-ER soak-PA); ex.43 (p.83): ""a99a-d cha'b thaudi-f"" (office-ER stamp affix-PA). Source: Glover 1974:77-78,83."
guru1261,Gurung,GB409_21,?,1,VALUE_RESOLVED,"Resolved to 1. Ergative -d is a case clitic (postposition) applying to transitive subjects generally, not restricted to main clauses. Glover (p.71) describes it as part of the ""case-marking system"" and Table 4 (p.74) applies uniformly across clause types. No restriction to main clauses is stated. Direct evidence from non-main clauses is limited (agents typically deleted), but no exception is noted. Source: Glover 1974:71-74."
guru1261,Gurung,GB409_22,?,0,VALUE_RESOLVED,"Resolved to 0. Ergative alignment is not conditioned by any additional factor beyond transitivity. Glover's categorical description (p.76): ""ergative for the Transitive Clause"" and ""unmarked for the Loc-Intransitive."" The suffix -d applies consistently to all transitive subjects (Agent, Cause, Agent-Experiencer) across tenses, moods, and animacy conditions. Source: Glover 1974:70-78."
guru1261,Gurung,GB409_23,?,0,VALUE_RESOLVED,"Resolved to 0. Ergative suffix -d is formally distinct from genitive/possessive -e (or -a). Case table (p.70): Ergative=-d, Genitive=-e. Ex.: ""surje mae a'ba'"" = ""Surje's father"" uses -e (genitive), while ""a'ba'-d"" = ""father-ER"" uses -d (ergative). Source: Glover 1974:70."
guru1261,Gurung,GB409_24,?,0,VALUE_RESOLVED,"Resolved to 0. Ergative suffix -d is formally distinct from comitative -ne/-na. Case table (p.70): Ergative=-d, Comitative=-ne/-na. These are distinct postpositions. Source: Glover 1974:70."
lepc1244,Lepcha,GB409_1,0,0,SOURCE_ADDED,Value 0 confirmed. Absolutive is zero-marked; -nun~-nu is the ergative/ablative marker on A arguments only. Source added: Plaisier 2007:127-129.
lepc1244,Lepcha,GB409_2,1,1,SOURCE_ADDED,"Value 1 confirmed. 1sg pronoun go takes -nu ergative: ex.241 ""go-nu taso Pyok ma-zuk-ne"" (1S-ABL yesterday work NEG-make-NEG); ex.242 ""go-nu hudo-sa...taPyukup-re-m"" (1S-ABL...hit-PRF). Source added: Plaisier 2007:128."
lepc1244,Lepcha,GB409_3,1,1,SOURCE_ADDED,Value 1 confirmed. 2sg pronoun ho participates in the general -nun~-nu ergative system; no person restriction mentioned. Source added: Plaisier 2007:127-129.
lepc1244,Lepcha,GB409_4,1,1,SOURCE_ADDED,"Value 1 confirmed. 3rd person NPs/pronouns take -nun~-nu: ex.240 ""kaju-nun Pong-re-m tsuk ma"" (dog-ABL boy bite); ex.243 ""hudo-sa daughter-ABL...hit AST."" Source added: Plaisier 2007:128."
lepc1244,Lepcha,GB409_5,1,1,SOURCE_ADDED,"Value 1 confirmed. Full NPs (animate) take -nun~-nu: ""kaju-nun"" (dog, ex.240), ""Dorji-nun"" (proper noun, ex.28 p.62), ""muro-nu"" (man, ex.30 p.62), ""Palyu-nun-do"" (cat, ex.36 p.65). Source added: Plaisier 2007:62,65,128."
lepc1244,Lepcha,GB409_6,1,1,SOURCE_ADDED,"Value 1 confirmed. -nun~-nu is less likely with imperfective/non-completed events but CAN occur (optional, probabilistic marker). Source added: Plaisier 2007:127-129."
lepc1244,Lepcha,GB409_7,1,1,SOURCE_ADDED,"Value 1 confirmed. Perfective/completed events are the prototypical context for -nun~-nu. Plaisier (2007:128): ""more likely to occur in the past tense because...the activity has already actually taken place."" Source added: Plaisier 2007:127-129."
lepc1244,Lepcha,GB409_8,1,1,SOURCE_ADDED,Value 1 confirmed. Past tense is the primary context for ergative -nun~-nu (ex.240-243 all past/completed). Source added: Plaisier 2007:127-129.
lepc1244,Lepcha,GB409_9,1,1,DATA_QUALITY,"Value 1 retained with caveat. -nun~-nu is less likely in non-past tenses but not excluded (optional marker). No direct non-past example with nominal -nun~-nu verified; all confirmed examples are past/completed. Plaisier (2007:128): ""more likely in past tense"" — implies possible in non-past. Source: Plaisier 2007:127-129."
lepc1244,Lepcha,GB409_10,1,1,SOURCE_ADDED,"Value 1 confirmed. All attested ergative -nun~-nu examples are in indicative mood (assertive particle ma, declarative). Source added: Plaisier 2007:127-129."
lepc1244,Lepcha,GB409_11,1,1,SOURCE_ADDED,Value 1 retained. -nun~-nu is a case clitic with no stated mood restriction. No direct non-indicative example confirmed from ergativity section. Source added: Plaisier 2007:127-129.
lepc1244,Lepcha,GB409_12,1,1,SOURCE_ADDED,Value 1 confirmed. All ergative examples are realis declaratives. Source added: Plaisier 2007:127-129.
lepc1244,Lepcha,GB409_13,1,1,DATA_QUALITY,"Value 1 retained with caveat. -nun~-nu can theoretically occur in irrealis contexts as an optional marker, but Plaisier (2007:128) states it is less likely when ""the activity has not yet been completed."" No direct irrealis example verified. Source: Plaisier 2007:127-129."
lepc1244,Lepcha,GB409_14,1,1,SOURCE_ADDED,"Value 1 confirmed. Agentive A is the prototypical context for -nun~-nu; ""volition on the part of the subject"" is an explicit conditioning factor. Source added: Plaisier 2007:127-129."
lepc1244,Lepcha,GB409_15,1,1,SOURCE_ADDED,"Value 1 confirmed. Plaisier (2007:127): ""-nun~-nu likewise marks the instrument whereby an activity is performed or may indicate the cause of an activity or state."" Non-agentive A (instrument/cause) takes -nun~-nu. Source added: Plaisier 2007:127."
lepc1244,Lepcha,GB409_16,1,1,SOURCE_ADDED,Value 1 confirmed. No topicality restriction on -nun~-nu mentioned. Source added: Plaisier 2007:127-129.
lepc1244,Lepcha,GB409_17,1,1,SOURCE_ADDED,"Value 1 confirmed. Non-topical agents take -nun~-nu (e.g., ""muro-nu"" ex.30, ""Palyu-nun-do"" ex.36). No topicality conditioning stated. Source added: Plaisier 2007:62,65,127-129."
lepc1244,Lepcha,GB409_18,1,1,SOURCE_ADDED,"Value 1 confirmed. Animate A is the primary condition: Plaisier (2007:127): ""-nun~-nu is used when an animate agent and an animate patient are linked by a transitive verb."" Source added: Plaisier 2007:127-129."
lepc1244,Lepcha,GB409_19,1,0,VALUE_CORRECTED,"Original value 1 corrected to 0 (by prior curation). Animacy is required for -nun~-nu; Plaisier (2007:127-129) explicitly lists animacy of the subject as a conditioning factor and states the marker applies ""when an animate agent and an animate patient are linked."" Inanimate A does not trigger -nun~-nu. Source: Plaisier 2007:127-129."
lepc1244,Lepcha,GB409_20,1,1,SOURCE_ADDED,Value 1 confirmed. All primary ergative examples are main declarative clauses. Source added: Plaisier 2007:127-129.
lepc1244,Lepcha,GB409_21,1,1,SOURCE_ADDED,"Value 1 confirmed with new evidence. Ergative -nun~-nu appears in non-main clauses: ex.28 (p.62) ""Dorji-nun zuk-tho"" in a relative clause (""the house that Dorji built""); ex.30 (p.62) ""muro-nu zuk-tho-bu"" in a factitive embedded clause; ex.31 (p.63) ""munju-sang-nu...dun-Pam-ba-re"" in a temporal subordinate clause. Source: Plaisier 2007:62-63."
lepc1244,Lepcha,GB409_22,1,1,SOURCE_ADDED,"Value 1 confirmed. Ergative -nun~-nu is conditioned by 5 factors: animacy of subject, volition, degree of control, transitivity, completedness of event. Plaisier (2007:129) explicitly lists all five. Source added: Plaisier 2007:127-129."
lepc1244,Lepcha,GB409_23,,0,VALUE_RESOLVED,"Original blank value set to 0 (by prior curation). Ergative -nun~-nu and genitive -sa are distinct markers. Ex.242-243 show ""hudo-sa"" (3S.OBL-GEN, possessive) and ""go-nu/daughter-nun"" (ergative) as separate morphemes. Source: Plaisier 2007:127-129."
lepc1244,Lepcha,GB409_24,1,1,SOURCE_ADDED,"Value 1 confirmed. -nun~-nu is the Lepcha ablative suffix used for ergative AND instrumental/comitative. Plaisier (2007:127): ""-nun~-nu marks the instrument whereby an activity is performed."" Same marker for ergative and instrumental. Source added: Plaisier 2007:127."
mais1250,Maisin,GB409_1,1,1,SOURCE_ADDED,"Value 1 confirmed. Focus marker =na attaches to O and patient-S (absolutive position); agent/instrument enclitic =en marks A. Frampton (2020:37): ""lending support to arguments for the existence of a partial ergative system."" Source added: Frampton 2020:12,37."
mais1250,Maisin,GB409_2,1,1,SOURCE_ADDED,Value 1 confirmed. 1sg a=en attested: ex.5.77-5.78. Source added: Frampton 2020:59-60.
mais1250,Maisin,GB409_3,1,1,SOURCE_ADDED,Value 1 confirmed. 2sg e=en attested: ex.5.73 imperative. Source added: Frampton 2020:59.
mais1250,Maisin,GB409_4,1,1,SOURCE_ADDED,"Value 1 confirmed. 3rd person pronouns take =en: ex.4.94 ""ei=en"" (3pl.pro=agt). Source added: Frampton 2020:42,59."
mais1250,Maisin,GB409_5,1,1,SOURCE_ADDED,"Value 1 confirmed. Full NPs take =en: ex.5.72 ""siko=en"" (pig), ex.5.49 ""sauki=en"" (wife). Source added: Frampton 2020:56,59."
mais1250,Maisin,GB409_6,1,1,SOURCE_ADDED,"Value 1 confirmed. No aspect conditioning on =en. Source added: Frampton 2020:12,59-60."
mais1250,Maisin,GB409_7,1,1,SOURCE_ADDED,Value 1 confirmed. =en in past/perfective contexts. Source added: Frampton 2020:59.
mais1250,Maisin,GB409_8,1,1,SOURCE_ADDED,"Value 1 confirmed. =en in past tense contexts. Source added: Frampton 2020:12,59-60."
mais1250,Maisin,GB409_9,1,1,SOURCE_ADDED,"Value 1 confirmed. =en not tense-restricted; pragmatically conditioned (focus), not tense-conditioned. Source added: Frampton 2020:12,59-60."
mais1250,Maisin,GB409_10,1,1,SOURCE_ADDED,"Value 1 confirmed. =en in indicative declaratives. Source added: Frampton 2020:12,59-60."
mais1250,Maisin,GB409_11,1,1,SOURCE_ADDED,"Value 1 confirmed. =en in imperative: ex.5.73 ""e=en yei ko-uki"" (2sg.pro=agt go.down, imperative). Source added: Frampton 2020:59."
mais1250,Maisin,GB409_12,1,1,SOURCE_ADDED,"Value 1 confirmed. =en in realis contexts. Source added: Frampton 2020:12,59-60."
mais1250,Maisin,GB409_13,1,1,SOURCE_ADDED,"Value 1 confirmed. No irrealis restriction on =en; marker is pragmatically motivated. Source added: Frampton 2020:12,59-60."
mais1250,Maisin,GB409_14,1,1,SOURCE_ADDED,Value 1 confirmed. Agentive A is prototypical context for =en. Source added: Frampton 2020:59.
mais1250,Maisin,GB409_15,1,1,SOURCE_ADDED,"Value 1 confirmed. Non-agentive A (instrument, cause): ex.5.74-5.75 instruments take =en; ex.5.76 ""forogi=en"" (cloud=agt) natural force. Source added: Frampton 2020:59."
mais1250,Maisin,GB409_16,1,1,SOURCE_ADDED,"Value 1 confirmed. Topical A takes =en. Source already cited, curated flag added: Frampton 2020:12,37,59-60."
mais1250,Maisin,GB409_17,1,1,SOURCE_ADDED,"Value 1 confirmed. Non-topical A takes =en: ex.5.76 ""forogi=en"" cloud (non-topicalized). Source already cited, curated flag added: Frampton 2020:12,37,59-60."
mais1250,Maisin,GB409_18,1,1,SOURCE_ADDED,Value 1 confirmed. Animate A is primary context for =en. Source added: Frampton 2020:59.
mais1250,Maisin,GB409_19,1,1,SOURCE_ADDED,"Value 1 confirmed. Inanimate A (natural forces) takes =en: ex.5.76 ""forogi=en"" (cloud=agt). Frampton (2020:59): ""marks nouns denoting a natural force such as wind, rain, clouds when functioning as subjects."" Source added: Frampton 2020:59."
mais1250,Maisin,GB409_20,1,1,SOURCE_ADDED,"Value 1 confirmed. =en in main clauses. Source added: Frampton 2020:12,59-60."
mais1250,Maisin,GB409_21,1,1,SOURCE_ADDED,"Value 1 confirmed. =en in non-main (medial/subordinate) clauses: ex.2.27 ""siko=en i-vasus-i=na"" (pig=agt, ds.sim medial clause); ex.5.53 serial construction. Source added: Frampton 2020:14,56."
mais1250,Maisin,GB409_22,0,0,SOURCE_ADDED,"Value 0 confirmed. =en has no morphosyntactic conditioning factor; its optionality is pragmatic (agent focus marking), not a morphosyntactic split by tense/aspect/person/animacy. Source added: Frampton 2020:59."
mais1250,Maisin,GB409_23,0,0,SOURCE_ADDED,"Value 0 confirmed. =en (agent/instrument) is formally distinct from all other enclitics; no shared form with genitive. Source added: Frampton 2020:35,59."
mais1250,Maisin,GB409_24,1,1,SOURCE_ADDED,"Value 1 confirmed. =en marks both agent AND instrument: ex.5.74-5.75 instruments take =en (same enclitic). Source already cited, curated flag added: Frampton 2020:59-60."
